attendance_percentage,midterm_score,historical_gpa,study_hours_per_week,subject_difficulty_score,ca_avg,rule_risk_score,final_score,pass_fail
78.11,59.2,2.31,15.7,0.374,55.38,0.34382,51.65,0
66.63,69.31,3.19,23.5,0.505,66.72,0.32539,69.1,1
98.21,71.17,2.69,15.0,0.918,59.06,0.21647,65.41,1
79.88,44.16,2.34,26.4,0.613,55.19,0.3824299999999999,60.38,1
66.58,49.74,2.12,20.6,0.227,51.25,0.43071,49.1,0
75.27,54.6,2.43,21.2,0.434,55.185,0.369565,57.83,0
76.38,77.46,3.4,27.8,0.605,74.53,0.23851,71.23,1
80.38,83.03,2.78,25.8,0.5860000000000001,67.545,0.2267549999999999,69.44,1
73.01,68.21,2.94,17.9,0.903,61.645,0.318395,59.82,0
77.47,52.2,2.49,17.3,0.7230000000000001,61.21,0.34989,66.68,1
76.82,63.18,2.96,28.1,0.327,68.16499999999999,0.298685,66.34,1
99.92,77.81,2.71,25.9,0.5980000000000001,69.92500000000001,0.1571149999999999,77.27,1
88.52,65.71,3.05,21.1,0.181,58.315,0.273845,67.16,1
89.35,57.75,2.16,23.7,0.946,55.73,0.30216,59.16,0
78.54,48.95,2.69,21.0,0.318,58.19,0.3644199999999999,60.84,1
95.89,75.3,3.3,28.3,0.866,67.47999999999999,0.1881,72.28,1
70.66,57.94,3.36,19.5,0.741,67.72,0.34038,59.57,0
77.83,66.05,2.37,22.6,0.631,68.38499999999999,0.285375,68.07,1
78.76,75.25,2.99,19.2,0.75,68.82499999999999,0.252735,74.77,1
66.53,70.1,3.01,26.7,0.597,66.62,0.32372,67.74,1
98.73,59.48,2.48,22.2,0.943,67.28,0.2247999999999999,68.17,1
77.55,58.68,2.36,15.2,0.367,49.395,0.365575,62.39,1
93.35,77.09,3.45,28.8,0.404,81.94,0.14951,75.91,1
88.52,81.58,3.97,21.3,0.394,80.44,0.15986,72.74,1
91.95,81.53,3.59,30.0,0.5650000000000001,73.8,0.16621,77.73,1
80.17,70.04,2.54,15.6,0.316,59.865,0.2896049999999999,66.84,1
90.01,59.09,2.0,17.6,0.782,61.725,0.277515,60.06,1
68.3,57.41,2.21,23.8,0.1139999999999999,63.6,0.36377,65.12,1
82.61,68.51,3.31,24.5,0.449,70.185,0.2534749999999999,71.12,1
93.72,55.9,3.01,18.9,0.135,67.67,0.25441,63.43,1
88.91,67.99,2.97,23.7,0.89,60.935,0.257585,66.24,1
84.18,73.33,3.08,17.5,0.8800000000000001,63.7,0.2521899999999999,61.49,1
95.04,81.98,3.61,30.5,0.388,78.515,0.1383549999999999,82.6,1
88.69,70.41,3.54,18.5,0.972,52.615,0.276165,63.8,1
91.65,54.23,2.46,15.1,0.988,59.6,0.2919099999999999,60.33,1
85.72,48.74,2.77,24.7,0.491,64.33,0.3179099999999999,59.18,0
65.4,60.61,2.81,19.2,0.357,59.175,0.3790449999999999,52.73,0
93.07,74.67,3.4,30.8,0.726,77.69,0.17064,77.65,1
83.31,73.66,3.82,20.1,0.353,85.9,0.18808,77.08,1
68.74,49.85,3.17,17.5,0.3339999999999999,53.620000000000005,0.4146299999999999,51.0,0
89.44,52.4,2.37,16.8,0.939,50.4,0.33384,52.9,0
79.39,62.06,3.46,27.2,0.133,69.56,0.2875799999999999,69.72,1
74.57,67.24,2.63,28.4,0.646,62.66,0.3120200000000001,66.8,1
66.64,64.3,3.43,27.8,0.532,57.72,0.36738,66.77,1
91.43,77.38,3.06,25.3,0.914,80.67500000000001,0.1601149999999999,71.45,1
96.87,90.33,3.97,26.7,0.16,80.47,0.1001199999999999,85.96,1
99.3,50.1,2.19,13.4,0.411,44.49,0.31903,54.58,0
99.06,73.19,3.71,23.1,0.581,74.625,0.160315,73.5,1
72.22,64.03,3.13,17.2,0.8859999999999999,57.865,0.345435,60.63,1
83.78,65.87,3.44,25.5,0.86,65.24,0.27155,64.46,1
83.62,64.36,2.67,16.0,0.39,57.26,0.30066,61.4,1
73.16,62.97,2.19,20.1,0.602,49.245000000000005,0.370715,60.22,1
80.11,52.43,2.21,27.9,0.645,62.620000000000005,0.3344099999999999,62.98,1
94.78,43.56,2.13,19.9,0.5820000000000001,48.14,0.34578,58.22,0
74.8,46.29,2.18,15.9,0.65,57.085,0.390675,55.35,0
97.62,52.87,2.0,21.0,0.716,56.68,0.28087,60.74,1
73.91,88.62,2.88,30.7,0.8480000000000001,73.805,0.2170849999999999,76.63,1
99.68,65.68,3.0,16.3,0.775,61.305,0.2203249999999999,67.2,1
70.73,79.31,3.38,22.0,0.835,66.39,0.2799799999999999,68.97,1
86.84,56.36,3.37,21.8,0.306,65.945,0.285725,65.71,1
69.09,62.09,3.17,23.3,0.905,63.63,0.3464799999999999,65.85,1
70.01,79.77,3.24,19.1,0.511,68.99000000000001,0.2736799999999999,69.41,1
78.91,54.09,3.02,24.0,0.588,62.955,0.333225,67.2,1
98.57,59.22,2.92,24.9,0.753,65.5,0.23156,65.83,1
97.62,85.52,3.77,28.2,0.482,85.10499999999999,0.097645,80.87,1
71.52,52.07,2.52,22.7,0.285,59.855,0.378145,59.58,0
65.16,53.24,2.14,23.2,0.507,50.975,0.426715,55.89,0
70.79,44.36,2.11,19.0,0.602,49.535,0.4351549999999999,53.39,0
67.99,63.7,2.72,27.7,0.285,61.44,0.35262,61.06,1
94.28,80.9,4.0,26.5,0.7889999999999999,77.35499999999999,0.148115,66.12,1
71.37,60.14,2.64,13.0,0.3,45.545,0.3974649999999999,55.43,0
85.83,51.9,2.65,22.0,0.966,49.515,0.352435,57.88,0
88.38,69.12,2.3,19.4,0.631,52.935,0.280315,60.24,1
92.08,72.83,3.45,25.8,0.264,76.775,0.182865,77.54,1
65.79,69.99,3.13,29.5,0.5730000000000001,57.61,0.3540399999999999,67.05,1
93.79,71.87,3.43,24.0,0.196,80.47,0.1678199999999999,79.25,1
69.79,81.6,3.58,24.9,0.567,79.265,0.238245,76.74,1
71.45,66.96,2.86,25.1,0.457,61.92,0.32756,65.86,1
97.79,58.27,3.36,18.3,0.794,59.18,0.2564899999999999,58.85,0
79.45,46.4,2.37,13.8,0.966,57.995000000000005,0.369015,53.6,0
98.26,53.88,2.64,21.4,0.7230000000000001,56.795,0.274935,66.28,1
66.81,65.05,4.0,22.5,0.273,71.525,0.323035,66.45,1
98.99,65.7,3.21,16.4,0.637,68.325,0.201965,65.58,1
95.97,94.50125,3.43,32.5,0.764,84.920625,0.077854375,87.97875000000002,1
96.01,52.93,2.75,18.0,0.532,57.370000000000005,0.28506,55.93,0
78.94,79.77,3.24,17.4,0.868,67.095,0.243645,65.52,1
73.18,56.99,3.23,28.2,0.521,67.575,0.3335849999999999,65.0,1
94.32,56.61,2.64,26.9,0.667,60.515,0.271345,66.79,1
95.93,68.3,2.9,18.0,0.301,62.13,0.2249899999999999,67.27,1
78.69,74.26,3.37,30.8,0.327,69.65,0.2535099999999999,75.24,1
74.09,64.43,2.93,22.2,0.633,66.44,0.3110299999999999,71.73,1
84.03,78.89,3.31,21.2,0.4009999999999999,75.045,0.202075,73.44,1
89.41,77.51,3.26,28.1,0.245,77.08500000000001,0.1785749999999999,82.11,1
74.05,65.0,2.83,16.9,0.355,63.6,0.318,64.35,1
83.94,64.6,2.78,19.7,0.737,66.225,0.271765,65.01,1
67.03,70.2,4.0,21.3,0.837,82.755,0.273015,74.2,1
88.92,47.5,2.43,14.8,0.174,45.85,0.3642699999999999,54.19,0
95.38,60.07,3.27,19.2,0.771,64.85499999999999,0.243705,63.54,1
66.09,57.3,2.53,23.0,0.86,54.39,0.40057,58.53,0
98.86,54.86,3.02,22.6,0.686,60.78,0.25764,62.29,1
74.41,57.2,2.63,20.7,0.64,59.57,0.35205,63.33,1
98.34,69.23,3.39,19.1,0.534,75.455,0.172585,73.19,1
89.59,50.59,2.78,15.9,0.1709999999999999,64.19999999999999,0.29727,64.76,1
93.75,57.24,2.8,21.7,0.942,56.79,0.28291,62.45,1
89.99,65.14,2.65,23.0,0.5740000000000001,63.39,0.25445,73.03,1
85.76,50.81,3.07,21.0,0.49,65.565,0.3078349999999999,65.05,1
82.44,81.55,3.86,21.1,0.128,81.725,0.180415,76.86,1
98.63,77.55,3.32,26.8,0.563,72.235,0.156125,78.98,1
80.35,59.59,3.15,18.5,0.661,63.8,0.30843,61.52,1
92.16,62.88,3.64,24.2,0.493,71.995,0.2267349999999999,69.89,1
95.48,62.52,3.17,30.5,0.3319999999999999,69.27,0.2227099999999999,71.51,1
85.95,66.29,2.82,21.5,0.702,59.395,0.279145,57.82,0
80.08,73.36,3.48,23.7,0.86,64.74000000000001,0.26538,71.43,1
84.53,55.48,3.07,18.0,0.458,62.305,0.308525,66.21,1
98.78,57.3,3.96,20.0,0.127,78.66,0.197,71.28,1
71.59,72.84,2.8,29.9,0.32,67.26,0.2933399999999999,70.24,1
95.41,63.93,2.44,23.5,0.454,62.975,0.237645,62.83,1
70.58,70.11,3.41,22.0,0.7889999999999999,70.03,0.2972599999999999,64.78,1
88.37,78.83,3.16,24.5,0.105,71.975,0.194105,79.97,1
84.72,86.08,4.0,25.6,0.252,76.345,0.173845,77.99,1
86.68,49.83,2.0,15.0,0.442,43.05,0.37464,48.0,0
81.68,70.94,3.32,23.2,0.907,63.235,0.2707549999999999,69.44,1
96.43,64.96,2.49,20.0,0.377,65.485,0.222945,75.99,1
68.14,65.86,3.38,29.5,0.366,73.84,0.3083399999999999,71.66,1
84.86,78.28,3.68,27.2,0.837,76.2,0.19712,78.78,1
87.63,69.87,3.21,24.2,0.759,65.395,0.243685,64.32,1
79.83,70.39,2.31,24.0,0.877,56.755,0.299245,59.37,0
75.93,57.02,3.24,24.6,0.708,61.77,0.33991,57.96,0
79.99,70.17,2.87,19.4,0.177,76.83,0.23904,68.33,1
77.84,86.39,3.55,28.5,0.344,77.595,0.1966849999999999,76.86,1
87.78,38.38,2.61,17.3,0.154,51.1,0.3804399999999999,59.51,0
70.97,55.75,3.09,19.2,0.319,61.06,0.36569,63.9,1
83.23,59.3,2.79,23.4,0.133,57.155,0.3177149999999999,62.26,1
78.33,60.42,2.47,16.8,0.617,48.495,0.3599349999999999,55.06,0
94.8,64.52,3.06,26.5,0.374,69.15,0.2197899999999999,70.48,1
98.51,56.3,3.51,18.8,0.908,63.935,0.245255,64.02,1
71.12,33.71125000000001,2.04,15.6,0.381,39.2,0.49678625,44.13,0
94.8,78.42,2.61,20.0,0.779,71.155,0.172075,67.99,1
89.33,60.07,2.74,25.1,0.654,58.255,0.287705,65.19,1
94.68,65.89,2.2,18.1,0.259,60.775000000000006,0.2412849999999999,73.29,1
91.93,64.81,3.2,17.7,0.5820000000000001,64.27000000000001,0.2450399999999999,68.37,1
87.03,64.86,2.35,21.3,0.214,59.375,0.2791749999999999,63.86,1
76.36,52.29,3.32,27.2,0.96,63.125,0.348315,62.38,1
93.31,66.41,3.07,26.6,0.448,66.235,0.228825,74.25,1
87.28,58.96,2.71,23.3,0.1379999999999999,56.895,0.303315,67.96,1
93.07,78.51,3.46,31.6,0.595,71.765,0.176895,70.05,1
91.75,83.75,3.27,26.4,0.7969999999999999,69.63,0.17286,74.09,1
96.35,65.09,3.17,23.7,0.655,68.955,0.212465,72.53,1
69.48,60.61,2.66,25.3,0.949,66.03,0.3421599999999999,61.92,1
82.36,67.06,3.33,24.3,0.981,69.17999999999999,0.2618400000000001,68.18,1
90.5,63.63,3.35,28.2,0.292,75.24,0.22139,72.09,1
79.47,49.77,2.63,15.7,0.889,59.79,0.35344,54.54,0
70.6,55.1,3.23,18.1,0.6,62.80500000000001,0.363885,60.98,1
89.08,83.48,3.47,29.8,0.7110000000000001,72.655,0.175275,79.39,1
70.21,67.56,3.32,22.8,0.471,73.045,0.297345,68.43,1
78.57,70.66,2.8,16.4,0.148,62.185,0.2871849999999999,63.79,1
88.68,66.74,3.02,23.7,0.8099999999999999,61.84,0.25954,58.35,0
69.28,62.98,3.05,27.3,0.369,66.06,0.33576,69.56,1
79.74,69.94,3.35,26.4,0.629,76.41499999999999,0.241975,74.45,1
70.79,73.62,3.19,28.2,0.4389999999999999,69.54,0.2873599999999999,71.79,1
71.51,61.0,2.93,22.0,0.493,62.14,0.3445399999999999,61.03,1
78.96,54.85,2.52,25.4,0.486,62.93000000000001,0.33082,64.13,1
92.18,70.32,3.16,16.2,0.697,57.870000000000005,0.2467099999999999,67.47,1
92.57,56.61,2.97,19.5,0.971,68.215,0.255245,64.54,1
68.99,56.11,3.08,16.5,0.874,59.175,0.378185,63.37,1
84.21,65.02,3.38,18.3,0.188,64.88,0.27346,68.13,1
79.41,65.52,3.16,18.2,0.808,75.15,0.26035,71.69,1
84.07,55.08,2.94,18.5,0.776,65.58,0.30174,64.49,1
65.95,67.3,2.63,24.4,0.8400000000000001,60.26,0.35352,61.5,1
71.85,49.1,2.24,22.2,0.602,56.605,0.395485,58.1,0
76.09,62.94,3.43,16.3,0.8939999999999999,57.35,0.3347699999999999,55.58,0
99.59,71.39,3.78,31.7,0.184,74.73500000000001,0.1632649999999999,76.34,1
90.18,59.11,3.15,18.2,0.524,60.5,0.2804499999999999,59.65,0
73.9,64.04,3.45,20.1,0.478,74.08500000000001,0.2900249999999999,67.09,1
77.18,88.35,3.93,26.0,0.981,81.035,0.183125,75.85,1
65.13,61.24,2.55,17.2,0.787,55.095,0.390475,55.53,0
87.86,76.74,3.34,25.0,0.2,70.695,0.206255,71.09,1
78.36,57.69,3.13,14.8,0.97,55.68,0.34645,56.13,0
95.04,74.12,2.88,28.0,0.353,72.28999999999999,0.18061,72.1,1
69.21,60.92,2.67,19.1,0.639,59.64,0.3614799999999999,57.96,0
96.6,71.06,3.35,17.5,0.625,75.025,0.175345,73.1,1
88.06,88.51,3.51,26.2,0.407,74.41999999999999,0.15897,77.24,1
80.52,83.98,3.65,21.2,0.446,86.60499999999999,0.166165,77.78,1
99.43,49.78,2.07,23.6,0.505,45.48,0.3165,52.76,0
81.87,64.51,3.08,17.2,0.297,63.415000000000006,0.288745,63.82,1
81.2,68.51,3.24,21.5,0.836,67.215,0.2680249999999999,68.73,1
77.08,73.67,3.19,24.1,0.47,78.64,0.23475,69.22,1
88.61,77.75,3.46,18.5,0.6990000000000001,73.365,0.192215,73.76,1
80.97,52.62,2.73,22.6,0.7110000000000001,59.365,0.340165,60.76,1
82.58,81.02,3.56,25.1,0.579,71.535,0.212015,76.86,1
82.01,52.77,3.1,23.2,0.861,60.215,0.3330049999999999,58.74,0
67.72,64.72,3.54,23.6,0.783,75.765,0.307665,65.47,1
76.16,50.67,2.0,13.8,0.487,53.875,0.381725,56.12,0
83.1,63.25,3.19,28.0,0.622,70.66,0.26587,70.76,1
80.89,56.23,2.77,19.1,0.135,56.915,0.337005,61.1,1
78.84,64.38,3.25,28.6,0.5269999999999999,67.75,0.2882499999999999,62.99,1
86.1,37.6,2.36,19.3,0.786,48.650000000000006,0.39685,49.5,0
93.94,87.38,3.4,21.5,0.249,74.83500000000001,0.137595,82.59,1
69.87,81.18,4.0,29.0,0.281,73.4,0.2567799999999999,76.58,1
89.88,60.61,2.29,16.3,0.152,72.97,0.23974,74.72,1
74.65,64.61,2.97,20.6,0.357,59.515,0.3290249999999999,58.64,0
86.2,86.43,3.86,26.6,0.632,84.095,0.1436249999999999,78.96,1
98.46,70.75,3.05,23.7,0.934,64.16499999999999,0.201415,73.06,1
87.56,70.44,3.66,27.4,0.162,70.805,0.226025,70.38,1
91.37,74.53,3.01,24.0,0.1699999999999999,76.7,0.1808299999999999,78.29,1
87.12,49.24,2.41,13.0,0.53,54.265,0.3410049999999999,58.02,0
67.55,41.68,2.52,16.3,0.529,44.08,0.4725199999999999,43.87,0
66.18,60.88,3.23,26.0,0.8390000000000001,60.375,0.371515,64.01,1
67.51,55.5,2.56,20.1,0.229,56.58,0.39372,58.07,0
70.55,72.78,3.54,22.2,0.634,77.3,0.26756,74.51,1
67.19,68.82,2.89,28.9,0.382,66.38499999999999,0.325625,61.6,1
97.77,54.83,2.28,25.2,0.225,54.815,0.279985,67.06,1
89.96,73.19,3.09,24.8,0.143,64.985,0.225635,64.29,1
95.3,72.86,3.13,16.0,0.597,63.495000000000005,0.2097349999999999,68.67,1
94.76,70.99,3.41,25.4,0.366,71.805,0.1925749999999999,73.55,1
81.39,61.56,2.71,25.9,0.19,59.785,0.310405,70.19,1
65.51,33.71125000000001,2.54,20.1,0.109,45.010000000000005,0.5017962499999999,51.07,0
80.92,54.22,2.76,19.7,0.492,55.455,0.347295,56.87,0
75.27,55.7,3.04,27.3,0.121,65.42,0.3355599999999999,67.26,1
75.19,76.38,3.6,31.0,0.154,72.11500000000001,0.253755,81.53,1
67.02,63.96,2.98,19.1,0.6599999999999999,67.14500000000001,0.3386049999999999,59.52,0
99.36,59.55,2.25,24.3,0.752,60.75,0.24166,66.57,1
96.15,75.08,2.33,21.7,0.712,61.885,0.204505,70.93,1
91.63,80.67,2.56,27.7,0.7070000000000001,64.825,0.196995,72.89,1
99.34,72.22,3.01,24.8,0.1659999999999999,72.12,0.1696199999999999,76.03,1
77.43,77.33,3.17,27.9,0.512,72.845,0.2397549999999999,70.31,1
70.69,77.31,3.2,23.7,0.8630000000000001,76.82499999999999,0.254835,70.2,1
73.6,70.62,3.45,24.5,0.182,72.13499999999999,0.277335,72.26,1
97.14,63.13,3.11,20.9,0.6910000000000001,72.03999999999999,0.20593,70.22,1
73.0,79.71,3.07,24.9,0.8560000000000001,68.5,0.26337,65.72,1
77.36,70.99,2.44,23.2,0.268,64.24000000000001,0.28487,66.78,1
87.26,64.9,3.3,17.4,0.417,60.28,0.2754199999999999,67.47,1
70.31,54.08,3.2,17.0,0.976,65.245,0.3607849999999999,59.85,0
66.82,65.99,3.28,21.0,0.906,57.18000000000001,0.36321,64.09,1
89.94,59.03,2.58,22.6,0.6950000000000001,64.53999999999999,0.26953,70.89,1
65.72,62.38,2.32,21.1,0.669,53.75,0.38873,57.78,0
91.57,66.42,3.29,22.1,0.929,58.05,0.26031,63.96,1
66.82,56.38,3.06,17.4,0.492,59.875,0.383955,62.85,1
82.37,58.85,2.4,24.3,0.11,55.415000000000006,0.3277249999999999,66.34,1
68.41,68.17,3.66,23.9,0.534,73.565,0.301155,65.64,1
71.27,63.79,2.72,27.9,0.705,66.38499999999999,0.324395,64.26,1
97.74,58.9,2.63,15.1,0.47,60.77,0.25003,61.63,1
76.69,47.38,2.35,15.2,0.437,60.620000000000005,0.3692399999999999,57.26,0
92.33,68.33,3.01,29.5,0.981,73.66,0.20471,69.5,1
90.83,48.94,2.43,20.7,0.3419999999999999,61.395,0.305675,67.61,1
70.04,78.29,2.97,23.1,0.6769999999999999,65.395,0.2887849999999999,65.14,1
98.78,82.89,2.95,25.7,0.8789999999999999,73.50999999999999,0.13568,75.09,1
86.43,55.83,2.38,18.6,0.946,55.94,0.31897,60.68,1
78.97,59.35,2.88,20.7,0.333,59.565,0.3273749999999999,54.4,0
99.87,78.9,3.51,20.1,0.145,69.225,0.1561449999999999,77.66,1
65.48,50.03,2.6,23.6,0.646,51.18,0.43445,48.71,0
76.66,64.94,3.47,29.3,0.3279999999999999,77.16,0.26706,65.84,1
83.25,67.15,2.36,20.3,0.906,61.925,0.279775,67.02,1
87.33,55.54,2.88,25.6,0.807,66.33500000000001,0.285055,56.95,0
65.77,58.68,2.81,24.6,0.3339999999999999,57.83,0.38739,62.11,1
92.53,63.77,2.46,13.7,0.5980000000000001,60.215,0.2579249999999999,65.5,1
77.49,79.85,3.05,25.1,0.947,70.805,0.238075,71.6,1
67.72,68.7,2.86,26.8,0.473,61.455,0.338655,58.45,0
86.37,63.67,3.02,19.3,0.102,68.635,0.2576049999999999,73.27,1
75.39,74.52,2.84,27.8,0.624,61.43,0.29059,64.93,1
83.17,47.15,2.13,25.1,0.655,52.9,0.36717,61.28,1
95.5,56.18,2.93,19.1,0.12,64.005,0.257445,72.58,1
69.04,51.57,2.26,18.9,0.906,52.775,0.410805,55.87,0
95.01,76.74,3.62,28.5,0.728,80.635,0.1478349999999999,80.36,1
94.26,67.78,3.03,19.3,0.869,65.225,0.2239449999999999,67.07,1
79.34,63.67,2.77,18.3,0.591,60.24,0.31091,64.39,1
67.59,78.0,3.26,23.7,0.162,67.77000000000001,0.29233,65.12,1
66.59,55.91,2.24,23.6,0.186,50.66,0.41393,54.65,0
84.19,81.57,3.19,28.1,0.658,80.65,0.17658,82.85,1
77.14,56.98,2.05,19.0,0.587,50.23,0.3698099999999999,58.23,0
70.48,76.5,3.38,23.1,0.482,77.00999999999999,0.25755,74.97,1
84.53,61.8,2.69,30.5,0.58,70.86,0.2639,64.86,1
97.87,48.48,2.05,20.3,0.3379999999999999,54.43,0.29979,62.95,1
81.15,66.72,3.02,23.3,0.9,73.25,0.25549,63.61,1
84.51,63.55,2.89,27.9,0.997,66.875,0.270685,67.95,1
93.44,55.21,2.44,27.6,0.172,65.835,0.263105,68.41,1
73.12,88.25,3.8,26.8,0.623,79.93,0.2029799999999999,81.99,1
88.66,78.87,3.35,22.8,0.67,70.75999999999999,0.19647,69.35,1
99.85,72.73,3.8,26.3,0.436,73.5,0.16191,76.07,1
66.9,69.52,3.0,27.3,0.284,69.155,0.3163749999999999,72.69,1
80.93,81.22,3.6,28.7,0.965,75.71000000000001,0.2054899999999999,76.21,1
95.86,62.99,3.07,26.0,0.732,71.435,0.2132849999999999,68.3,1
79.82,69.59,3.22,20.2,0.8220000000000001,61.395,0.287765,61.64,1
89.19,56.68,2.42,20.1,0.903,67.33,0.27121,62.49,1
67.98,52.17,2.15,15.7,0.251,54.515,0.4080249999999999,57.05,0
70.81,55.74,3.13,16.3,0.418,61.06,0.3663599999999999,62.69,1
67.19,62.87,3.19,21.4,0.607,65.66,0.34565,62.47,1
92.32,52.58,2.75,25.9,0.354,49.32,0.32502,59.11,0
81.05,73.4,3.05,24.3,0.8560000000000001,76.39,0.2264299999999999,72.79,1
81.48,67.31,3.19,16.7,0.729,68.075,0.2679249999999999,66.42,1
91.69,72.59,3.51,18.4,0.597,67.7,0.21237,66.87,1
69.61,72.01,3.71,23.6,0.619,71.815,0.290085,71.71,1
84.99,68.31,2.84,26.1,0.8160000000000001,57.99,0.28114,64.37,1
83.27,56.41,2.75,12.7,0.339,54.53,0.3341,55.69,0
77.29,59.42,3.02,22.0,0.52,59.085,0.335325,64.32,1
91.61,78.7,3.77,28.9,0.787,84.88,0.14282,80.69,1
76.91,92.15,3.77,22.2,0.596,86.66499999999999,0.155915,82.83,1
72.54,71.31,3.29,20.3,0.65,64.11,0.3035799999999999,66.88,1
78.72,63.28,2.93,26.8,0.449,58.33,0.3202899999999999,69.08,1
80.09,46.11,2.41,18.4,0.688,55.06,0.37613,61.79,1
76.11,60.91,3.39,24.9,0.991,65.795,0.315445,62.36,1
75.96,51.07,2.7,17.1,0.346,60.41,0.36172,57.23,0
98.88,56.92,3.35,26.0,0.62,59.735,0.254515,64.07,1
97.95,60.1,2.98,24.5,0.782,66.795,0.2275149999999999,70.36,1
75.99,50.04,2.24,24.2,0.208,54.725,0.381745,54.7,0
88.88,53.69,3.35,20.5,0.195,70.57,0.2717,67.01,1
84.83,65.75,3.22,25.3,0.518,68.31,0.2585,69.74,1
72.92,60.59,3.05,25.2,0.8109999999999999,56.855,0.355985,59.64,0
75.37,62.03,2.96,21.8,0.304,63.17,0.3229199999999999,61.21,1
89.11,64.1,3.17,17.2,0.851,69.4,0.2430599999999999,66.09,1
81.87,57.08,2.64,20.9,0.373,64.84,0.3067599999999999,65.05,1
86.06,61.91,2.26,22.2,0.86,58.785,0.293675,62.09,1
79.62,69.45,3.0,23.8,0.4629999999999999,64.93,0.2783799999999999,66.9,1
80.34,75.23,3.41,18.9,0.601,64.81,0.2585199999999999,64.14,1
93.96,66.43,3.44,28.2,0.298,60.27,0.24406,68.96,1
78.29,56.06,2.5,15.0,0.5,52.915000000000006,0.3599149999999999,60.64,1
70.13,71.46,3.23,19.6,0.86,66.97,0.30419,59.7,0
96.56,76.64,3.17,26.1,0.311,70.13,0.17345,78.1,1
77.1,77.19,3.18,31.4,0.123,74.66,0.23605,76.63,1
80.08,50.28,2.0,24.6,0.609,47.870000000000005,0.3852299999999999,56.35,0
91.5,59.15,2.48,25.3,0.934,54.795,0.292165,60.45,1
95.03,70.19,2.62,20.7,0.156,67.03,0.20822,71.44,1
89.83,56.77,3.12,28.0,0.825,71.475,0.255945,64.47,1
68.07,48.52,2.3,18.3,0.783,53.96,0.42028,55.44,0
76.7,63.02,3.42,19.6,0.2339999999999999,64.79,0.30977,63.0,1
69.39,35.61,2.5,22.3,0.381,46.97,0.4747,45.73,0
73.05,52.32,2.63,17.6,0.241,51.13,0.39745,54.17,0
66.22,70.74,2.77,22.8,0.502,56.37,0.35379,66.4,1
76.56,77.9,3.87,19.0,0.837,77.235,0.228355,69.38,1
71.83,34.85,2.0,14.9,0.184,38.04,0.49401,44.97,0
94.64,85.97,3.67,24.4,0.348,78.41499999999999,0.128285,81.56,1
98.01,54.72,3.02,23.6,0.731,63.1,0.2545,63.86,1
90.7,65.52,2.73,16.4,0.333,57.355,0.268575,68.61,1
88.55,70.94,3.06,20.9,0.249,68.955,0.2261149999999999,75.36,1
82.51,52.86,2.38,15.8,0.5730000000000001,51.585,0.3566249999999999,58.22,0
86.51,58.47,2.78,26.8,0.498,58.085,0.304295,62.11,1
90.51,80.49,3.21,24.0,0.756,68.425,0.1912149999999999,74.58,1
65.48,67.4,2.88,20.2,0.532,56.085,0.367625,55.92,0
68.38,78.48,3.18,24.6,0.705,72.78,0.2727,74.83,1
77.76,72.46,2.98,21.2,0.995,76.38999999999999,0.24241,73.76,1
86.67,62.35,2.67,27.4,0.197,59.3,0.2883699999999999,63.34,1
92.0,55.83,2.68,14.6,0.939,60.86,0.2819299999999999,59.78,0
82.43,44.48,2.97,18.1,0.6769999999999999,59.025000000000006,0.3597649999999999,55.65,0
97.96,73.87,3.7,31.4,0.708,82.315,0.139605,80.63,1
79.43,68.07,2.99,23.1,0.246,63.605,0.287255,64.21,1
68.99,58.02,3.61,21.2,0.757,63.540000000000006,0.35936,55.59,0
98.41,75.94,2.41,17.5,0.453,66.765,0.178245,70.82,1
89.44,58.96,2.62,18.8,0.633,59.21,0.28773,64.93,1
78.87,49.59,2.4,26.4,0.78,55.465,0.3693549999999999,54.03,0
76.03,67.29,2.65,20.2,0.8220000000000001,57.915,0.3202649999999999,57.98,0
83.07,83.14,3.03,23.4,0.6799999999999999,70.785,0.205945,72.21,1
91.32,48.28,2.14,19.3,0.501,49.370000000000005,0.34177,58.76,0
79.49,67.48,3.3,18.5,0.154,62.835,0.291095,65.83,1
94.3,76.8,3.14,21.4,0.869,71.095,0.179115,74.98,1
81.92,67.61,3.92,30.0,0.602,73.705,0.2483749999999999,75.6,1
96.6,76.16,2.65,23.2,0.986,68.16,0.18064,71.32,1
69.31,48.0,2.16,19.3,0.1689999999999999,48.975,0.431835,57.04,0
79.48,60.13,2.66,15.7,0.146,64.55,0.3080399999999999,63.31,1
92.91,69.91,3.11,21.8,0.8039999999999999,77.66499999999999,0.185635,76.4,1
98.66,63.35,2.7,21.3,0.758,60.825,0.232835,67.59,1
94.14,66.48,3.02,23.9,0.462,70.485,0.212545,68.58,1
87.15,64.24,2.69,20.9,0.731,66.655,0.258715,64.54,1
77.52,70.69,4.0,22.3,0.768,82.14500000000001,0.231415,73.89,1
66.52,43.35,2.71,14.5,0.496,47.66,0.4608899999999999,49.1,0
74.15,81.5,3.71,24.1,0.761,71.87,0.2432899999999999,69.47,1
69.5,54.62,2.72,18.5,0.545,58.68000000000001,0.3820999999999999,59.81,0
85.2,74.55,3.14,24.0,0.263,68.63,0.22966,73.92,1
78.47,54.27,2.75,25.4,0.795,60.54,0.34169,59.08,0
72.49,63.44,2.62,21.6,0.697,56.17,0.35121,58.44,0
69.65,58.56,2.92,29.5,0.712,68.33,0.3407299999999999,63.59,1
72.34,65.94,3.17,25.1,0.969,63.455,0.322455,63.88,1
87.12,67.12,3.02,21.2,0.106,71.195,0.2365749999999999,75.58,1
71.95,60.09,2.54,17.1,0.538,67.815,0.328485,61.38,1
84.11,85.83,4.0,22.7,0.319,88.31,0.14114,83.54,1
75.92,59.63,3.33,29.2,0.382,70.99000000000001,0.3044599999999999,67.07,1
87.64,71.24,2.9,28.9,0.275,74.03,0.21363,74.88,1
94.28,63.36,2.13,23.5,0.8470000000000001,54.69,0.2687299999999999,63.99,1
81.41,67.95,2.99,19.4,0.393,72.34,0.25349,71.24,1
98.65,71.07,3.36,28.6,0.454,77.99000000000001,0.1582199999999999,78.33,1
71.01,43.0,2.21,17.1,0.882,44.26,0.4541799999999999,43.84875,0
79.53,74.48,3.24,25.3,0.331,77.45,0.2260899999999999,77.0,1
91.12,77.0,2.59,23.5,0.353,71.805,0.1891049999999999,83.64,1
70.87,65.09,2.43,21.6,0.659,64.005,0.3292349999999999,66.03,1
97.12,52.79,2.89,22.2,0.765,57.535,0.280545,59.1,0
88.65,84.82,3.43,31.6,0.779,75.505,0.164425,79.16,1
78.95,73.09,3.09,20.8,0.485,67.045,0.263795,67.99,1
75.2,45.42,2.14,15.5,0.388,38.635,0.447035,45.47,0
76.42,72.06,3.04,24.7,0.853,76.815,0.247695,70.37,1
96.82,50.77,2.96,16.5,0.722,56.395,0.291225,56.89,0
94.04,47.58,2.48,18.0,0.267,55.625,0.314225,61.48,1
74.59,52.68,2.67,27.8,0.4429999999999999,58.8,0.3671999999999999,66.32,1
87.0,73.45,2.96,26.4,0.8380000000000001,67.41499999999999,0.229405,71.03,1
75.98,43.63,2.23,14.4,0.277,54.98,0.4002499999999999,58.37,0
97.65,89.02,4.0,23.1,0.44,90.650625,0.070388125,77.77,1
95.93,77.13,3.08,24.1,0.173,74.72,0.1607299999999999,78.39,1
73.11,53.9,2.17,17.0,0.623,52.19,0.38929,52.62,0
90.95,89.21,3.23,30.3,0.395,79.205,0.130955,81.69,1
85.41,62.81,2.28,18.4,0.3359999999999999,62.19,0.28336,66.11,1
80.57,48.07,2.24,15.2,0.49,44.22,0.40085,53.75,0
76.87,74.14,3.99,19.4,0.625,74.7,0.2459999999999999,68.82,1
77.49,62.58,2.28,23.0,0.534,55.55,0.33565,60.87,1
78.85,68.18,2.75,22.5,0.486,59.52,0.3015,71.08,1
66.37,72.89,3.55,27.8,0.7929999999999999,69.535,0.3072449999999999,64.26,1
97.79,60.85,2.96,18.5,0.626,67.505,0.2237749999999999,63.53,1
95.44,68.63,2.63,25.4,0.5820000000000001,66.145,0.213915,68.78,1
83.13,59.79,2.7,23.9,0.727,61.055,0.304945,59.69,0
83.47,47.17,3.3,16.7,0.442,60.92,0.3418499999999999,61.09,1
69.34,68.19,3.02,24.5,0.223,70.42,0.3068099999999999,65.97,1
71.91,53.23,2.5,18.3,0.602,59.415,0.374425,55.34,0
90.36,62.44,2.48,14.6,0.157,59.135,0.273835,62.75,1
67.99,66.53,2.15,17.0,0.196,60.655,0.346485,64.48,1
78.23,56.03,3.12,20.2,0.593,60.075,0.3387649999999999,59.65,0
94.54,57.14,3.24,19.1,0.384,57.425,0.278145,63.69,1
79.15,68.75,2.58,28.0,0.281,76.66,0.24717,76.03,1
74.87,64.32,3.23,24.3,0.325,67.795,0.304175,68.47,1
68.58,49.62,2.81,23.5,0.411,50.315,0.425875,55.29,0
85.36,64.77,2.81,16.5,0.379,64.86500000000001,0.269655,72.7,1
79.08,58.87,2.52,18.0,0.996,60.215,0.3264249999999999,60.16,1
81.4,56.22,3.29,15.3,0.131,61.795,0.320355,56.63,0
66.31,62.09,3.02,15.4,0.8320000000000001,48.21,0.4038599999999999,44.47,0
97.84,61.66,2.76,14.6,0.449,57.89,0.24999,61.08,1
73.37,49.66,2.43,19.0,0.634,54.705,0.393425,57.41,0
86.29,68.93,3.5,25.1,0.152,78.62,0.2121899999999999,80.29,1
65.58,68.97,3.16,25.5,0.218,70.975,0.317845,69.26,1
66.34,47.83,3.09,23.9,0.818,63.985,0.3991949999999999,61.06,1
75.32,67.42,3.04,28.7,0.127,66.56,0.29678,68.53,1
95.72,71.13,3.17,21.0,0.522,68.49,0.19826,75.06,1
71.15,84.99,3.47,19.8,0.147,82.38,0.21329,74.58,1
81.11,48.13,2.15,14.0,0.805,57.785,0.357815,58.17,0
84.9,56.29,2.6,20.2,0.3359999999999999,52.81,0.3330999999999999,61.09,1
85.29,51.31,2.68,17.0,0.385,53.87,0.3433,55.68,0
89.95,82.29,3.23,26.7,0.613,70.435,0.1820249999999999,76.31,1
98.63,52.93,3.14,28.2,0.359,63.135000000000005,0.257285,69.35,1
68.39,58.02,2.64,16.4,0.867,59.4,0.37418,57.97,0
70.97,46.01,2.73,19.7,0.408,49.42,0.42983,50.79,0
91.27,67.96,3.06,24.1,0.885,68.89,0.22437,73.79,1
95.38,79.77,2.96,31.2,0.32,81.065,0.135975,84.16,1
82.99,89.61,3.77,23.3,0.208,88.25999999999999,0.13443,80.9,1
66.81,54.93,2.29,18.2,0.379,56.650000000000006,0.39802,62.22,1
83.29,62.94,3.29,22.6,0.988,69.97999999999999,0.26808,65.58,1
72.38,59.86,2.72,23.7,0.5900000000000001,63.95,0.33905,63.18,1
74.49,58.8,2.67,16.6,0.373,63.465,0.335245,54.79,0
76.09,66.34,2.85,25.0,0.382,61.1,0.31332,64.22,1
71.16,76.76,4.0,23.7,0.612,71.95500000000001,0.2692149999999999,63.68,1
81.61,78.16,3.41,18.7,0.31,68.38499999999999,0.233925,74.03,1
69.36,72.74,2.29,19.4,0.374,60.41,0.32311,62.91,1
92.16,65.95,3.28,25.8,0.513,73.89,0.2118399999999999,75.78,1
67.98,51.27,2.45,20.3,0.54,60.47,0.39286,55.9,0
83.49,57.21,2.67,14.7,0.2009999999999999,57.94,0.32059,61.22,1
96.48,54.32,2.0,19.9,0.518,49.87,0.3015099999999999,55.24,0
74.77,80.28,3.14,27.0,0.984,77.135,0.228675,75.2,1
72.44,76.91,3.92,29.8,0.404,80.92500000000001,0.2367349999999999,76.85,1
77.6,50.32,2.0,14.8,0.213,45.89,0.4009700000000001,55.7,0
99.05,61.37,2.83,20.8,0.944,61.255,0.235925,64.27,1
73.51,54.41,2.0,19.8,0.182,52.955,0.3838649999999999,60.16,1
95.44,73.62,3.51,19.8,0.283,70.8,0.1849799999999999,72.7,1
76.44,82.54,3.88,27.4,0.285,71.50999999999999,0.23209,78.27,1
75.7,53.18,2.24,17.8,0.39,58.66,0.36168,55.13,0
92.35,77.89,2.89,30.5,0.13,73.915,0.175185,81.09,1
92.11,58.99,2.49,14.7,0.778,58.34,0.27957,58.31,0
73.15,71.08,3.0,22.4,0.986,69.215,0.2865149999999999,59.98,0
95.76,64.26,2.38,24.2,0.522,61.855,0.2386149999999999,63.37,1
75.63,63.92,2.98,18.1,0.188,58.8,0.32932,61.81,1
70.77,56.46,2.64,16.1,0.5589999999999999,57.845,0.374005,54.07,0
94.13,80.65,3.35,28.8,0.919,76.54,0.1519099999999999,75.12,1
72.62,34.38,2.0,21.2,0.8880000000000001,36.660625,0.4963981249999999,49.9,0
96.93,73.27,3.51,27.5,0.231,83.705,0.1413549999999999,82.94,1
71.21,57.97,3.24,17.5,0.99,62.355,0.354185,63.3,1
98.75,58.02,2.6,15.9,0.408,59.395,0.252755,66.1,1
89.81,44.86,2.05,12.8,0.157,40.135000000000005,0.385775,45.63,0
90.62,61.83,2.92,27.8,0.5269999999999999,57.33,0.2800399999999999,62.27,1
78.66,70.79,3.36,26.6,0.411,72.16999999999999,0.25648,66.3,1
76.2,57.81,2.25,13.1,0.118,51.72,0.3666099999999999,61.04,1
71.99,33.71125000000001,2.0,14.3,0.62,43.425,0.48063125,44.39,0
74.04,49.63,3.27,21.6,0.996,67.49,0.3524799999999999,56.16,0
75.18,66.03,2.72,21.6,0.673,67.805,0.2977749999999999,66.48,1
69.53,67.92,2.41,16.2,0.466,52.7,0.3600199999999999,58.64,0
65.99,62.09,2.82,19.3,0.104,55.31,0.38384,60.62,1
96.24,59.21,2.54,18.6,0.353,66.655,0.237445,65.59,1
89.58,64.12,2.82,23.8,0.909,58.22,0.27466,61.02,1
91.94,64.9,2.75,26.7,0.917,65.105,0.2422249999999999,65.22,1
93.48,47.36,3.01,27.0,0.985,57.165000000000006,0.312505,54.78,0
66.56,72.7,3.26,23.7,0.549,71.97,0.29975,66.4,1
91.79,69.57,3.5,28.1,0.175,65.0,0.2291299999999999,68.39,1
83.14,62.42,2.1,26.3,0.219,66.845,0.279645,71.94,1
74.12,63.1,3.14,17.5,0.913,68.47,0.30881,64.08,1
73.18,53.43,2.12,18.5,0.245,55.120000000000005,0.3816299999999999,61.96,1
85.35,65.78,2.23,23.2,0.825,57.120000000000005,0.2899,65.72,1
94.64,49.65,2.36,25.5,0.538,65.88,0.27485,66.96,1
92.06,64.44,2.59,18.8,0.361,66.16999999999999,0.23993,69.66,1
77.48,64.37,3.08,27.1,0.285,65.035,0.301865,62.95,1
82.12,64.86,3.97,28.4,0.8390000000000001,71.475,0.262515,70.27,1
76.17,62.15,2.43,25.1,0.693,61.94500000000001,0.323035,59.53,0
68.85,65.88,3.31,25.8,0.7,65.875,0.329335,62.54,1
91.47,56.56,2.96,20.1,0.425,60.400000000000006,0.28324,62.51,1
91.48,71.7,2.86,23.4,0.771,67.88,0.2153399999999999,70.97,1
69.76,55.35,2.42,21.7,0.4669999999999999,58.49,0.37944,64.78,1
75.59,65.51,3.19,29.6,0.751,66.435,0.301805,67.97,1
72.35,64.94,2.41,17.5,0.858,61.965,0.329885,61.86,1
65.04,72.47,2.93,29.2,0.8099999999999999,69.44999999999999,0.31408,65.97,1
82.38,57.83,2.71,20.2,0.436,62.94500000000001,0.3081549999999999,62.12,1
79.22,76.01,2.8,25.4,0.445,77.33500000000001,0.2230849999999999,74.21,1
94.51,80.25,3.69,21.4,0.818,86.10499999999999,0.122895,80.71,1
96.22,55.71,2.31,14.4,0.992,53.105,0.288675,59.48,0
69.22,61.16,2.79,23.9,0.415,62.650000000000006,0.3516899999999999,61.21,1
94.24,85.37,4.0,31.2,0.446,92.04,0.09081,86.27,1
84.91,65.63,2.77,27.9,0.388,65.74000000000001,0.26625,65.15,1
88.52,75.08,3.33,20.6,0.112,76.33,0.19169,84.37,1
83.41,61.18,2.46,26.9,0.751,68.08000000000001,0.27858,64.62,1
88.98,61.7,2.61,21.2,0.714,64.39,0.2658099999999999,67.68,1
66.84,64.43,3.12,23.7,0.358,78.905,0.3026349999999999,71.14,1
87.24,56.48,2.96,23.4,0.502,61.2,0.298,62.65,1
83.92,71.93,2.75,23.7,0.51,69.66,0.2395499999999999,72.06,1
82.62,85.32,3.74,25.7,0.953,73.7,0.19246,79.69,1
96.14,68.37,3.74,21.4,0.608,84.55000000000001,0.1566799999999999,80.95,1
87.18,79.86,3.37,23.8,0.5940000000000001,69.945,0.201865,75.36,1
72.12,48.17,3.1,20.4,0.279,62.47,0.3796,60.72,1
90.73,74.3,2.58,18.2,0.806,69.74,0.20496,73.56,1
85.68,72.72,3.13,23.7,0.2029999999999999,67.315,0.2371749999999999,73.79,1
89.98,69.21,3.14,30.6,0.359,70.89,0.2197799999999999,78.76,1
94.44,64.21,3.06,22.0,0.339,72.49000000000001,0.21214,77.35,1
94.82,62.68,2.46,26.1,0.778,59.96,0.2528,69.17,1
69.1,67.84,2.49,25.8,0.445,52.025,0.364005,58.46,0
67.3,48.94,2.0,25.7,0.572,55.02,0.41892,55.04,0
72.04,66.72,2.83,26.1,0.861,62.21,0.3250499999999999,67.96,1
72.33,67.05,3.93,30.2,0.757,74.745,0.2852949999999999,71.85,1
94.23,76.09,3.35,27.2,0.899,77.01,0.1637799999999999,77.93,1
98.97,82.3,3.57,28.5,0.769,77.16499999999999,0.125725,80.15,1
76.69,94.50125,3.7,29.5,0.239,86.28,0.15089625,84.23,1
87.96,53.78,3.59,18.4,0.843,67.16,0.28534,63.53,1
74.47,74.72,3.11,24.6,0.144,67.345,0.275925,69.92,1
71.2,36.23,2.3,24.7,0.596,57.445,0.434175,57.42,0
77.81,65.16,3.22,26.2,0.323,70.30000000000001,0.2823799999999999,70.49,1
88.2,80.37,3.5,27.7,0.79,84.580625,0.1523481249999999,82.24,1
71.01,71.9,2.89,26.1,0.572,75.56,0.27358,71.01,1
86.34,50.8,2.85,22.0,0.548,53.075,0.3430149999999999,58.9,0
96.45,73.51,2.92,22.2,0.3259999999999999,70.065,0.183475,73.32,1
84.59,69.8,2.71,19.4,0.351,64.35,0.25919,67.3,1
93.27,68.03,2.03,24.0,0.378,58.915000000000006,0.246085,60.65,1
75.41,73.86,3.42,23.1,0.534,69.34,0.26876,65.81,1
88.17,65.23,3.21,22.6,0.513,75.925,0.223855,71.07,1
73.56,53.97,3.27,20.8,0.319,66.49000000000001,0.3443799999999999,61.43,1
75.19,62.03,2.64,27.8,0.827,62.275,0.326325,60.05,1
88.26,61.31,3.13,17.2,0.675,62.18,0.2764899999999999,66.0,1
81.7,51.94,2.64,19.6,0.999,43.52,0.38682,52.17,0
86.06,72.8,2.81,17.9,0.826,68.87,0.2307499999999999,62.72,1
70.77,56.79,2.15,18.5,0.384,45.25,0.4108,56.6,0
97.94,50.68,2.46,16.4,0.3339999999999999,65.49000000000001,0.25973,62.89,1
98.66,60.08,2.62,20.5,0.49,58.645,0.249185,65.26,1
71.29,71.15,3.48,26.0,0.828,78.8,0.2649899999999999,73.71,1
83.21,66.45,2.93,29.6,0.18,67.50999999999999,0.26528,73.88,1
77.72,54.67,3.17,23.2,0.771,59.55,0.34646,63.52,1
96.83,55.53,3.13,18.7,0.919,65.555,0.2494249999999999,59.0,0
95.55,63.6,2.43,18.6,0.3379999999999999,61.145,0.243565,64.23,1
67.9,54.8,2.15,22.3,0.339,51.02,0.41094,59.84,0
65.17,64.49,3.64,22.5,0.5349999999999999,66.34,0.3468299999999999,66.75,1
93.23,56.1,2.46,18.8,0.474,48.425,0.313505,55.07,0
91.43,78.71,3.65,30.7,0.6910000000000001,85.83,0.1406599999999999,84.3,1
87.72,72.48,3.05,30.7,0.528,76.28,0.20284,69.68,1
91.5,75.32,3.44,19.7,0.2319999999999999,74.4,0.18484,74.19,1
95.89,33.71125000000001,2.21,22.1,0.5780000000000001,40.775,0.39298125,49.27,0
89.2,75.64,3.16,26.8,0.251,72.195,0.199695,77.23,1
93.98,72.04,2.7,18.4,0.128,63.095,0.2186749999999999,66.06,1
89.29,80.94,3.59,21.8,0.432,67.59,0.1972499999999999,76.82,1
77.27,64.94,3.02,20.0,0.554,62.31,0.30917,66.85,1
75.84,51.06,2.54,23.5,0.509,59.0,0.36646,56.49,0
94.26,64.73,2.65,23.5,0.236,63.835,0.2372649999999999,70.87,1
92.48,67.84,2.67,18.7,0.517,61.120000000000005,0.2431999999999999,64.08,1
93.09,70.52,2.98,24.8,0.131,74.19,0.19351,76.01,1
83.26,60.01,2.46,21.8,0.355,63.625,0.296055,73.33,1
68.0,45.11,2.76,14.3,0.281,59.58,0.41393,55.44,0
88.24,40.56,2.33,12.6,0.8089999999999999,48.65,0.37941,51.79,0
93.15,67.99,3.06,27.9,0.469,68.92,0.21667,67.3,1
91.33,73.83,2.96,15.9,0.524,67.525,0.210615,73.49,1
74.27,69.12,3.64,26.4,0.194,63.760000000000005,0.30428,69.88,1
85.45,53.55,3.01,24.2,0.65,55.085,0.332295,57.69,0
95.09,39.65,2.16,21.7,0.187,49.945,0.350855,58.11,0
80.96,66.19,2.49,23.0,0.2299999999999999,60.875,0.294965,64.79,1
86.18,58.58,2.73,16.2,0.79,63.065,0.290345,65.82,1
87.26,38.88,2.44,23.7,0.912,57.620000000000005,0.3614599999999999,56.61,0
74.35,64.11,2.54,25.0,0.951,55.765,0.342975,64.96,1
98.88,57.11,2.43,14.9,0.788,46.23,0.29446,56.2,0
84.04,62.9,2.57,25.8,0.915,58.965,0.298245,69.39,1
93.89,65.71,3.34,22.2,0.936,72.015,0.211265,69.86,1
76.22,55.38,2.86,14.5,0.825,54.205,0.366365,48.85,0
96.35,56.42,2.03,24.3,0.194,48.205,0.3007249999999999,61.5,1
86.79,67.08,2.84,17.4,0.544,57.365,0.279505,66.11,1
87.86,69.77,3.39,20.3,0.1649999999999999,67.685,0.236195,68.41,1
94.15,76.24,3.18,31.2,0.135,68.68,0.1886399999999999,75.1,1
95.37,50.37,2.5,24.8,0.313,57.445,0.295075,67.45,1
85.07,73.03,2.77,17.7,0.3419999999999999,68.37,0.23552,73.09,1
77.24,65.82,2.69,24.9,0.6809999999999999,61.21,0.30995,69.04,1
82.37,56.35,3.0,24.0,0.532,54.505,0.3379549999999999,59.13,0
83.01,51.77,2.95,21.2,0.247,62.80500000000001,0.3242349999999999,59.68,0
79.1,54.5,2.62,23.0,0.393,54.065,0.357905,63.74,1
67.8,64.04,2.7,24.4,0.663,52.305,0.379765,61.2,1
85.03,41.38,2.0,17.7,0.329,47.905,0.392025,58.37,0
95.24,56.33,2.21,19.1,0.2339999999999999,52.205,0.293435,58.54,0
77.87,68.27,2.72,17.8,0.289,62.825,0.2952349999999999,64.3,1
95.13,86.83,3.37,31.4,0.7849999999999999,78.285,0.124135,82.25,1
87.78,63.02,3.28,29.2,0.647,59.620000000000005,0.28096,65.88,1
99.87,74.3,3.08,27.3,0.362,72.4,0.1604199999999999,79.29,1
66.34,47.86,2.92,20.5,0.224,65.405,0.3948449999999999,62.19,1
73.74,53.88,2.93,18.5,0.553,60.525,0.361825,55.94,0
72.45,61.73,3.13,21.5,0.646,73.355,0.3049449999999999,65.63,1
82.28,67.82,2.78,24.7,0.692,53.145,0.307985,60.44,1
90.5,90.22,3.07,20.0,0.207,76.195,0.138755,79.34,1
82.23,57.15,2.35,23.2,0.965,55.855,0.332065,58.91,0
92.28,72.68,3.77,23.7,0.6679999999999999,71.785,0.197485,73.1,1
73.16,82.61,3.69,25.3,0.408,85.28999999999999,0.20366,73.61,1
66.93,65.45,3.73,29.6,0.735,64.61500000000001,0.3420849999999999,69.92,1
88.66,49.04,2.44,24.7,0.95,62.36,0.31116,66.66,1
90.37,66.63,3.26,27.0,0.269,72.08,0.2223899999999999,74.21,1
86.09,66.31,3.42,17.1,0.934,68.12,0.2523499999999999,65.77,1
80.33,60.78,3.69,28.0,0.496,70.16,0.28586,69.51,1
66.43,54.47,2.23,25.3,0.78,56.47,0.4014599999999999,54.91,0
83.01,59.31,2.87,24.3,0.745,54.755,0.3257649999999999,58.95,0
94.75,63.83,2.81,25.9,0.788,73.89500000000001,0.2078249999999999,74.69,1
84.65,68.77,3.0,24.2,0.534,74.83500000000001,0.2305849999999999,67.37,1
70.93,72.67,3.09,17.8,0.214,68.725,0.292095,71.35,1
79.51,61.34,2.37,13.8,0.599,59.545,0.3193049999999999,59.25,0
68.22,66.3,2.46,16.7,0.2279999999999999,56.225,0.359545,58.82,0
99.49,67.88,3.28,24.6,0.227,73.65,0.17745,70.89,1
95.61,58.05,2.96,15.4,0.825,64.69,0.24934,64.17,1
81.22,59.24,2.17,22.1,0.215,52.46,0.34002,69.4,1
88.44,70.83,3.3,19.0,0.8800000000000001,74.32,0.21079,71.26,1
86.86,53.57,3.17,17.3,0.392,54.9,0.32715,61.82,1
87.07,58.0,2.79,17.8,0.364,60.79,0.29535,64.8,1
76.97,67.84,3.89,19.2,0.943,80.745,0.2463649999999999,68.06,1
74.43,61.6,3.53,22.3,0.315,71.76499999999999,0.302185,69.07,1
66.98,51.79,2.93,20.2,0.4429999999999999,59.075,0.399485,60.34,1
94.92,76.28,3.61,30.8,0.696,74.27000000000001,0.16867,74.8,1
86.2,62.0,2.34,19.8,0.8390000000000001,60.95,0.28635,64.08,1
66.17,59.43,3.18,16.9,0.6950000000000001,57.84,0.38351,60.65,1
71.88,69.09,2.37,23.1,0.1399999999999999,61.175,0.321685,66.14,1
82.94,62.19,3.48,28.8,0.843,73.375,0.261545,69.54,1
93.06,65.6,2.25,26.4,0.619,55.82,0.2635,67.14,1
81.75,76.86,3.09,19.0,0.759,70.83500000000001,0.2299149999999999,73.52,1
66.73,49.78,3.03,16.5,0.172,55.98,0.4158,60.5,1
68.7,50.67,2.21,16.8,0.416,48.325,0.428215,51.91,0
77.58,43.96,2.0,12.5,0.662,44.455,0.424435,50.14,0
77.1,79.16,3.18,26.3,0.311,78.41,0.21889,77.42,1
87.3,54.24,2.72,15.7,0.29,54.66,0.3241,54.86,0
81.9,65.3,2.35,16.5,0.648,60.975,0.293575,64.05,1
69.09,53.97,2.68,22.8,0.186,55.39,0.3955599999999999,58.24,0
67.19,59.87,2.72,19.1,0.37,54.010000000000005,0.3896,57.97,0
86.62,73.81,3.24,21.3,0.465,76.85,0.20154,70.42,1
92.79,79.77,3.95,20.1,0.899,79.465,0.1511349999999999,75.92,1
80.78,70.7,2.58,19.8,0.533,68.195,0.260195,61.41,1
97.83,49.47,2.19,14.6,0.398,55.28,0.2944299999999999,59.73,0
73.75,62.91,3.29,22.1,0.195,80.12,0.27591,76.06,1
79.55,35.96,2.0,13.0,0.388,41.565,0.449225,47.17,0
67.91,62.35,2.46,21.8,0.768,60.16,0.36083,58.59,0
92.53,76.01,2.86,21.0,0.8150000000000001,68.505,0.1963349999999999,74.48,1
87.01,70.9,3.25,29.4,0.436,65.375,0.243135,70.8,1
86.55,55.83,2.92,19.4,0.738,60.13,0.3059199999999999,59.73,0
75.63,51.43,3.02,20.4,0.462,63.56,0.35251,58.36,0
82.2,87.48,4.0,34.8,0.279,88.51,0.1432299999999999,87.97875000000002,1
75.45,44.88,2.14,15.8,0.943,55.255,0.397795,53.94,0
69.21,58.42,3.08,23.1,0.103,51.115,0.394555,62.63,1
97.79,78.08,3.54,21.7,0.257,76.39500000000001,0.1454149999999999,74.94,1
68.71,73.29,3.65,22.5,0.623,76.615,0.275445,68.63,1
69.4,61.25,3.37,18.9,0.593,75.05000000000001,0.3134999999999999,71.13,1
90.56,61.24,2.07,13.5,0.8230000000000001,57.67,0.2810299999999999,59.88,0
65.37,53.98,2.43,23.3,0.177,54.155,0.414115,61.34,1
66.22,59.31,3.66,26.5,0.897,60.045,0.377055,59.33,0
90.98,38.7,2.0,17.2,0.8630000000000001,40.99,0.3970099999999999,50.31,0
96.41,71.19,3.26,24.4,0.961,63.215,0.211145,69.52,1
65.99,61.16,2.99,21.6,0.477,70.475,0.341135,65.0,1
87.4,61.67,2.64,23.1,0.705,66.63999999999999,0.26547,67.77,1
96.61,73.03,2.81,26.0,0.516,70.095,0.184185,73.17,1
86.28,58.27,2.51,24.5,0.85,53.83,0.31858,61.17,1
74.87,54.77,2.57,20.3,0.5650000000000001,58.72,0.36005,59.89,0
95.2,77.98,2.91,24.1,0.364,65.155,0.189795,78.3,1
72.94,46.7,2.48,15.1,0.542,48.32,0.42318,49.04,0
81.46,79.06,3.2,23.2,0.8619999999999999,71.85499999999999,0.221415,70.82,1
80.91,51.9,2.65,16.8,0.798,58.69,0.34459,59.35,0
78.24,56.14,2.91,24.5,0.101,62.19499999999999,0.3320350000000001,62.25,1
69.56,66.38,2.78,20.4,0.286,62.18000000000001,0.33608,60.63,1
85.57,70.67,2.98,25.0,0.921,63.185,0.256155,67.64,1
87.5,68.72,3.06,27.6,0.996,69.92,0.23408,69.05,1
86.4,67.61,2.72,16.5,0.199,64.715,0.2574249999999999,59.85,0
97.62,69.37,3.15,28.8,0.222,77.34,0.1693899999999999,74.28,1
79.93,56.28,2.48,21.7,0.205,56.085,0.343185,64.25,1
97.06,62.96,2.25,17.2,0.96,60.465,0.2414849999999999,61.76,1
70.7,45.94,2.49,19.2,0.453,54.525,0.415805,61.11,1
87.23,81.26,3.87,27.1,0.7070000000000001,74.30000000000001,0.1843999999999999,76.32,1
76.74,70.36,3.34,20.7,0.421,76.16499999999999,0.253465,71.97,1
92.02,65.98,2.78,22.1,0.927,64.15,0.24153,63.92,1
98.34,55.97,2.42,27.5,0.693,57.33,0.26674,59.79,0
67.15,73.49,2.74,29.5,0.787,68.25,0.30618,60.68,1
70.08,59.2,2.6,16.9,0.841,71.845,0.326545,64.5,1
80.8,72.38,3.59,31.9,0.994,79.625,0.220785,74.66,1
99.34,69.26,3.38,29.0,0.673,78.78,0.1585199999999999,77.02,1
86.16,64.39,2.91,18.1,0.4679999999999999,72.855,0.2436249999999999,70.45,1
98.15,70.92,3.06,24.6,0.5469999999999999,81.645,0.1497049999999999,84.65,1
80.4,63.01,2.63,24.2,0.434,64.02,0.29731,68.57,1
78.82,66.28,2.62,16.2,0.131,65.23,0.29019,70.75,1
76.39,68.54,3.25,21.4,0.627,63.17,0.2993099999999999,60.13,1
86.22,71.1,3.34,30.4,0.415,73.765,0.220525,66.67,1
76.3,56.25,2.39,23.5,0.825,58.675,0.350025,62.26,1
91.0,70.91,3.19,28.1,0.292,76.16,0.19479,80.67,1
74.94,59.02,3.24,22.4,0.172,66.14,0.32476,60.67,1
70.61,65.6,2.89,20.8,0.773,53.4,0.36056,60.08,1
73.8,55.59,2.66,23.7,0.571,58.39,0.36286,61.9,1
67.45,48.23,2.69,12.9,0.4049999999999999,51.4,0.43131,55.11,0
73.07,49.0,2.34,20.8,0.759,62.695,0.372635,59.78,0
98.76,50.08,2.28,14.4,0.242,65.92500000000001,0.2569449999999999,61.89,1
91.73,70.78,2.82,20.9,0.861,59.74,0.24152,60.77,1
68.03,61.73,3.24,26.2,0.475,71.48,0.32825,67.94,1
76.52,39.06,2.36,24.8,0.1379999999999999,46.265,0.437945,57.92,0
92.42,57.88,2.69,15.5,0.561,54.27,0.29387,59.16,0
80.37,71.16,2.66,15.7,0.617,59.455,0.286675,58.4,0
94.24,67.47,2.99,18.0,0.674,66.47,0.22122,67.86,1
69.69,56.98,2.41,15.8,0.388,55.6,0.3835,58.98,0
78.98,59.32,2.58,18.3,0.147,53.975,0.344195,68.28,1
67.63,61.68,3.06,23.8,0.674,62.66,0.35646,59.4,0
65.97,60.01,2.92,24.8,0.5519999999999999,59.52,0.37753,64.39,1
85.8,50.28,2.61,21.1,0.679,51.91,0.35023,56.83,0
77.83,56.17,3.02,17.8,0.4589999999999999,57.615,0.347325,59.7,0
65.19,35.98,2.25,22.5,0.3379999999999999,49.545,0.482665,56.18,0
98.39,69.73,3.52,24.5,0.647,81.465,0.1528549999999999,79.89,1
67.79,72.57,3.21,29.7,0.6839999999999999,75.255,0.285365,79.1,1
78.07,56.15,3.17,19.9,0.603,59.400000000000006,0.34107,64.86,1
75.36,52.59,3.02,17.4,0.371,56.68,0.37075,63.7,1
97.01,69.01,3.23,18.5,0.202,61.56,0.2202499999999999,71.38,1
75.7,41.82,2.35,15.0,0.85,40.475,0.4503149999999999,43.84875,0
85.2,57.91,2.63,22.5,0.5660000000000001,75.16,0.25999,75.23,1
98.36,79.01,3.73,31.6,0.873,77.865,0.135935,74.07,1
85.34,77.14,3.26,22.1,0.8720000000000001,79.10499999999999,0.189905,75.85,1
91.31,66.36,3.4,26.8,0.284,68.075,0.231455,74.47,1
91.17,77.5,3.33,28.0,0.131,75.005,0.177805,76.52,1
82.08,69.52,3.36,26.6,0.392,69.535,0.254515,67.92,1
97.57,44.79,2.47,22.5,0.1379999999999999,59.29,0.29748,64.59,1
81.65,71.63,3.24,21.5,0.966,65.905,0.2607949999999999,71.8,1
97.87,79.81,3.62,21.1,0.528,70.3,0.15819,76.61,1
81.84,51.47,2.0,18.0,0.4679999999999999,60.555,0.3365649999999999,57.57,0
87.2,76.37,2.79,20.0,0.601,74.285,0.1992349999999999,69.63,1
87.33,60.37,2.41,18.0,0.8699999999999999,62.145,0.283135,63.35,1
86.05,74.88,3.38,27.9,0.304,85.75,0.17391,80.24,1
98.39,67.53,3.16,24.5,0.951,72.455,0.1864849999999999,63.88,1
70.67,58.13,2.89,24.0,0.386,67.68,0.3398899999999999,71.14,1
96.88,68.86,3.3,21.4,0.763,61.93000000000001,0.22011,67.75,1
72.82,54.77,2.69,20.5,0.313,58.355,0.369345,59.38,0
82.12,50.49,2.0,16.6,0.794,50.925,0.3672749999999999,52.98,0
99.63,76.04,3.93,23.4,0.808,74.305,0.1504449999999999,73.25,1
74.8,47.48,2.43,24.3,0.403,58.185,0.3838049999999999,56.36,0
99.88,76.95,3.45,30.2,0.648,77.545,0.136995,82.0,1
79.14,78.18,3.16,27.9,0.8880000000000001,65.47999999999999,0.25246,66.9,1
65.92,60.35,2.93,18.5,0.893,63.595,0.3644849999999999,64.57,1
77.3,64.35,2.33,24.5,0.433,50.97,0.34484,57.0,0
86.57,52.81,2.62,26.9,0.914,59.18,0.31775,62.06,1
89.35,70.69,2.98,27.9,0.38,64.36,0.23745,73.57,1
95.95,59.18,2.08,24.9,0.466,49.695,0.2895749999999999,56.02,0
77.17,63.21,2.98,22.2,0.8470000000000001,61.68,0.31665,62.78,1
67.43,67.22,2.56,21.9,0.172,66.015,0.3305749999999999,68.24,1
67.64,69.18,3.49,22.8,0.581,69.99000000000001,0.3119299999999999,66.38,1
88.27,76.6,3.21,17.7,0.788,65.435,0.220815,69.75,1
81.12,66.18,2.23,17.1,0.466,57.705,0.3038649999999999,62.13,1
85.88,67.23,2.81,24.1,0.851,63.385,0.264635,66.78,1
97.35,86.19,3.66,32.3,0.489,91.33625,0.07802125,87.97875000000002,1
77.4,56.78,3.03,17.5,0.743,59.615,0.341215,55.11,0
78.3,51.11,3.33,16.4,0.27,55.525000000000006,0.366895,58.12,0
93.88,48.44,2.15,20.7,0.749,60.49,0.29769,58.59,0
82.93,61.19,2.61,16.1,0.2009999999999999,56.13,0.31632,60.93,1
67.88,71.76,2.76,18.9,0.626,71.08000000000001,0.29996,70.98,1
79.97,81.16,3.47,21.3,0.648,82.38,0.1895,72.64,1
98.55,64.0,3.18,19.5,0.296,64.995,0.2188149999999999,70.36,1
76.28,70.81,3.5,18.7,0.99,68.47999999999999,0.27701,64.27,1
72.9,63.8,3.21,15.6,0.243,57.67,0.34399,59.96,0
68.76,76.83,3.52,18.9,0.554,70.315,0.2835249999999999,70.01,1
94.35,75.52,3.35,16.8,0.541,66.115,0.197695,70.25,1
79.08,56.96,2.67,22.8,0.2299999999999999,64.75,0.3185499999999999,63.62,1
67.4,56.04,2.83,19.1,0.737,46.48,0.42284,50.79,0
78.14,34.57,2.4,21.4,0.544,42.855,0.455165,49.62,0
81.36,57.59,3.24,18.1,0.351,55.88,0.33415,62.69,1
78.64,47.23,2.34,23.4,0.195,63.94500000000001,0.351915,61.55,1
93.03,72.93,3.31,19.6,0.557,72.43,0.1917999999999999,72.54,1
88.53,68.78,2.78,19.6,0.302,67.45,0.2371899999999999,68.48,1
96.57,70.15,3.51,25.4,0.453,67.38499999999999,0.201115,67.87,1
80.94,48.98,2.76,14.8,0.557,59.48,0.35086,61.65,1
67.61,44.61,2.39,13.9,0.6940000000000001,55.345,0.4296949999999999,51.02,0
94.63,75.02,4.0,29.8,0.294,76.83500000000001,0.165915,80.44,1
82.58,64.52,2.92,25.0,0.5309999999999999,69.89,0.26645,67.34,1
72.53,60.4,3.17,23.7,0.224,57.28,0.35684,64.03,1
85.13,50.05,2.0,15.4,0.754,44.045,0.377195,55.35,0
65.64,77.57,3.65,28.8,0.376,69.475,0.296305,66.27,1
92.29,75.76,3.43,19.9,0.102,78.22,0.1688999999999999,78.02,1
98.98,67.48,2.89,22.9,0.8140000000000001,70.515,0.1900949999999999,65.27,1
66.22,59.85,2.96,17.5,0.13,60.64,0.37365,66.4,1
65.7,66.82,3.06,21.7,0.937,66.1,0.33844,57.85,0
80.02,59.48,2.83,18.6,0.175,56.52,0.33192,61.83,1
98.5,69.72,3.67,27.7,0.7110000000000001,72.85,0.17829,73.34,1
78.93,77.87,3.42,19.0,0.423,72.905,0.2319549999999999,70.8,1
93.39,69.68,3.27,26.2,0.553,72.58500000000001,0.1996449999999999,74.21,1
90.76,68.26,3.2,23.4,0.6990000000000001,76.83500000000001,0.2016749999999999,67.51,1
89.25,60.39,2.85,15.8,0.152,54.165000000000006,0.2993349999999999,62.97,1
85.11,67.61,3.74,21.7,0.294,76.755,0.226465,69.36,1
67.95,70.25,3.49,28.2,0.137,69.12,0.3100899999999999,68.95,1
79.39,46.7,2.45,14.8,0.235,42.16,0.41586,56.25,0
69.29,52.71,2.44,13.2,0.501,46.925,0.4239349999999999,56.95,0
75.9,78.18,3.1,25.8,0.172,71.28,0.24802,74.58,1
88.15,49.89,2.0,20.3,0.705,51.11,0.3444,60.53,1
80.5,62.1,2.89,27.3,0.8720000000000001,59.75,0.3124499999999999,65.87,1
82.21,77.84,3.64,22.5,0.537,82.38,0.1905,80.85,1
69.35,52.5,2.31,20.4,0.708,56.22,0.39644,51.94,0
93.55,46.05,2.0,16.2,0.4,50.365,0.336555,56.55,0
97.67,65.57,3.03,26.6,0.541,70.11,0.20228,77.39,1
82.61,57.38,2.89,23.9,0.105,58.84,0.3208999999999999,65.01,1
97.77,68.83,3.4,29.6,0.205,70.13499999999999,0.192025,81.29,1
65.03,65.92,2.21,21.4,0.798,63.650000000000006,0.35117,64.29,1
90.47,70.68,3.85,21.2,0.91,71.91499999999999,0.210335,72.09,1
97.77,66.74,2.96,29.9,0.63,72.155,0.192235,77.38,1
91.84,52.85,2.62,15.2,0.413,56.84,0.3035699999999999,62.34,1
94.65,65.45,2.58,27.7,0.6559999999999999,69.44,0.2167299999999999,66.5,1
81.89,66.64,3.2,21.0,0.122,56.895,0.3018349999999999,64.83,1
68.3,53.4,2.51,24.8,0.544,57.145,0.3951650000000001,54.83,0
68.76,74.02,2.75,26.0,0.377,57.115,0.331555,65.2,1
81.43,65.91,2.91,26.7,0.4519999999999999,67.945,0.272715,70.02,1
82.31,47.13,2.0,18.5,0.829,58.265,0.354575,53.64,0
81.6,65.36,3.26,23.8,0.567,70.455,0.266155,66.71,1
79.85,47.26,2.88,18.0,0.585,53.27,0.3790099999999999,50.02,0
78.16,61.91,2.48,16.0,0.9,68.46,0.29625,69.03,1
99.5,67.66,3.31,18.1,0.966,63.525000000000006,0.2084449999999999,69.53,1
92.6,65.35,3.3,26.7,0.6599999999999999,66.32,0.23459,70.88,1
75.21,52.66,3.27,22.7,0.442,51.61,0.38635,61.66,1
76.57,70.87,2.71,26.6,0.347,66.86500000000001,0.2805149999999999,70.6,1
76.77,48.85,2.04,13.0,0.8140000000000001,52.22,0.38971,52.63,0
97.73,66.1,3.04,24.9,0.702,69.3,0.20288,69.78,1
93.46,60.42,3.29,15.3,0.643,66.25,0.24615,65.15,1
80.06,46.18,2.0,18.6,0.106,42.835,0.412715,47.85,0
93.73,72.0,3.17,28.0,0.4309999999999999,79.495,0.170595,79.62,1
74.05,66.81,3.18,24.0,0.53,69.185,0.295815,71.61,1
73.88,56.56,3.08,22.3,0.418,62.91,0.34607,58.79,0
89.29,60.3,3.42,18.8,0.609,67.275,0.2601149999999999,69.56,1
99.13,64.25,2.8,22.5,0.7889999999999999,65.665,0.213735,64.81,1
80.24,58.12,2.96,18.8,0.641,58.535,0.329075,56.21,0
69.59,67.58,3.32,22.2,0.379,72.41999999999999,0.30164,69.28,1
96.26,79.12,3.66,22.8,0.5429999999999999,71.64,0.1626799999999999,75.19,1
78.98,69.16,3.49,17.4,0.607,68.815,0.270155,66.58,1
73.31,71.56,3.03,24.0,0.269,67.19,0.2905099999999999,73.46,1
72.18,65.82,3.03,20.6,0.999,56.335,0.344815,58.86,0
81.52,50.7,2.23,24.4,0.784,64.14500000000001,0.329385,58.47,0
74.28,63.09,2.66,19.2,0.2299999999999999,57.7,0.34051,58.62,0
65.71,69.59,2.92,22.4,0.819,78.63,0.2925,73.91,1
94.42,60.68,2.49,17.7,0.761,55.75,0.27303,61.79,1
89.31,64.07,2.48,22.2,0.25,57.005,0.279535,64.02,1
86.05,80.74,3.42,20.8,0.8939999999999999,80.31,0.17265,78.71,1
89.96,62.88,3.29,21.0,0.658,54.42,0.28826,60.26,1
97.94,81.01,3.02,28.5,0.868,72.29,0.1483399999999999,74.31,1
66.89,47.43,2.08,13.9,0.651,52.68000000000001,0.43211,52.53,0
76.22,45.99,2.56,18.8,0.215,62.18000000000001,0.3706099999999999,65.76,1
91.25,60.67,2.78,19.3,0.936,55.96,0.28511,58.7,0
81.09,49.99,2.0,21.5,0.265,50.08,0.37543,59.13,0
99.68,91.96,3.89,32.1,0.663,81.655,0.0804349999999999,84.5,1
65.63,81.9,3.95,28.7,0.931,79.21000000000001,0.25415,69.43,1
87.71,74.89,2.93,21.4,0.4509999999999999,70.485,0.213035,68.35,1
96.89,58.87,2.77,20.0,0.15,64.185,0.243275,65.55,1
83.36,72.47,3.75,25.7,0.78,79.225,0.211475,72.09,1
79.68,57.77,3.24,26.1,0.985,64.45,0.3146199999999999,55.89,0
97.78,75.87,3.06,23.8,0.502,65.64,0.1843499999999999,74.36,1
90.56,83.95,3.01,21.3,0.516,78.11500000000001,0.1515649999999999,75.22,1
72.53,63.64,2.54,20.9,0.959,57.735,0.345755,58.17,0
72.91,53.15,2.46,24.5,0.432,56.55,0.37926,59.12,0
86.93,78.3,3.89,30.8,0.975,85.58,0.16064,80.36,1
85.25,59.17,2.81,28.6,0.249,64.575,0.287765,67.1,1
80.95,66.21,3.32,21.8,0.289,68.395,0.272385,68.43,1
82.22,69.31,2.93,17.2,0.564,68.39,0.2580199999999999,68.28,1
79.93,77.47,3.1,28.5,0.4049999999999999,77.595,0.2150849999999999,74.15,1
87.6,61.65,2.22,24.4,0.544,61.17,0.28114,61.39,1
82.58,67.93,2.77,26.8,0.4049999999999999,67.0,0.2648899999999999,73.64,1
71.87,68.29,3.99,25.7,0.692,73.48,0.2872099999999999,71.26,1
75.19,82.63,3.34,29.9,0.735,78.255,0.216585,73.38,1
90.28,67.33,2.81,18.4,0.5559999999999999,74.805,0.2124749999999999,74.62,1
97.37,64.65,2.59,22.8,0.97,69.30000000000001,0.2086699999999999,62.08,1
92.02,78.39,3.93,26.3,0.981,76.535,0.167145,79.66,1
82.53,83.47,4.0,21.2,0.833,72.695,0.201385,70.05,1
69.06,37.47,2.12,13.1,0.525,44.25,0.4785999999999999,48.9,0
86.78,52.47,2.83,13.4,0.939,51.31,0.3415399999999999,58.14,0
79.18,48.95,2.49,14.2,0.258,43.525000000000006,0.4058549999999999,54.24,0
94.21,75.77,3.53,26.7,0.8109999999999999,72.985,0.176895,66.82,1
70.61,60.61,2.82,21.5,0.329,64.595,0.341945,66.24,1
67.69,67.01,3.15,20.2,0.123,56.385,0.359055,60.95,1
97.31,68.01,2.37,21.0,0.533,65.065,0.2115349999999999,70.7,1
86.78,44.84,2.3,25.0,0.3,53.48,0.35792,55.25,0
84.14,59.62,2.91,19.2,0.934,53.875,0.322955,59.7,0
70.81,68.82,3.22,19.8,0.702,59.84,0.3307799999999999,61.16,1
89.65,61.22,3.42,22.9,0.218,72.41499999999999,0.240495,72.32,1
95.45,78.62,3.76,23.4,0.934,82.775,0.1340149999999999,80.59,1
85.58,55.79,2.98,23.2,0.889,67.82499999999999,0.286835,63.44,1
73.88,67.57,3.15,23.2,0.61,70.045,0.291635,65.77,1
89.74,63.98,2.84,16.9,0.667,61.39,0.26493,62.38,1
97.35,70.8,2.85,26.2,0.136,75.08,0.17296,76.02,1
91.86,62.99,3.81,22.7,0.197,75.23,0.2178999999999999,68.34,1
68.11,63.21,4.0,20.1,0.92,65.75,0.34068,62.7,1
92.83,65.35,3.38,18.0,0.5559999999999999,70.18,0.22209,65.32,1
90.15,85.42,3.42,28.3,0.136,68.28999999999999,0.1782699999999999,77.82,1
98.53,53.31,2.31,16.6,0.122,53.13,0.28656,59.16,0
87.95,50.66,2.76,25.2,0.576,55.81,0.3287899999999999,60.3,1
87.62,69.04,3.41,22.4,0.954,76.095,0.2141149999999999,73.17,1
84.71,63.53,2.63,19.3,0.876,58.99,0.2936,62.19,1
90.88,61.97,3.24,26.8,0.912,64.62,0.25671,64.34,1
91.66,68.83,3.26,29.2,0.724,62.395,0.239685,64.14,1
74.8,69.36,3.3,27.3,0.393,71.9,0.27702,72.88,1
68.17,60.73,2.31,21.1,0.215,56.95,0.3742799999999999,65.32,1
92.43,76.61,3.28,27.0,0.208,65.78,0.2031099999999999,71.14,1
78.43,68.75,2.98,22.7,0.701,65.42,0.2837699999999999,66.39,1
79.95,60.82,3.37,20.7,0.369,65.07000000000001,0.3025299999999999,69.21,1
68.87,58.41,2.43,16.9,0.308,61.275000000000006,0.3654649999999999,56.3,0
88.39,73.77,3.46,22.9,0.985,70.085,0.214875,70.5,1
96.56,67.33,3.0,20.4,0.372,69.205,0.204155,67.78,1
85.78,62.21,2.71,21.0,0.6980000000000001,53.665000000000006,0.3092549999999999,63.63,1
69.86,55.12,2.26,16.6,0.969,53.76,0.39392,51.26,0
66.87,60.46,3.37,29.2,0.868,67.17500000000001,0.3496149999999999,62.63,1
65.39,55.95,2.09,20.5,0.204,49.285,0.4227349999999999,52.89,0
98.08,59.56,2.75,17.4,0.6980000000000001,57.905,0.255285,65.28,1
77.47,67.6,2.83,17.8,0.853,62.985,0.298365,59.99,0
89.11,52.77,3.34,19.8,0.925,73.345,0.265215,68.47,1
70.95,71.41,3.43,23.4,0.104,72.28,0.28513,76.21,1
65.66,51.68,2.4,13.7,0.943,52.365,0.425225,49.94,0
79.69,70.26,3.75,23.8,0.305,71.495,0.2559749999999999,66.44,1
78.32,46.74,3.15,26.4,0.38,49.285,0.3986450000000001,52.9,0
86.42,64.51,2.81,16.3,0.507,62.845,0.2722549999999999,64.22,1
82.1,70.38,3.46,27.3,0.362,74.765,0.236165,79.65,1
89.64,75.59,3.07,27.2,0.981,75.66,0.18769,74.1,1
96.04,66.99,2.9,29.4,0.735,63.27,0.2250599999999999,76.11,1
79.51,65.99,2.6,28.8,0.882,65.16,0.28851,60.3,1
78.74,62.75,3.46,25.8,0.8470000000000001,69.98,0.28685,70.02,1
99.95,75.65,3.41,31.0,0.643,82.71000000000001,0.1251199999999999,80.75,1
83.98,65.81,2.43,27.9,0.971,66.25999999999999,0.26787,71.05,1
92.54,81.33,4.0,29.7,0.407,88.49625,0.1203612499999999,81.58,1
98.21,61.82,3.01,20.4,0.8240000000000001,56.95,0.25085,59.43,0
89.83,64.81,3.0,27.9,0.6,72.08,0.2300099999999999,72.51,1
77.25,64.19,3.42,24.8,0.192,55.955,0.330565,57.4,0
81.84,43.23,2.21,13.1,0.752,42.625,0.4150749999999999,53.48,0
83.36,50.23,2.83,19.8,0.176,58.24,0.3411499999999999,59.25,0
93.29,61.87,2.3,17.5,0.8029999999999999,55.375,0.275105,55.69,0
82.34,78.31,2.99,24.2,0.877,69.55,0.2270599999999999,66.5,1
88.75,67.9,3.43,24.9,0.218,70.85499999999999,0.228735,73.52,1
69.52,65.19,2.98,23.9,0.819,60.18,0.34581,62.8,1
65.88,49.51,2.59,15.1,0.204,59.39,0.40978,51.95,0
81.24,58.6,2.75,17.1,0.791,63.735,0.308035,64.54,1
79.02,78.18,3.31,20.2,0.833,77.08,0.21814,71.06,1
98.29,50.83,2.0,15.2,0.922,47.565,0.3116549999999999,55.9,0
92.36,79.94,3.23,30.1,0.133,71.465,0.176345,71.8,1
67.81,68.06,3.69,29.2,0.188,72.74000000000001,0.3063599999999999,70.11,1
87.87,62.66,3.41,29.0,0.181,64.06,0.26836,70.4,1
84.49,72.44,2.43,16.9,0.1139999999999999,64.63,0.25083,66.2,1
89.13,51.13,2.07,16.9,0.209,50.515,0.338545,60.17,1
84.66,44.37,2.72,24.0,0.85,58.15,0.3538,57.39,0
75.24,59.66,2.54,21.4,0.8720000000000001,52.0,0.36406,58.41,0
97.76,75.4,3.59,30.2,0.503,81.685,0.1377049999999999,83.19,1
73.99,58.37,3.17,24.1,0.366,58.035,0.354825,60.4,1
90.62,65.24,2.63,27.7,0.629,73.47999999999999,0.22136,75.62,1
95.52,58.32,2.76,20.5,0.994,60.7,0.26086,64.48,1
70.61,84.68,4.0,29.3,0.409,91.16,0.19004,83.84,1
91.48,81.57,3.33,21.0,0.4059999999999999,68.00999999999999,0.18534,75.27,1
71.97,63.49,2.92,23.4,0.188,63.325,0.331675,67.15,1
85.78,65.76,3.19,24.1,0.208,71.565,0.2449049999999999,76.1,1
74.56,65.3,3.64,24.3,0.807,70.265,0.2950649999999999,67.16,1
87.01,51.41,2.83,23.2,0.542,50.43,0.3464399999999999,57.2,0
69.16,67.92,3.37,20.1,0.8160000000000001,62.215,0.332955,61.58,1
75.35,67.07,2.95,24.4,0.53,56.010000000000005,0.3293600000000001,62.9,1
94.98,51.2,2.67,15.4,0.319,60.6,0.28468,60.49,1
93.81,60.04,3.05,22.6,0.1699999999999999,62.825,0.256165,60.55,1
92.01,50.37,2.34,17.0,0.256,61.725,0.2956749999999999,66.07,1
74.54,78.6,3.77,29.0,0.959,80.75999999999999,0.22376,73.96,1
70.52,62.55,2.95,22.8,0.499,59.885000000000005,0.350615,60.05,1
68.32,55.64,2.49,25.6,0.521,47.125,0.418425,53.75,0
68.62,69.82,3.11,26.5,0.131,65.555,0.319395,68.06,1
70.45,61.88,2.6,18.2,0.796,60.97,0.3496499999999999,60.48,1
92.71,71.82,3.51,20.9,0.924,74.69,0.18963,71.32,1
79.01,77.03,2.91,22.7,0.5519999999999999,74.83,0.2283799999999999,77.4,1
91.34,54.77,3.29,24.6,0.758,56.595,0.3005449999999999,60.72,1
99.41,54.53,3.14,24.7,0.5589999999999999,61.665000000000006,0.253775,61.94,1
65.61,55.73,2.66,17.3,0.461,55.355,0.404305,56.58,0
95.22,60.03,2.75,26.4,0.27,54.975,0.274105,71.27,1
66.13,49.59,2.5,24.9,0.771,65.165,0.391215,57.4,0
73.56,51.03,2.69,18.4,0.3359999999999999,54.11,0.3903399999999999,57.5,0
89.04,58.47,2.53,26.1,0.313,57.475,0.2960049999999999,65.97,1
81.56,77.17,3.87,30.1,0.395,69.67,0.2332399999999999,74.2,1
85.25,41.99,2.66,15.6,0.191,51.845,0.3774949999999999,59.54,0
98.63,54.11,2.42,19.2,0.5389999999999999,64.49000000000001,0.2496799999999999,62.62,1
83.18,43.37,2.95,25.7,0.651,57.385000000000005,0.3650149999999999,57.19,0
95.13,60.36,3.04,24.7,0.536,70.02,0.22834,73.36,1
83.15,72.65,3.17,17.2,0.973,68.475,0.2440249999999999,67.36,1
92.74,74.1,2.73,24.9,0.558,68.575,0.201015,75.05,1
82.21,59.05,2.83,22.2,0.441,71.41499999999999,0.279765,65.44,1
76.74,55.85,2.95,28.8,0.795,64.595,0.3317049999999999,67.29,1
66.37,64.53,3.34,17.5,0.291,63.07,0.35172,67.06,1
83.73,57.36,3.52,29.8,0.47,73.495,0.272515,75.26,1
80.63,52.68,2.85,25.9,0.95,64.91499999999999,0.324695,66.15,1
82.07,52.77,2.11,12.1,0.485,49.575,0.364685,57.06,0
72.34,59.12,2.73,20.4,0.9,58.42,0.35802,59.01,0
98.55,77.02,2.77,26.2,0.294,73.70500000000001,0.1536249999999999,73.66,1
96.74,46.91,2.0,19.6,0.193,44.475,0.338885,56.5,0
95.88,64.44,3.03,19.9,0.407,69.91,0.21343,66.93,1
65.2,69.25,3.11,23.3,0.8109999999999999,65.565,0.334755,56.64,0
81.23,58.44,2.34,25.2,0.42,59.925,0.319985,60.31,1
97.74,66.72,2.93,23.8,0.842,75.09,0.18361,71.97,1
98.55,76.95,3.35,22.8,0.64,72.4,0.1577499999999999,80.59,1
87.32,83.75,3.76,29.0,0.211,82.705,0.151355,82.48,1
95.8,74.78,3.01,18.4,0.519,64.27,0.19965,65.02,1
84.47,77.31,3.96,21.7,0.386,86.515,0.170645,78.63,1
81.92,51.41,2.75,16.6,0.209,55.635000000000005,0.3511849999999999,62.91,1
66.49,64.47,3.51,24.1,0.422,56.415,0.371385,65.9,1
81.4,44.02,2.0,14.8,0.223,48.845,0.3958049999999999,52.3,0
72.43,81.5,4.0,25.0,0.509,78.08000000000001,0.2315399999999999,74.35,1
94.05,60.68,2.64,15.9,0.304,64.03999999999999,0.24964,65.49,1
89.49,44.03,2.25,19.3,0.746,45.650000000000006,0.373,56.83,0
65.58,67.47,3.27,19.9,0.8779999999999999,64.88499999999999,0.340615,58.39,0
75.39,54.25,2.85,20.2,0.924,59.72,0.35653,59.79,0
65.44,58.56,2.48,22.3,0.696,55.24,0.3968399999999999,58.25,0
86.59,79.84,3.15,21.8,0.76,70.75999999999999,0.20184,71.67,1
69.71,86.22,3.68,29.8,0.627,70.315,0.251555,70.67,1
88.54,46.16,2.37,23.5,0.593,53.73,0.34617,55.84,0
68.84,64.67,2.38,17.9,0.8220000000000001,61.975,0.3447049999999999,64.66,1
96.74,64.24,3.38,23.8,0.4519999999999999,62.11,0.23399,63.18,1
79.9,69.53,2.65,20.8,0.45,68.69,0.26574,68.99,1
85.96,43.97,2.0,19.6,0.844,42.31,0.39732,51.57,0
70.45,70.31,3.32,31.2,0.618,76.025,0.2791949999999999,68.33,1
84.7,51.0,2.34,24.1,0.611,52.245000000000005,0.3514649999999999,56.02,0
88.74,52.13,2.68,18.7,0.262,50.72,0.33649,59.35,0
97.35,76.91,2.82,27.8,0.939,64.38,0.18673,64.9,1
94.26,52.88,2.58,23.9,0.365,62.395,0.2771349999999999,63.51,1
80.41,67.13,2.7,23.2,0.745,61.84,0.29145,66.18,1
90.69,87.0,3.6,31.4,0.223,80.36500000000001,0.135145,83.57,1
66.6,57.35,3.27,15.6,0.385,58.38,0.38641,62.4,1
88.17,60.89,2.54,14.6,0.913,58.49,0.28918,59.65,0
90.7,53.59,2.53,19.9,0.967,59.385,0.2982749999999999,63.45,1
81.38,70.16,3.42,23.5,0.268,65.67500000000001,0.2669749999999999,73.8,1
68.32,89.55,4.0,31.4,0.7030000000000001,85.685,0.201015,84.17,1
72.47,65.83,2.99,21.0,0.665,50.975,0.359705,56.53,0
93.8,57.58,3.06,17.3,0.653,69.53999999999999,0.24344,64.41,1
81.85,67.15,3.65,18.1,0.986,70.53999999999999,0.25953,67.12,1
99.19,76.16,3.75,30.4,0.437,82.78999999999999,0.12639,76.37,1
84.56,69.83,2.95,24.1,0.359,64.16,0.2597899999999999,66.48,1
82.75,53.85,2.2,21.9,0.869,57.155,0.335985,55.61,0
71.85,52.12,2.23,17.9,0.6910000000000001,52.08,0.4,53.61,0
81.04,66.01,3.41,28.6,0.584,61.395,0.2936249999999999,62.77,1
72.88,74.78,3.54,26.5,0.521,66.685,0.284085,73.39,1
83.59,58.54,2.46,16.6,0.5980000000000001,61.115,0.306675,63.29,1
88.32,54.92,2.17,14.1,0.176,54.845,0.317425,62.46,1
69.93,70.26,2.64,21.7,0.885,58.735,0.3332949999999999,55.06,0
96.06,83.16,3.6,32.1,0.997,85.94,0.10846,80.53,1
94.36,74.04,3.4,26.3,0.324,69.4,0.1922399999999999,75.18,1
77.54,75.49,3.72,25.1,0.4049999999999999,68.36500000000001,0.258275,68.19,1
86.76,52.95,2.53,23.0,0.199,50.655,0.342145,60.88,1
83.48,62.6,3.2,20.6,0.479,67.03999999999999,0.27716,68.54,1
84.94,61.69,2.37,16.3,0.974,57.745,0.301935,66.76,1
73.32,76.97,3.44,20.3,0.5599999999999999,69.405,0.267595,72.12,1
67.68,58.86,2.66,25.7,0.2,62.19499999999999,0.3661149999999999,65.19,1
78.42,70.96,3.1,24.7,0.765,65.66499999999999,0.276445,66.08,1
91.72,67.36,3.12,22.9,0.489,61.685,0.245985,68.39,1
72.03,49.22,2.44,15.1,0.7070000000000001,53.515,0.403675,57.76,0
80.96,55.9,2.67,16.7,0.693,67.1,0.30716,63.24,1
97.47,64.29,2.99,18.5,0.275,58.05,0.2430999999999999,64.77,1
78.36,71.09,3.02,28.6,0.981,60.92,0.2905299999999999,63.76,1
87.87,56.45,2.68,23.2,0.461,61.705,0.2940549999999999,65.06,1
69.48,60.62,2.52,27.5,0.609,65.765,0.342925,68.1,1
78.55,59.29,3.33,21.6,0.398,55.74,0.34071,63.82,1
97.64,76.31,3.68,23.3,0.4549999999999999,75.86500000000001,0.1529149999999999,76.2,1
72.09,64.05,2.29,15.0,0.754,51.88,0.36385,55.23,0
88.55,68.15,2.0,16.9,0.369,49.935,0.291545,65.27,1
84.02,58.23,2.9,24.3,0.579,60.235,0.308525,63.88,1
92.66,77.96,3.9,30.3,0.615,67.32499999999999,0.193505,70.23,1
71.55,80.93,3.49,26.1,0.865,73.19,0.25144,68.83,1
85.36,67.58,3.5,26.2,0.914,74.75,0.23157,67.88,1
88.63,58.4,3.05,19.6,0.484,55.585,0.303525,63.42,1
73.77,41.04,2.34,21.4,0.682,49.195,0.4342149999999999,47.48,0
89.28,56.9,3.08,19.6,0.253,63.055,0.2830149999999999,66.24,1
76.05,46.07,2.07,14.3,0.324,47.925,0.413815,49.56,0
65.75,57.8,3.35,19.7,0.5860000000000001,58.86,0.38702,58.02,0
78.14,57.48,2.77,13.8,0.5,57.325,0.3430249999999999,61.33,1
69.0,50.89,2.05,20.4,0.852,49.405,0.4231149999999999,55.53,0
71.2,55.67,2.26,23.2,0.189,52.59,0.39042,57.54,0
71.92,76.86,3.62,24.2,0.693,76.93,0.25095,66.4,1
87.81,75.66,3.53,17.5,0.323,72.12,0.20542,73.77,1
66.55,84.4,2.99,24.2,0.5519999999999999,65.13,0.28521,71.68,1
94.9,67.17,3.32,18.8,0.8859999999999999,64.58500000000001,0.2251349999999999,62.73,1
76.14,55.49,2.84,16.6,0.1159999999999999,55.675,0.361945,58.33,0
93.21,69.47,3.32,24.2,0.545,71.07,0.20554,72.26,1
75.8,54.58,2.39,16.1,0.9,50.935,0.380255,54.9,0
91.96,72.12,3.48,28.1,0.609,83.285,0.165945,83.58,1
87.72,63.25,3.07,24.7,0.883,62.705,0.271255,63.12,1
72.17,67.14,3.11,20.5,0.449,73.065,0.2907049999999999,66.41,1
92.25,59.19,2.92,18.5,0.899,70.4,0.24223,65.87,1
92.99,74.22,3.56,28.3,0.363,73.905,0.183665,85.18,1
99.14,68.58,3.02,25.8,0.311,61.61,0.21287,64.88,1
99.99,76.26,3.77,32.0,0.8140000000000001,77.22,0.1396,78.04,1
65.28,56.98,2.51,25.2,0.251,60.605,0.386125,62.95,1
66.18,60.18,3.36,23.5,0.599,68.28,0.3498999999999999,63.44,1
84.31,74.13,2.21,26.6,0.3319999999999999,61.68,0.25533,75.05,1
69.28,74.67,3.31,23.6,0.1399999999999999,69.25,0.29112,67.24,1
95.58,85.02,3.39,28.2,0.295,73.495,0.142135,82.63,1
66.18,70.63,3.87,25.6,0.946,74.33000000000001,0.3004,65.33,1
70.08,93.31,4.0,30.7,0.238,87.91624999999999,0.17600125,87.97875000000002,1
99.01,63.9,2.58,22.9,0.6759999999999999,55.99,0.2442899999999999,63.66,1
71.94,47.74,2.41,20.9,0.9,49.915000000000006,0.4192749999999999,55.33,0
99.66,68.88,3.33,27.7,0.648,63.06,0.20554,73.88,1
96.25,81.46,4.0,28.0,0.561,82.33500000000001,0.1236149999999999,78.78,1
78.35,34.55,2.0,17.5,0.632,36.11687500000001,0.4745993749999999,45.04,0
99.02,58.78,2.9,19.1,0.889,49.545,0.278945,59.07,0
91.06,65.85,2.62,16.4,0.728,69.1,0.23091,70.29,1
94.53,72.05,3.56,20.1,0.787,80.74000000000001,0.1635099999999999,73.02,1
82.36,94.50125,3.82,22.9,0.623,88.840625,0.120534375,86.84,1
68.85,46.11,2.18,14.7,0.29,46.545,0.446635,51.88,0
96.47,65.01,2.53,21.2,0.6679999999999999,67.58,0.21635,66.54,1
76.91,71.34,2.95,27.9,0.345,67.64500000000001,0.2754049999999999,76.41,1
97.84,77.53,3.12,19.0,0.709,71.655,0.161085,68.28,1
73.21,63.19,3.04,16.9,0.534,65.57,0.32088,61.37,1
74.87,57.87,2.0,25.2,0.337,57.3,0.35501,58.75,0
79.19,71.96,3.75,20.5,0.767,75.46,0.24098,70.67,1
71.98,54.49,2.65,24.8,0.901,54.645,0.384675,60.23,1
74.5,53.75,2.21,17.7,0.54,54.14,0.37833,61.99,1
98.0,70.22,2.65,21.7,0.193,52.485,0.239885,64.93,1
81.22,58.99,2.62,16.3,0.729,55.485,0.331695,58.32,0
97.27,73.7,2.39,17.5,0.5589999999999999,64.36500000000001,0.1967249999999999,65.92,1
79.29,51.12,2.76,23.7,0.331,53.1,0.3701799999999999,59.5,0
84.92,52.52,2.88,17.9,0.353,68.455,0.297395,65.75,1
82.0,81.65,3.9,21.2,0.284,82.02000000000001,0.1809899999999999,73.85,1
88.92,52.74,2.55,20.1,0.732,64.105,0.2937849999999999,64.53,1
78.19,61.09,3.28,25.5,0.763,64.08,0.31173,63.34,1
91.11,58.12,2.61,17.0,0.8859999999999999,60.525000000000006,0.279625,63.92,1
88.77,59.41,2.58,27.0,0.1699999999999999,64.36500000000001,0.273595,64.47,1
94.77,62.39,2.53,15.7,0.4019999999999999,60.715,0.2516049999999999,65.88,1
77.28,74.59,3.22,20.0,0.591,66.92,0.26635,71.87,1
87.77,71.12,3.03,19.3,0.722,72.83,0.21707,74.21,1
65.34,58.72,2.97,20.0,0.924,52.5,0.4049799999999999,52.81,0
96.87,49.01,2.69,14.7,0.983,53.77,0.30418,58.99,0
96.91,69.57,3.13,22.5,0.295,70.25999999999999,0.19287,83.78,1
70.74,33.71125000000001,2.0,13.3,0.477,52.635000000000005,0.4580012499999999,45.81,0
75.11,63.64,3.05,20.1,0.92,64.43,0.3153499999999999,59.04,0
76.56,72.4,3.21,24.2,0.857,69.07,0.26935,68.73,1
98.81,39.57,2.0,19.3,0.29,45.075,0.3508249999999999,56.8,0
86.26,69.81,2.37,20.8,0.973,55.47,0.27912,62.48,1
71.54,79.12,3.23,32.5,0.725,78.89500000000001,0.2397949999999999,79.86,1
98.95,74.76,2.92,18.6,0.1139999999999999,60.615,0.1980749999999999,68.7,1
73.73,58.79,2.81,21.4,0.157,70.19,0.31814,65.16,1
69.41,58.92,2.35,18.2,0.5690000000000001,55.84,0.3780799999999999,59.24,0
80.17,74.94,3.78,27.8,0.414,77.87,0.2208899999999999,70.93,1
82.86,72.14,3.07,16.9,0.7929999999999999,75.51,0.22561,68.96,1
94.14,69.0,2.05,20.7,0.883,70.095,0.2061549999999999,67.55,1
83.22,70.47,2.71,25.4,0.515,61.645,0.270775,64.11,1
68.46,85.35,3.36,28.4,0.8320000000000001,69.23500000000001,0.262405,69.21,1
79.15,67.16,2.87,25.0,0.8539999999999999,53.3,0.32202,63.16,1
83.14,88.37,4.0,24.7,0.905,89.78125,0.13298625,82.87,1
70.22,75.05,3.5,25.3,0.562,72.52,0.27641,71.62,1
68.4,64.84,2.85,28.2,0.237,66.155,0.3334149999999999,68.07,1
90.16,71.23,3.65,24.1,0.7929999999999999,71.5,0.2111699999999999,70.18,1
77.54,50.24,2.81,26.3,0.673,57.385000000000005,0.3669649999999999,61.11,1
90.82,50.84,2.1,15.8,0.7969999999999999,51.88,0.32856,58.6,0
70.44,48.7,2.39,16.8,0.284,57.335,0.400135,60.29,1
84.73,70.67,3.28,17.8,0.963,74.945,0.224235,68.91,1
85.38,44.71,2.12,15.7,0.965,43.735,0.393145,47.82,0
82.23,73.39,3.12,21.4,0.794,69.655,0.2419449999999999,71.99,1
74.51,56.28,2.89,25.2,0.957,57.1,0.36182,60.23,1
98.05,93.53,4.0,27.0,0.186,85.65,0.0702599999999999,87.97875000000002,1
88.56,63.39,3.11,26.9,0.6809999999999999,66.425,0.2563149999999999,70.95,1
93.31,70.03,3.34,19.3,0.318,72.475,0.199245,72.75,1
66.34,64.8,3.03,20.0,0.599,56.27,0.37143,60.75,1
80.52,60.88,3.19,15.6,0.67,54.78,0.33094,53.23,0
91.93,60.82,2.45,22.5,0.4059999999999999,57.725,0.276645,64.83,1
94.27,70.09,2.8,25.5,0.579,65.545,0.216015,69.84,1
71.83,71.01,2.7,28.6,0.627,63.1,0.3103499999999999,68.06,1
66.74,70.61,3.5,29.2,0.893,82.8,0.27281,69.54,1
84.66,59.8,2.74,27.2,0.772,63.705,0.2908450000000001,66.21,1
76.15,58.18,2.59,22.5,0.721,52.405,0.3636449999999999,57.41,0
95.98,72.36,3.08,20.4,0.4549999999999999,72.96000000000001,0.1801199999999999,71.94,1
96.84,58.21,2.09,20.5,0.519,63.120000000000005,0.2486499999999999,69.07,1
80.82,63.36,2.94,24.8,0.316,67.87,0.2830299999999999,70.55,1
87.88,59.88,3.13,22.3,0.257,58.255,0.2940750000000001,67.67,1
75.77,70.86,3.08,23.8,0.6940000000000001,64.6,0.29054,67.95,1
91.55,60.64,2.57,24.5,0.448,63.215,0.262235,61.64,1
97.95,69.68,3.45,20.6,0.298,74.595,0.1753749999999999,73.9,1
87.41,64.77,3.21,27.7,0.692,62.035,0.269945,69.3,1
97.76,57.77,2.92,23.4,0.563,65.225,0.2399749999999999,66.79,1
82.0,62.49,3.15,23.7,0.499,64.965,0.289635,66.81,1
83.06,54.59,2.52,15.5,0.725,49.2,0.35639,50.46,0
95.23,61.78,2.56,27.7,0.5429999999999999,62.435,0.2464349999999999,67.91,1
93.78,55.47,2.26,23.3,0.71,47.825,0.3149949999999999,52.58,0
80.5,80.98,3.9,24.6,0.288,82.75,0.18681,78.42,1
92.71,69.22,3.06,26.7,0.199,72.095,0.205215,73.76,1
66.7,73.24,3.02,27.5,0.356,70.735,0.3012749999999999,71.6,1
72.13,64.32,3.89,22.2,0.3419999999999999,64.835,0.324015,66.12,1
92.37,68.17,3.16,17.6,0.411,76.11500000000001,0.1976649999999999,72.53,1
73.79,64.24,3.12,18.4,0.899,77.3,0.2802199999999999,66.99,1
76.81,58.53,2.44,25.8,0.469,57.545,0.344535,65.69,1
83.44,50.84,2.4,10.6,0.614,46.89,0.37305,53.3,0
78.94,69.49,2.86,21.1,0.95,60.51,0.29424,58.86,0
83.0,68.81,3.23,23.0,0.7969999999999999,74.1,0.2392699999999999,71.23,1
83.8,69.6,3.84,20.8,0.977,68.15,0.25155,66.46,1
79.22,52.85,2.31,14.9,0.631,50.575,0.3728449999999999,50.98,0
91.36,73.0,3.31,27.6,0.534,67.07499999999999,0.214335,73.25,1
89.24,59.48,3.36,28.0,0.491,80.50999999999999,0.22307,75.34,1
84.75,59.08,3.27,21.7,0.384,69.805,0.2743449999999999,69.22,1
85.78,80.62,3.39,29.9,0.554,77.055,0.1838549999999999,79.6,1
72.45,58.12,2.62,18.4,0.384,54.76,0.37156,59.65,0
79.7,56.35,2.96,15.4,0.938,61.345,0.3281149999999999,62.04,1
77.05,78.34,3.8,20.8,0.283,76.61,0.22695,76.01,1
88.96,51.75,2.25,15.9,0.1689999999999999,57.315,0.316965,60.01,1
75.22,58.16,3.02,28.4,0.393,60.81999999999999,0.34218,63.76,1
69.14,67.53,2.82,26.5,0.5820000000000001,60.705,0.338735,63.42,1
73.77,78.28,3.28,27.9,0.687,60.05,0.28993,67.29,1
92.07,70.91,2.68,19.5,0.224,64.595,0.225205,69.56,1
87.02,72.31,3.15,26.8,0.399,64.43,0.2416999999999999,70.58,1
94.25,50.65,2.7,17.9,0.399,59.735,0.291845,60.03,1
96.09,76.68,3.13,25.9,0.231,76.89,0.1549299999999999,80.92,1
74.07,74.81,3.72,30.3,0.945,77.725,0.246115,69.93,1
84.14,64.72,3.16,28.5,0.592,63.425,0.279005,67.45,1
84.79,52.68,2.91,15.0,0.72,51.735,0.3475949999999999,52.5,0
97.36,54.56,2.48,23.3,0.465,60.37,0.26577,64.49,1
66.44,71.76,3.36,21.9,0.581,64.97,0.32405,67.15,1
67.31,51.89,3.01,21.9,0.769,57.97,0.40118,56.68,0
91.04,59.87,3.06,18.3,0.7230000000000001,66.55,0.25658,64.69,1
77.78,83.67,3.6,25.2,0.262,76.02,0.20981,73.35,1
67.69,74.69,3.53,21.2,0.827,69.2,0.29757,72.87,1
86.2,48.39,2.93,14.0,0.189,48.435,0.3647249999999999,56.03,0
67.02,60.83,2.73,26.6,0.77,61.3,0.36553,56.81,0
97.26,61.65,2.65,17.8,0.497,66.69,0.22594,66.08,1
71.7,70.58,2.92,30.8,0.92,70.38499999999999,0.290305,72.45,1
88.18,46.26,2.63,13.4,0.1699999999999999,47.41,0.3662699999999999,52.92,0
94.78,76.14,3.55,26.6,0.576,86.425,0.133185,77.23,1
81.64,58.87,3.09,19.7,0.825,62.97,0.30792,62.48,1
98.3,45.46,2.7,20.4,0.11,61.43000000000001,0.28613,65.48,1
66.6,77.48,3.19,28.5,0.417,68.4,0.29596,73.55,1
84.0,66.12,2.34,27.2,0.787,70.435,0.254335,65.93,1
97.7,72.22,2.82,19.0,0.3379999999999999,68.64,0.1866199999999999,69.36,1
95.3,76.66,3.1,24.4,0.438,76.49000000000001,0.15935,76.13,1
92.47,69.87,3.3,28.7,0.237,76.3,0.1916099999999999,77.74,1
83.1,71.52,3.03,27.9,0.678,70.22,0.24238,78.02,1
94.34,70.2,3.14,21.3,0.925,66.78,0.2116999999999999,68.49,1
78.13,47.39,2.38,19.5,0.727,37.480625,0.432868125,47.89,0
77.05,68.27,2.62,16.8,0.849,64.89,0.2923199999999999,64.55,1
81.76,59.95,2.91,25.7,0.161,54.465,0.329715,59.22,0
83.81,58.13,2.51,22.8,0.292,61.635000000000005,0.3054649999999999,68.09,1
72.95,82.73,3.84,30.0,0.5730000000000001,82.23,0.2133199999999999,72.94,1
76.84,54.62,2.55,26.7,0.506,55.02,0.36372,60.98,1
82.1,66.95,3.44,22.8,0.387,74.64,0.24683,77.72,1
85.02,65.99,2.64,17.3,0.352,62.58,0.27421,66.3,1
66.42,75.17,3.42,22.5,0.112,74.53999999999999,0.28519,74.64,1
94.02,55.17,3.1,18.3,0.31,68.06,0.25423,66.74,1
93.08,86.34,3.66,32.8,0.3259999999999999,82.285,0.121805,83.34,1
83.62,67.72,2.89,17.0,0.1389999999999999,64.6,0.26856,64.88,1
81.9,55.11,2.47,20.1,0.65,46.63,0.3671799999999999,57.51,0
81.12,70.06,3.07,28.3,0.622,59.605,0.286525,67.15,1
85.9,43.07,2.0,18.5,0.314,40.27,0.4063799999999999,47.06,0
96.3,68.17,3.06,25.8,0.918,65.84,0.21277,72.46,1
93.98,77.31,3.44,18.8,0.558,77.49000000000001,0.1596799999999999,75.39,1
78.56,70.35,3.06,19.2,0.584,76.38499999999999,0.245555,67.32,1
89.05,58.98,2.73,18.0,0.124,47.43,0.32457,61.92,1
73.22,59.82,3.13,24.0,0.808,60.355,0.346595,56.97,0
75.22,77.04,2.89,24.7,0.106,66.42,0.26874,68.51,1
96.65,58.16,2.8,29.2,0.285,68.065,0.234725,74.95,1
96.58,79.68,2.83,18.9,0.77,77.765,0.141345,76.55,1
89.69,61.29,2.54,25.6,0.7969999999999999,64.21,0.26474,67.93,1
97.16,62.61,2.77,19.2,0.563,71.08500000000001,0.2102749999999999,68.03,1
96.34,63.24,3.01,22.9,0.4589999999999999,71.13499999999999,0.2115149999999999,70.63,1
84.28,53.41,3.15,24.4,0.6940000000000001,59.195,0.325065,59.6,0
75.37,69.91,2.81,17.0,0.217,68.67,0.28278,70.41,1
88.83,90.28,4.0,25.0,0.592,86.49625,0.1143512499999999,75.46,1
83.6,59.64,2.41,19.2,0.662,53.645,0.325745,62.36,1
68.8,50.96,2.18,24.0,0.7769999999999999,44.865,0.437325,53.72,0
72.16,64.99,2.96,22.0,0.134,51.29,0.36252,55.79,0
92.1,64.2,2.84,19.3,0.541,69.535,0.230395,71.11,1
83.1,67.26,2.87,20.7,0.5740000000000001,61.755,0.280555,63.29,1
93.46,76.05,3.49,29.9,0.206,68.19999999999999,0.19341,78.74,1
92.45,90.1,3.36,29.1,0.111,84.81,0.10547,82.58,1
75.45,51.79,2.88,22.6,0.1699999999999999,54.425,0.379555,60.04,1
66.2,87.81,4.0,31.2,0.584,84.065,0.219575,78.9,1
66.78,76.8,3.93,32.3,0.4389999999999999,75.215,0.276835,78.77,1
66.36,92.21,3.87,29.5,0.853,76.35499999999999,0.2288650000000001,76.15,1
68.35,67.91,3.16,26.8,0.6990000000000001,59.625,0.343995,66.16,1
89.31,71.27,3.21,27.4,0.77,65.77,0.23164,69.32,1
73.77,54.64,2.69,14.6,0.997,56.53,0.3714099999999999,56.72,0
90.65,63.25,2.4,18.4,0.5940000000000001,59.885,0.267995,63.28,1
71.99,51.95,2.77,18.6,0.612,59.015,0.379145,55.49,0
85.4,59.94,2.65,23.2,0.92,57.66,0.3056,65.11,1
71.73,64.11,3.26,20.2,0.1659999999999999,69.345,0.312715,65.88,1
73.61,65.6,3.8,25.0,0.644,76.375,0.279635,65.53,1
66.59,80.49,3.24,28.4,0.242,77.41499999999999,0.259925,72.33,1
69.03,53.18,2.21,25.7,0.1399999999999999,60.955,0.381475,63.57,1
76.96,74.83,3.15,17.8,0.109,63.56,0.27699,70.61,1
92.91,62.51,2.68,23.1,0.247,62.965,0.251935,66.33,1
66.31,77.67,3.93,30.4,0.137,69.285,0.2938949999999999,76.08,1
82.15,47.43,2.33,16.9,0.124,49.63,0.38022,57.25,0
85.15,60.57,3.17,21.5,0.4309999999999999,70.28,0.26685,67.9,1
70.02,44.76,2.26,18.9,0.7190000000000001,43.49,0.4551699999999999,52.66,0
85.63,62.09,2.74,25.0,0.953,55.67,0.3042,61.75,1
72.14,53.01,2.46,20.1,0.38,59.565,0.3737149999999999,61.72,1
90.16,67.86,3.33,18.4,0.243,69.745,0.226545,66.59,1
98.48,52.94,2.44,23.6,0.1659999999999999,65.405,0.2510449999999999,76.87,1
98.77,71.63,3.53,29.4,0.104,73.47999999999999,0.16959,80.41,1
83.57,60.83,2.44,21.7,0.512,53.535,0.322625,62.88,1
84.07,77.14,3.77,29.8,0.771,81.99,0.18633,76.07,1
98.6,60.0,2.75,24.7,0.379,57.195,0.254015,66.61,1
68.84,60.72,2.87,25.1,0.782,63.495000000000005,0.3519949999999999,63.64,1
66.79,66.37,2.71,27.9,0.666,61.52,0.34917,59.47,0
72.12,68.82,3.07,27.3,0.1629999999999999,63.56,0.3143799999999999,65.62,1
81.88,60.68,3.09,19.2,0.359,66.38,0.2913,70.66,1
81.52,64.38,3.02,27.3,0.142,70.735,0.268575,71.24,1
67.14,66.14,3.53,32.4,0.967,83.125,0.283645,68.53,1
88.78,63.61,2.61,26.3,0.497,64.71000000000001,0.25992,64.77,1
99.09,68.23,3.68,20.2,0.47,72.91499999999999,0.1802049999999999,72.86,1
96.29,63.88,2.64,27.5,0.978,68.12,0.2188399999999999,67.66,1
78.77,70.11,3.59,25.5,0.112,66.61500000000001,0.274745,68.19,1
94.2,63.59,3.12,27.8,0.948,73.97999999999999,0.2104899999999999,75.82,1
95.1,73.86,3.44,21.0,0.85,68.68,0.19198,67.47,1
84.58,78.71,3.94,30.4,0.304,82.85,0.177,77.12,1
86.36,76.12,2.55,23.6,0.199,63.260000000000005,0.2364199999999999,70.21,1
87.59,74.27,3.18,17.6,0.951,66.42,0.2275699999999999,65.11,1
97.83,47.06,2.53,14.3,0.891,50.565,0.315805,59.9,0
82.54,40.59,2.0,20.9,0.721,52.715,0.3899249999999999,48.36,0
79.08,70.89,3.22,29.3,0.72,79.09,0.2337399999999999,70.58,1
85.98,73.2,2.84,22.3,0.761,68.95,0.2296299999999999,70.25,1
90.99,68.46,3.36,24.6,0.726,66.28,0.23182,70.66,1
71.33,56.31,2.64,19.3,0.313,61.185,0.362195,65.47,1
75.97,73.24,3.56,20.3,0.817,76.325,0.247425,75.59,1
97.01,62.78,3.11,27.5,0.92,67.345,0.2215849999999999,71.38,1
80.64,63.29,2.75,16.0,0.9,62.175,0.301045,62.71,1
84.01,80.56,2.67,18.4,0.606,73.345,0.2022449999999999,78.23,1
82.73,59.02,2.5,19.2,0.8140000000000001,58.54,0.3164,59.24,0
74.12,58.95,2.43,20.8,0.151,62.735,0.338465,61.21,1
98.08,50.35,2.38,17.9,0.22,48.445,0.311295,55.36,0
95.56,45.12,2.36,19.5,0.513,61.29,0.2985299999999999,59.74,0
78.51,72.3,3.63,22.7,0.237,65.96000000000001,0.27118,65.25,1
87.82,81.98,3.38,27.8,0.41,71.025,0.189705,76.12,1
79.37,78.39,3.09,28.4,0.581,73.555,0.2266849999999999,72.5,1
89.35,65.47,3.18,27.5,0.184,74.16,0.22371,73.32,1
70.74,64.76,2.17,20.7,0.928,57.650000000000006,0.3498099999999999,60.44,1
91.37,67.41,2.9,27.4,0.314,71.53999999999999,0.21767,70.79,1
91.9,63.21,3.17,27.6,0.371,67.83,0.2392799999999999,69.01,1
78.38,66.6,2.96,20.8,0.187,67.77000000000001,0.28337,71.42,1
71.26,82.72,3.4,24.8,0.615,67.74,0.26358,71.51,1
69.08,75.44,2.92,21.9,0.932,63.495,0.306875,62.49,1
66.31,64.09,2.86,22.4,0.929,55.94,0.37467,59.37,0
91.26,44.29,2.7,17.5,0.6519999999999999,54.370000000000005,0.3389799999999999,53.68,0
73.48,45.82,2.52,15.7,0.217,42.260625000000005,0.4418381249999999,49.9,0
98.73,77.43,3.03,15.6,0.787,67.83,0.1692999999999999,72.78,1
97.2,55.84,2.53,18.3,0.572,58.815,0.267235,63.6,1
89.45,91.03,3.72,24.3,0.1389999999999999,84.14500000000001,0.1166749999999999,85.37,1
99.38,57.83,3.44,29.2,0.152,74.37,0.20588,76.47,1
90.29,57.25,3.02,20.7,0.5730000000000001,67.405,0.2648749999999999,60.25,1
77.37,74.92,3.52,20.5,0.235,65.97,0.26785,71.24,1
81.92,71.08,2.61,23.1,0.54,69.845,0.249545,69.27,1
92.61,73.18,3.4,29.1,0.658,71.055,0.1968549999999999,69.8,1
99.18,59.34,3.07,27.0,0.5599999999999999,65.71000000000001,0.2281299999999999,67.32,1
83.11,83.4,4.0,28.6,0.521,85.875,0.159735,80.86,1
85.56,63.42,3.18,22.7,0.937,79.295,0.2296149999999999,70.11,1
83.1,65.72,2.26,21.7,0.407,60.895,0.287755,63.62,1
88.23,64.31,2.94,25.1,0.1689999999999999,67.125,0.2527749999999999,72.9,1
82.58,50.28,2.53,15.9,0.339,47.625,0.375965,57.21,0
75.42,36.88,2.41,22.1,0.129,48.83,0.4411899999999999,54.16,0
78.21,75.0,2.97,22.4,0.281,79.505,0.223645,73.7,1
83.82,64.14,3.17,28.7,0.651,73.685,0.251245,71.24,1
70.38,89.2,3.61,28.6,0.779,77.9,0.21718,72.44,1
83.46,73.12,3.37,27.3,0.5940000000000001,72.875,0.228175,74.86,1
79.01,60.23,2.58,19.6,0.5940000000000001,64.56,0.30959,63.7,1
98.44,58.22,2.66,15.3,0.912,59.94499999999999,0.251745,59.55,0
87.8,63.24,3.31,18.6,0.5660000000000001,71.995,0.243095,69.33,1
96.71,72.94,3.3,25.8,0.284,73.275,0.174515,75.94,1
67.74,71.79,3.11,27.5,0.636,67.92,0.30991,68.96,1
88.53,76.56,3.35,21.6,0.438,75.945,0.188365,74.54,1
89.3,41.93,2.59,13.0,0.982,51.4,0.3628099999999999,52.0,0
78.26,70.65,3.8,30.5,0.1139999999999999,73.38,0.2548699999999999,77.48,1
93.36,69.08,3.05,29.1,0.7809999999999999,63.47,0.2289099999999999,74.02,1
79.96,60.0,3.12,16.2,0.8470000000000001,63.870000000000005,0.30855,67.35,1
86.23,79.39,3.39,28.0,0.89,85.345,0.160875,73.49,1
96.42,65.8,3.23,27.8,0.6950000000000001,63.815,0.2254749999999999,68.68,1
96.41,72.27,3.06,20.5,0.53,80.78999999999999,0.15518,74.4,1
80.86,62.56,2.5,16.4,0.208,54.82,0.32442,60.61,1
98.7,79.66,3.65,25.7,0.533,82.475,0.118795,79.68,1
96.14,72.71,3.34,25.4,0.581,72.275,0.1804849999999999,78.24,1
98.96,69.76,3.67,24.4,0.244,89.78625,0.12552125,84.02,1
94.78,50.75,2.24,18.4,0.385,54.115,0.306285,59.64,0
72.44,55.79,3.4,16.8,0.571,75.78,0.31553,64.86,1
97.65,76.91,3.0,29.5,0.387,71.74,0.1634499999999999,77.95,1
78.55,64.11,2.8,18.3,0.65,72.515,0.275925,69.46,1
76.37,33.97,2.15,10.6,0.227,42.39,0.4654399999999999,47.82,0
78.31,75.99,3.01,20.4,0.356,71.68,0.24375,70.23,1
85.05,59.53,3.0,17.0,0.302,63.745,0.289975,63.6,1
97.36,67.51,3.04,25.3,0.5860000000000001,65.82,0.21057,69.55,1
97.07,88.08,3.64,27.9,0.964,88.010625,0.083448125,83.74,1
75.15,81.88,3.07,23.8,0.135,72.65,0.2358099999999999,74.87,1
87.14,64.28,2.76,25.3,0.771,61.11,0.27527,58.73,0
84.44,60.58,2.68,15.8,0.301,63.785,0.289145,63.14,1
93.01,84.05,4.0,32.0,0.301,86.55,0.11616,80.88,1
97.87,59.63,2.7,25.5,0.231,61.545,0.2449949999999999,68.28,1
90.65,51.91,2.71,22.4,0.808,56.77,0.3113599999999999,59.04,0
90.51,63.6,2.97,17.5,0.421,62.29,0.2602899999999999,61.95,1
74.48,44.77,2.51,25.1,0.678,44.31,0.4348399999999999,51.81,0
71.88,62.54,3.11,17.7,0.206,61.835,0.3393550000000001,59.17,0
68.61,62.41,2.39,18.7,0.188,55.33,0.37234,65.86,1
95.74,45.37,2.22,12.6,0.102,49.83,0.33144,58.36,0
95.17,47.51,2.34,24.9,0.223,55.165000000000006,0.311295,62.81,1
96.61,73.67,3.42,18.5,0.601,73.75,0.1712999999999999,71.55,1
67.76,34.98,2.32,23.9,0.263,45.985,0.4860649999999999,50.1,0
82.74,61.18,2.29,19.3,0.549,57.945,0.3116649999999999,62.6,1
78.54,57.39,3.48,23.9,0.426,61.870000000000005,0.3280599999999999,62.9,1
71.37,54.83,2.51,17.8,0.49,59.995000000000005,0.370045,53.78,0
90.15,49.25,2.12,18.9,0.8880000000000001,49.665,0.3426549999999999,55.2,0
77.88,69.76,3.5,20.3,0.4559999999999999,57.115,0.307855,63.39,1
85.84,65.35,3.71,27.7,0.461,73.735,0.239385,73.1,1
95.31,48.44,2.7,21.4,0.746,64.095,0.281155,59.03,0
72.02,59.33,2.5,22.6,0.496,56.675,0.363905,58.15,0
87.46,78.1,3.32,28.1,0.667,85.435,0.159555,80.02,1
87.34,54.37,2.14,12.6,0.714,49.755,0.338265,50.14,0
69.12,72.16,3.27,19.6,0.7809999999999999,71.86,0.29146,67.34,1
86.79,74.4,3.45,32.4,0.442,80.78,0.1872999999999999,79.07,1
85.83,63.83,3.39,21.7,0.653,63.010000000000005,0.27616,67.95,1
77.22,63.34,3.42,26.8,0.261,52.155,0.3446349999999999,64.01,1
76.11,67.23,3.27,27.3,0.876,66.75,0.2936199999999999,66.37,1
67.86,50.88,2.0,19.0,0.907,36.580625,0.466178125,43.84875,0
92.33,58.87,2.82,15.6,0.8160000000000001,67.62,0.25121,65.23,1
83.46,59.23,2.77,23.7,0.161,64.56,0.29479,63.8,1
98.65,84.16,3.46,26.3,0.38,79.58,0.1141799999999999,79.76,1
89.16,71.4,2.94,23.5,0.865,66.245,0.2304249999999999,64.77,1
69.88,71.76,3.21,22.3,0.865,62.925,0.316425,64.51,1
67.69,78.32,3.7,21.6,0.461,84.49000000000001,0.24081,72.65,1
86.36,64.8,2.29,14.3,0.8130000000000001,47.870000000000005,0.31655,54.73,0
90.28,72.32,3.98,31.5,0.606,84.785,0.167565,77.64,1
86.71,58.17,3.18,18.8,0.7929999999999999,50.61,0.32682,57.4,0
70.39,73.37,2.74,25.8,0.642,67.405,0.296115,70.08,1
96.41,62.92,3.03,26.1,0.312,68.11,0.22127,72.51,1
68.7,46.64,2.0,22.2,0.344,59.6,0.4064799999999999,58.9,0
85.82,77.92,3.54,21.0,0.807,77.325,0.190985,74.48,1
78.71,50.86,2.89,25.7,0.432,58.03,0.35849,63.88,1
73.29,63.53,3.32,29.0,0.957,64.86,0.32167,62.21,1
87.19,66.66,2.9,22.8,0.1149999999999999,62.07,0.26505,70.91,1
70.21,55.81,2.09,14.6,0.99,45.205,0.416115,46.35,0
97.16,39.45,2.7,15.6,0.613,36.775625000000005,0.382683125,53.27,0
87.69,72.63,3.1,19.2,0.526,68.69,0.22528,70.27,1
89.7,71.9,2.82,20.3,0.915,66.495,0.2260149999999999,69.41,1
99.96,71.54,3.47,25.9,0.948,80.495,0.144055,72.59,1
99.03,76.65,2.85,21.5,0.394,69.475,0.1655049999999999,71.62,1
69.79,58.32,2.59,22.1,0.258,63.385,0.3557249999999999,66.45,1
81.81,50.92,2.99,19.0,0.4,59.72,0.34084,63.57,1
89.39,72.17,2.67,30.2,0.371,75.46000000000001,0.1995499999999999,78.08,1
76.56,73.77,3.59,20.0,0.38,77.185,0.2408949999999999,70.76,1
68.6,68.04,2.64,27.3,0.4049999999999999,68.37,0.31637,63.93,1
67.73,42.98,2.0,15.2,0.908,48.575,0.4544149999999999,48.86,0
70.85,63.64,2.39,17.9,0.542,63.985,0.333725,62.95,1
81.05,65.04,3.2,25.5,0.211,65.81,0.28325,74.59,1
93.54,62.69,3.26,17.9,0.914,55.900000000000006,0.27007,62.3,1
77.54,46.07,2.86,22.4,0.875,48.295,0.4067449999999999,53.04,0
86.92,58.43,2.26,25.2,0.5860000000000001,63.325,0.2870549999999999,65.48,1
89.52,73.07,3.36,25.4,0.466,68.555,0.217045,70.0,1
68.6,43.79,2.16,20.5,0.924,37.85062500000001,0.480678125,43.84875,0
92.33,59.74,2.36,23.2,0.194,63.835,0.259955,70.37,1
85.58,60.97,2.57,28.5,0.132,73.345,0.254735,69.12,1
72.38,72.35,4.0,23.6,0.8039999999999999,74.255,0.270665,68.85,1
82.13,69.12,2.33,16.8,0.79,66.185,0.265565,64.28,1
98.76,59.94,2.52,20.8,0.466,75.485,0.1986849999999999,73.0,1
93.46,63.3,3.48,29.1,0.128,77.125,0.204885,73.44,1
65.32,44.89,2.03,16.9,0.233,45.675,0.467025,48.87,0
80.82,73.47,3.72,20.0,0.222,76.505,0.226795,71.98,1
90.85,43.19,2.3,17.5,0.784,39.24125,0.3893062500000001,50.92,0
85.82,57.28,2.47,17.4,0.2259999999999999,53.495,0.324395,61.13,1
71.26,66.79,3.48,21.6,0.156,70.92,0.30183,68.32,1
74.55,68.85,3.13,18.5,0.132,66.64,0.29533,63.96,1
81.28,86.23,3.35,19.3,0.86,77.86,0.1826099999999999,74.76,1
98.08,61.55,2.26,23.4,0.274,65.96000000000001,0.22515,67.5,1
99.93,74.01,3.8,30.4,0.945,83.68,0.1272099999999999,81.09,1
69.51,65.59,3.27,21.6,0.941,65.98,0.3272499999999999,57.77,0
93.89,36.6,2.0,15.4,0.592,42.29,0.38777,48.26,0
75.62,40.88,2.0,16.3,0.775,37.120625,0.4635181249999999,43.84875,0
70.58,51.03,2.48,19.4,0.924,55.245,0.398855,60.2,1
65.03,64.44,3.43,26.5,0.8089999999999999,72.81,0.32813,70.92,1
79.36,44.04,2.0,22.1,0.407,44.72,0.41628,60.41,1
83.9,68.94,2.88,19.8,0.48,64.61500000000001,0.2637349999999999,69.42,1
90.61,81.55,3.2,20.0,0.364,70.89,0.18024,74.19,1
89.15,61.13,2.82,23.8,0.639,58.855,0.2834449999999999,63.97,1
67.3,60.72,2.34,17.6,0.617,57.295,0.376755,55.93,0
69.85,74.27,4.0,23.2,0.275,78.14500000000001,0.263355,76.45,1
92.51,53.35,2.26,21.9,0.147,57.055,0.298745,61.37,1
85.3,52.72,2.64,23.9,0.415,58.805,0.324225,60.22,1
71.74,75.97,3.3,21.8,0.233,76.975,0.254205,74.28,1
71.57,61.41,2.95,18.9,0.751,67.715,0.326345,63.53,1
81.22,66.16,2.27,16.0,0.945,56.545,0.307005,60.29,1
69.4,57.66,2.33,15.2,0.722,47.365,0.4073249999999999,50.92,0
66.5,58.4,2.6,27.7,0.8460000000000001,61.245000000000005,0.375065,61.19,1
69.65,62.67,3.35,25.2,0.318,52.88,0.37475,60.38,1
87.91,80.76,3.98,26.3,0.292,77.205,0.174465,76.2,1
87.76,74.61,3.87,22.7,0.763,79.1,0.18783,72.21,1
85.93,75.05,2.81,31.1,0.791,71.08500000000001,0.2178749999999999,71.39,1
91.28,66.75,2.82,17.1,0.493,68.02000000000001,0.2305699999999999,71.91,1
96.11,60.25,2.79,20.6,0.252,66.66499999999999,0.234815,70.89,1
70.37,66.73,3.46,24.5,0.297,70.63,0.30644,68.62,1
88.18,63.82,2.78,15.0,0.763,55.62,0.28896,63.3,1
83.78,68.82,2.52,22.8,0.247,62.055,0.2722549999999999,65.18,1
85.63,75.85,3.62,28.1,0.967,73.41,0.2097,74.93,1
95.97,79.24,3.84,20.8,0.8150000000000001,80.68,0.1363599999999999,79.9,1
65.04,83.18,3.16,19.9,0.979,69.155,0.2828349999999999,68.07,1
96.51,71.78,3.09,27.8,0.955,67.135,0.197215,71.03,1
88.15,62.39,2.63,20.7,0.829,57.150000000000006,0.2887799999999999,63.29,1
97.54,56.93,2.85,27.3,0.522,68.995,0.232065,66.32,1
78.89,65.27,3.36,22.5,0.8939999999999999,67.185,0.2870749999999999,61.28,1
72.12,81.31,3.0,30.6,0.836,69.31,0.25966,69.47,1
79.19,89.78,3.44,26.2,0.516,82.27000000000001,0.1670899999999999,83.71,1
79.92,67.48,3.07,21.9,0.8320000000000001,60.39,0.29671,65.36,1
73.01,64.8,2.91,20.5,0.741,59.98,0.33362,61.51,1
99.52,68.31,3.2,24.0,0.945,65.155,0.201525,70.67,1
80.32,33.71125000000001,2.0,18.3,0.679,40.770625,0.455274375,45.4,0
93.51,86.09,3.55,26.6,0.634,82.32,0.12073,84.15,1
70.61,72.43,3.05,27.6,0.202,72.75,0.2820199999999999,71.25,1
74.38,56.84,2.46,27.4,0.593,50.63,0.3800700000000001,56.56,0
97.39,43.54,2.58,17.7,0.669,60.685,0.297765,63.81,1
91.24,82.0,3.25,30.1,0.724,82.69,0.14097,80.05,1
80.37,71.52,3.32,21.3,0.768,68.33500000000001,0.2589549999999999,64.55,1
91.16,55.48,3.13,13.7,0.775,60.21,0.28829,58.31,0
82.16,59.85,2.6,28.5,0.799,62.040000000000006,0.30569,69.66,1
65.91,59.3,2.53,20.2,0.615,48.82,0.412,56.84,0
99.13,66.48,2.79,22.4,0.969,66.755,0.203775,72.04,1
90.86,64.99,2.92,15.9,0.4059999999999999,65.42999999999999,0.2453,68.77,1
76.58,69.64,3.68,18.7,0.4469999999999999,72.26,0.2679799999999999,69.87,1
67.5,57.15,2.71,19.8,0.5,58.115,0.384205,57.67,0
99.36,64.79,2.99,27.8,0.55,68.345,0.2031549999999999,76.05,1
81.42,65.02,3.54,24.8,0.714,70.78,0.26692,71.06,1
91.51,63.42,2.77,19.1,0.348,63.195,0.254115,67.69,1
90.84,79.72,3.12,28.3,0.18,72.695,0.179395,77.81,1
81.55,71.43,3.76,27.3,0.763,67.71000000000001,0.25638,68.12,1
69.44,51.6,2.63,14.9,0.666,50.355,0.416375,52.39,0
73.97,67.01,2.87,20.5,0.213,67.41499999999999,0.300845,67.45,1
80.98,55.88,2.96,20.7,0.382,67.875,0.3048149999999999,63.05,1
74.71,63.77,3.58,27.6,0.798,68.66,0.30387,70.25,1
88.63,50.19,2.82,26.1,0.4629999999999999,54.77,0.3306,60.49,1
70.24,51.91,2.59,14.5,0.412,59.42,0.38505,56.7,0
75.85,85.91,3.97,22.6,0.418,76.205,0.210255,77.06,1
94.29,56.94,2.48,19.8,0.548,61.415,0.267775,58.2,0
88.44,79.73,3.76,25.3,0.2,79.485,0.168595,83.5,1
80.36,69.63,3.9,30.3,0.6799999999999999,66.6,0.26987,75.21,1
68.7,80.88,3.49,27.0,0.275,74.08,0.26032,79.35,1
90.88,71.02,2.75,24.1,0.297,58.0,0.24942,69.13,1
94.64,68.86,3.09,28.9,0.6799999999999999,66.785,0.214505,67.96,1
82.52,65.67,3.47,21.8,0.866,70.25999999999999,0.26213,68.41,1
91.82,70.58,3.26,29.8,0.6940000000000001,68.6,0.21518,72.13,1
77.53,72.59,3.04,21.6,0.6950000000000001,66.55499999999999,0.272445,64.03,1
98.79,76.88,3.35,28.0,0.4519999999999999,70.185,0.1636449999999999,77.75,1
72.16,66.93,3.06,20.1,0.1699999999999999,66.46000000000001,0.31119,66.25,1
73.59,86.62,3.86,28.5,0.95,85.16,0.1903,75.57,1
97.44,49.28,2.66,13.4,0.737,56.365,0.293305,59.39,0
99.35,77.2,3.26,28.3,0.154,77.41999999999999,0.13874,77.18,1
94.51,62.94,2.84,20.1,0.521,65.12,0.23778,58.89,0
98.44,56.97,2.96,28.2,0.928,67.155,0.233865,63.32,1
68.71,66.26,3.13,19.8,0.6950000000000001,63.790000000000006,0.33501,61.44,1
79.27,67.09,3.33,21.3,0.308,70.02000000000001,0.27159,70.4,1
86.87,45.89,2.0,13.8,0.262,39.775625000000005,0.395523125,50.15,0
88.74,65.31,2.47,21.1,0.471,73.34,0.22909,71.74,1
75.67,56.47,2.02,15.0,0.361,54.715,0.3637649999999999,64.61,1
89.92,86.98,3.47,29.3,0.147,75.375,0.1532549999999999,77.33,1
73.16,57.88,2.85,14.7,0.445,60.06,0.3535399999999999,62.21,1
74.13,84.2,3.24,24.1,0.906,77.285,0.219025,67.41,1
96.62,73.6,3.57,30.3,0.587,70.535,0.181115,78.13,1
78.08,82.22,3.78,31.8,0.12,84.17625,0.18849125,84.57,1
99.49,76.02,2.87,28.7,0.422,68.92,0.16722,68.66,1
66.4,47.38,2.69,18.7,0.742,53.795,0.4308749999999999,56.21,0
76.62,68.18,3.71,20.2,0.583,87.21000000000001,0.2273499999999999,75.49,1
90.4,81.03,3.97,22.9,0.9,84.145,0.1428749999999999,82.76,1
66.33,64.11,2.91,15.9,0.311,62.265,0.3555549999999999,56.87,0
80.53,51.06,2.11,13.9,0.409,41.82,0.39924,48.09,0
87.23,74.68,3.15,24.7,0.396,71.24,0.2133199999999999,69.76,1
79.49,85.87,3.5,32.4,0.756,77.595,0.191645,77.06,1
76.81,66.48,2.98,19.7,0.951,67.91499999999999,0.289575,63.67,1
82.31,80.0,3.6,21.4,0.442,72.155,0.2142949999999999,74.37,1
85.17,79.43,3.28,27.4,0.2799999999999999,78.89,0.1843599999999999,75.99,1
85.66,53.33,2.36,26.3,0.624,58.435,0.322065,60.78,1
89.45,60.21,2.83,22.4,0.581,49.455,0.3132049999999999,61.17,1
70.26,56.1,2.68,18.3,0.913,60.03,0.37057,57.26,0
69.43,83.2,3.94,25.7,0.614,74.745,0.2484449999999999,68.48,1
71.22,34.5,2.0,11.7,0.218,40.91,0.4888899999999999,45.35,0
69.37,33.71125000000001,2.09,20.8,0.177,36.11687500000001,0.513035625,43.84875,0
74.05,63.14,2.89,21.2,0.682,67.56,0.3117,67.24,1
73.23,71.06,3.05,25.9,0.496,66.505,0.2943849999999999,71.1,1
85.08,61.49,2.15,21.4,0.738,54.715,0.311065,61.66,1
78.97,43.48,2.13,14.2,0.1399999999999999,44.69499999999999,0.419595,49.57,0
87.45,75.95,3.02,20.1,0.49,72.80000000000001,0.2039499999999999,75.24,1
93.51,55.36,2.54,22.5,0.249,55.175,0.294355,59.09,0
97.61,63.03,2.2,17.4,0.491,58.93,0.2436799999999999,62.19,1
85.64,68.9,3.53,24.2,0.425,80.28,0.2098999999999999,75.94,1
83.14,67.11,2.99,15.9,0.502,63.485,0.275655,63.7,1
68.66,65.99,3.3,17.2,0.892,66.24,0.32867,62.48,1
80.42,70.44,3.08,27.1,0.223,66.58,0.26726,68.77,1
90.35,66.57,2.97,26.5,0.274,66.41499999999999,0.239645,70.53,1
66.77,58.4,3.07,17.9,0.4,59.225,0.3800450000000001,62.27,1
91.32,59.52,2.87,20.9,0.754,62.12,0.2698,68.51,1
97.88,68.98,2.53,28.4,0.193,70.67500000000001,0.1895149999999999,73.58,1
67.74,65.57,2.47,26.3,0.819,60.08,0.35209,67.01,1
75.2,53.47,2.8,27.5,0.6719999999999999,68.85000000000001,0.33224,67.47,1
96.89,43.13,2.0,12.8,0.32,40.275625000000005,0.362223125,54.04,0
96.51,57.67,2.0,17.0,0.3319999999999999,51.16,0.28747,63.26,1
95.21,72.5,2.59,18.0,0.867,72.495,0.184175,72.51,1
69.76,45.78,2.26,14.8,0.7150000000000001,46.985,0.4426649999999999,49.21,0
68.36,33.71125000000001,2.0,9.4,0.1379999999999999,38.026250000000005,0.5113475,43.84875,0
99.4,67.37,3.06,24.8,0.5860000000000001,71.445,0.1859549999999999,69.7,1
79.94,51.95,2.39,20.2,0.103,51.82,0.36893,57.06,0
81.01,90.73,3.5,24.0,0.396,84.16,0.1512899999999999,81.42,1
69.43,42.97,2.33,22.5,0.576,67.34,0.3913499999999999,54.29,0
70.71,75.88,3.22,18.9,0.627,65.915,0.291775,65.24,1
79.62,71.52,2.9,20.5,0.434,58.255,0.292195,60.27,1
66.97,69.56,2.84,18.0,0.63,62.95,0.3345899999999999,64.4,1
76.36,60.9,2.64,21.7,0.484,53.75,0.3506100000000001,59.38,0
92.14,88.9,3.53,26.4,0.6599999999999999,73.02,0.14568,80.05,1
76.99,83.23,3.97,29.9,0.542,88.0,0.17835,82.02,1
80.3,55.23,2.36,23.1,0.905,59.3,0.33521,59.88,0
81.36,51.62,2.74,16.7,0.589,57.06,0.34852,58.33,0
78.97,60.36,2.25,25.9,0.63,67.325,0.301065,63.51,1
67.48,44.85,2.62,12.7,0.858,48.44,0.45021,45.37,0
86.01,67.57,3.11,25.7,0.506,68.84,0.2467299999999999,73.44,1
77.45,46.97,2.24,12.9,0.952,47.495000000000005,0.4068049999999999,48.24,0
97.37,47.03,2.15,24.7,0.1389999999999999,55.615,0.302585,61.47,1
68.44,57.59,3.01,19.6,0.196,66.465,0.354075,66.58,1
98.71,68.9,3.07,21.7,0.346,65.89,0.20079,69.9,1
76.84,71.95,3.43,26.5,0.157,66.28999999999999,0.27792,71.8,1
79.08,62.01,3.14,23.3,0.992,63.855,0.306085,63.49,1
93.8,75.48,2.67,26.1,0.958,70.845,0.185825,72.01,1
92.96,58.83,2.24,14.6,0.341,63.84,0.26015,66.18,1
86.84,62.32,2.61,24.7,0.118,58.89,0.28901,66.16,1
70.41,66.51,2.59,24.0,0.7150000000000001,65.21000000000001,0.3232,60.6,1
91.58,63.78,2.57,25.5,0.266,63.325,0.252365,67.71,1
83.03,70.46,3.07,18.5,0.1629999999999999,67.78999999999999,0.25313,73.53,1
76.97,68.51,2.83,20.8,0.394,67.72999999999999,0.2834,64.49,1
82.47,49.63,2.84,22.6,0.741,60.645,0.3392949999999999,58.81,0
73.25,75.59,2.92,24.2,0.919,64.875,0.285605,68.56,1
99.82,76.28,2.97,18.6,0.955,77.47,0.13947,72.62,1
75.27,63.85,2.46,22.4,0.819,54.39,0.3442,60.69,1
75.01,49.11,2.81,19.5,0.608,54.795,0.388245,51.26,0
91.07,70.41,3.24,26.8,0.274,66.795,0.224105,72.59,1
82.34,77.82,3.59,26.4,0.758,82.41499999999999,0.189935,75.17,1
84.84,47.32,2.63,24.2,0.967,49.245,0.3709449999999999,53.24,0
84.58,70.31,3.46,22.4,0.5690000000000001,80.27000000000001,0.2099399999999999,74.78,1
71.23,59.07,3.24,22.8,0.641,58.15,0.3634199999999999,59.15,0
96.25,65.09,2.82,26.6,0.741,62.725,0.2315549999999999,66.08,1
86.47,73.55,2.91,26.9,0.511,66.13,0.23508,73.69,1
80.04,70.2,3.46,23.1,0.43,78.10499999999999,0.234925,73.42,1
73.2,54.39,3.12,19.4,0.825,56.760000000000005,0.37375,55.93,0
99.47,79.03,3.3,26.1,0.312,76.61500000000001,0.1351849999999999,81.05,1
85.93,56.24,3.1,20.3,0.806,60.775000000000006,0.3052349999999999,60.29,1
87.86,70.56,2.96,21.2,0.4349999999999999,73.355,0.216815,72.75,1
65.5,53.67,2.31,21.6,0.31,62.1,0.39069,57.94,0
89.45,61.74,2.53,20.9,0.731,62.495000000000005,0.269495,60.78,1
83.28,53.77,2.77,27.2,0.634,63.30500000000001,0.3156549999999999,59.17,0
94.95,60.01,3.58,19.2,0.7849999999999999,63.425,0.249895,64.54,1
95.19,61.03,3.02,22.0,0.92,67.88,0.23251,69.22,1
80.29,66.59,2.93,29.5,0.991,61.725,0.2938949999999999,71.9,1
83.82,53.88,2.7,14.9,0.8039999999999999,60.515,0.321535,56.98,0
86.58,49.39,2.93,15.1,0.362,45.99,0.36754,53.61,0
86.32,78.24,3.05,27.4,0.13,66.38499999999999,0.220845,70.51,1
97.06,61.35,3.19,18.6,0.3379999999999999,68.985,0.2207549999999999,69.63,1
81.11,54.19,2.79,20.2,0.2,62.245,0.326255,61.47,1
84.82,34.91,2.04,23.5,0.137,45.99,0.41802,52.01,0
73.08,62.12,2.99,17.9,0.475,68.32499999999999,0.316345,64.11,1
91.6,74.36,3.65,24.5,0.6910000000000001,80.22999999999999,0.16983,78.81,1
86.27,83.63,3.68,32.2,0.636,88.47999999999999,0.13859,82.74,1
79.48,85.25,3.56,20.9,0.448,81.69,0.1812599999999999,80.35,1
86.33,67.89,3.59,20.9,0.709,70.16,0.24053,69.2,1
92.09,66.79,2.72,23.8,0.893,66.345,0.2322349999999999,61.97,1
99.29,68.57,2.71,16.7,0.2799999999999999,62.36,0.21005,68.92,1
85.32,69.53,3.65,28.5,0.4429999999999999,74.33500000000001,0.227125,72.53,1
76.13,79.49,3.5,28.3,0.965,71.30000000000001,0.24311,69.16,1
96.5,94.3,3.43,32.2,0.376,85.795,0.073715,87.97875000000002,1
86.23,48.24,2.09,21.9,0.837,43.005,0.381345,54.78,0
83.62,61.03,2.65,25.8,0.666,64.505,0.288915,58.34,0
91.23,62.54,2.48,15.3,0.606,64.73,0.25327,64.77,1
90.34,61.17,2.38,18.4,0.363,61.75,0.26988,67.54,1
77.67,75.5,3.82,27.5,0.548,73.535,0.2422149999999999,70.98,1
82.91,90.19,3.6,22.4,0.819,79.41999999999999,0.15953,78.52,1
71.25,66.91,3.36,15.9,0.2319999999999999,54.36,0.35119,61.21,1
77.5,48.37,2.97,18.2,0.184,60.31,0.36396,62.19,1
86.14,58.87,2.27,18.9,0.974,63.085,0.2895749999999999,65.32,1
94.08,65.92,3.04,16.9,0.5700000000000001,65.08,0.2306799999999999,65.25,1
87.57,56.49,2.42,16.3,0.251,54.81,0.31582,58.92,0
69.86,61.49,2.97,22.3,0.834,58.105,0.3617749999999999,59.93,0
85.79,65.91,3.2,18.4,0.345,70.06,0.2489299999999999,74.35,1
98.47,64.74,3.11,17.3,0.765,70.365,0.200805,66.97,1
99.39,49.34,2.56,25.2,0.396,64.32,0.26146,66.68,1
69.75,66.46,2.12,18.0,0.381,56.945,0.350785,61.75,1
68.83,74.47,3.59,21.8,0.134,76.635,0.2713649999999999,77.19,1
84.04,33.71125000000001,2.01,22.1,0.362,41.52,0.4381462499999999,43.84875,0
72.46,62.4,2.84,28.3,0.604,65.95,0.32511,59.88,0
77.46,48.1,2.0,18.1,0.529,54.0,0.38386,59.89,0
70.07,63.01,3.29,18.3,0.5519999999999999,67.63499999999999,0.3277850000000001,64.01,1
96.6,60.5,3.14,25.4,0.921,65.405,0.235885,65.97,1
86.09,75.03,3.44,24.6,0.833,71.13499999999999,0.217145,67.6,1
95.34,62.17,2.93,17.6,0.519,58.02,0.2580699999999999,62.6,1
98.83,72.28,2.94,22.8,0.4009999999999999,69.53,0.1792499999999999,74.86,1
87.86,40.07,2.64,20.1,0.488,53.86,0.36677,56.38,0
89.1,60.45,2.79,23.6,0.607,58.81999999999999,0.28579,61.64,1
96.97,70.17,2.53,21.0,0.884,66.3,0.20271,63.9,1
95.87,65.68,2.75,28.5,0.321,71.00999999999999,0.2064499999999999,74.06,1
93.66,60.97,2.65,25.8,0.445,67.12,0.24109,72.02,1
68.92,91.96,3.53,34.1,0.727,87.71000000000001,0.18531,79.63,1
81.23,49.08,2.9,22.8,0.242,49.13,0.38045,58.53,0
67.64,76.85,3.78,22.2,0.994,75.905,0.271175,70.44,1
94.26,72.43,2.67,18.4,0.354,67.315,0.2037249999999999,69.34,1
70.24,66.51,2.91,24.2,0.554,64.28999999999999,0.32664,63.29,1
90.31,58.54,2.81,19.5,0.315,69.15,0.25569,72.7,1
89.42,62.52,2.79,21.5,0.795,64.67,0.26075,62.29,1
96.56,76.23,3.26,20.7,0.244,68.43,0.1797799999999999,77.09,1
75.5,72.03,3.11,30.5,0.836,83.02000000000001,0.2328499999999999,78.42,1
69.5,54.75,3.12,23.5,0.889,58.255,0.382985,58.97,0
99.52,57.64,2.79,20.6,0.618,64.985,0.234045,60.05,1
99.1,79.5,4.0,33.1,0.665,80.235,0.124395,78.66,1
73.86,66.45,3.41,22.1,0.1649999999999999,67.07,0.304,65.47,1
85.29,69.24,3.43,19.0,0.5599999999999999,65.94999999999999,0.25327,71.53,1
79.65,52.17,2.29,21.3,0.921,59.275,0.3470649999999999,56.97,0
86.62,54.38,2.55,20.3,0.347,61.355,0.3063149999999999,57.98,0
90.84,87.42,3.81,22.9,0.118,79.81,0.13495,80.25,1
82.8,60.19,2.58,19.3,0.131,64.215,0.295585,65.8,1
72.83,84.92,4.0,26.1,0.512,89.505,0.185405,82.64,1
92.15,55.24,2.25,27.2,0.5549999999999999,60.42,0.2844199999999999,64.05,1
75.75,63.98,2.79,23.2,0.111,65.00999999999999,0.31003,67.81,1
74.59,67.36,3.12,24.5,0.317,70.50999999999999,0.28803,68.27,1
95.21,49.02,2.13,13.1,0.4669999999999999,55.45,0.3057499999999999,56.61,0
97.67,66.05,2.0,18.5,0.126,47.155,0.269705,61.2,1
98.38,50.78,2.24,23.1,0.819,57.4,0.2819399999999999,60.66,1
83.69,79.97,3.66,29.3,0.934,73.97,0.20342,74.73,1
97.94,58.19,2.27,16.1,0.424,62.46,0.24629,67.35,1
70.08,78.13,3.63,24.2,0.624,70.985,0.272335,68.99,1
83.81,61.8,2.34,19.8,0.635,55.25,0.3136099999999999,63.34,1
65.35,52.69,3.05,25.9,0.403,59.8,0.40113,57.93,0
93.24,44.8,2.6,24.4,0.837,50.925,0.3398650000000001,54.89,0
66.56,65.11,3.01,25.2,0.964,62.865,0.349835,57.86,0
76.02,78.01,3.36,22.0,0.307,67.245,0.2601549999999999,71.52,1
65.47,54.69,2.53,18.4,0.411,57.91,0.4003199999999999,60.7,1
75.59,75.3,3.53,21.3,0.3299999999999999,71.28,0.2579,70.39,1
74.86,48.31,2.88,26.8,0.475,60.515,0.3740849999999999,58.34,0
67.74,77.49,3.99,23.1,0.776,85.13499999999999,0.241165,78.14,1
90.12,67.22,2.96,17.7,0.96,65.18,0.2423199999999999,64.08,1
94.15,79.71,2.97,23.8,0.362,67.845,0.1807349999999999,75.87,1
96.24,68.89,2.52,26.6,0.438,64.33500000000001,0.2153649999999999,74.0,1
99.9,70.69,3.73,18.4,0.8009999999999999,63.99,0.1963599999999999,68.87,1
69.02,64.69,2.88,22.9,0.923,63.36,0.33977,66.68,1
81.64,87.32,3.2,17.6,0.883,63.54,0.22086,70.98,1
71.7,35.69,2.4,13.3,0.931,39.775,0.4868049999999999,43.84875,0
88.08,67.5,3.12,26.5,0.484,73.925,0.223405,73.82,1
99.36,68.64,2.87,18.9,0.943,62.125,0.2102649999999999,69.84,1
86.63,73.11,2.76,28.8,0.262,68.16,0.22967,71.26,1
94.35,39.86,2.52,16.3,0.786,59.61,0.32419,60.34,1
94.05,76.21,2.65,16.6,0.877,58.475,0.219745,67.69,1
72.28,85.82,3.93,27.8,0.756,90.105,0.183105,82.08,1
84.05,68.87,3.28,17.5,0.919,64.555,0.263525,63.76,1
82.76,78.1,3.14,27.8,0.185,72.02,0.2186,74.94,1
78.34,55.84,2.75,22.2,0.292,56.52,0.34956,57.77,0
89.81,54.14,2.7,19.1,0.7929999999999999,53.475,0.317915,61.18,1
97.55,55.78,2.47,21.7,0.625,54.595,0.278675,62.91,1
68.43,66.53,3.73,30.2,0.581,76.41499999999999,0.297445,73.24,1
95.35,62.0,2.54,24.3,0.924,67.16,0.23112,63.02,1
72.29,77.75,3.74,22.4,0.632,70.065,0.267395,72.22,1
90.69,65.33,2.37,28.1,0.8630000000000001,58.13,0.26686,69.25,1
80.48,69.27,4.0,31.5,0.388,84.52,0.2167099999999999,79.0,1
91.3,57.2,2.81,17.7,0.424,60.515,0.281655,60.73,1
89.92,69.61,3.17,21.2,0.351,72.6,0.21369,73.64,1
88.13,55.24,2.57,22.8,0.356,53.005,0.322745,55.92,0
91.85,55.59,2.66,22.7,0.5349999999999999,63.31999999999999,0.27587,66.34,1
95.27,64.37,2.72,20.6,0.5690000000000001,63.415,0.235565,64.52,1
88.81,87.41,3.48,23.3,0.79,82.22,0.13587,79.32,1
81.54,61.74,2.62,17.5,0.125,61.19,0.3050499999999999,67.6,1
94.98,72.26,3.12,19.5,0.619,64.19,0.2107299999999999,68.94,1
71.85,64.12,3.11,23.9,0.42,68.36,0.31516,56.98,0
89.2,62.31,3.33,25.6,0.773,71.07499999999999,0.243045,68.7,1
71.38,70.99,3.49,21.4,0.702,68.08,0.29727,65.21,1
81.45,68.87,3.73,22.4,0.403,83.715,0.2164449999999999,77.74,1
68.63,58.71,3.16,16.3,0.636,57.515,0.376805,62.29,1
92.48,66.17,2.67,25.9,0.6559999999999999,64.46,0.2381899999999999,63.6,1
89.26,46.46,2.2,15.8,0.7969999999999999,39.8,0.3841799999999999,50.07,0
74.1,56.19,2.54,26.0,0.35,60.375,0.353905,60.24,1
68.92,74.22,3.52,25.4,0.204,79.525,0.263085,70.12,1
89.45,66.55,2.49,22.9,0.993,63.38,0.25241,67.02,1
83.63,74.01,3.86,27.0,0.877,69.805,0.2340349999999999,68.48,1
83.06,61.26,3.07,27.5,0.515,63.440000000000005,0.29366,70.05,1
80.6,69.25,3.72,26.1,0.3279999999999999,74.395,0.246665,66.16,1
66.63,52.89,2.84,24.3,0.181,49.605,0.425995,59.27,0
81.91,78.09,3.35,19.5,0.772,73.785,0.216735,65.5,1
72.63,48.23,2.41,15.1,0.441,52.22,0.40813,54.09,0
94.99,74.94,3.36,27.0,0.987,71.16999999999999,0.18171,74.0,1
79.77,66.64,3.24,24.4,0.214,64.88499999999999,0.286345,68.75,1
87.48,61.09,3.41,23.4,0.363,63.61,0.27598,65.23,1
75.57,81.25,3.77,23.6,0.263,80.91499999999999,0.211225,76.38,1
90.97,58.9,2.57,23.0,0.916,67.375,0.257295,68.34,1
76.63,41.36,2.0,8.900000000000006,0.5690000000000001,36.11687500000001,0.461049375,47.67,0
91.06,66.3,2.77,21.8,0.817,53.445,0.276525,61.14,1
94.66,81.2,3.35,24.0,0.979,81.255,0.133995,75.41,1
80.02,55.53,2.47,20.4,0.924,58.355,0.338265,58.5,0
80.52,80.51,3.97,25.0,0.928,78.71000000000001,0.2002599999999999,74.57,1
92.62,62.8,2.48,20.6,0.8630000000000001,58.56,0.2654399999999999,58.89,0
77.27,59.7,2.98,21.7,0.89,58.82,0.33536,55.19,0
86.38,51.44,2.48,14.5,0.5700000000000001,60.155,0.319695,64.51,1
86.31,64.43,3.2,17.7,0.796,66.87,0.2608599999999999,69.5,1
98.4,71.78,3.25,22.9,0.8560000000000001,74.91999999999999,0.1663,69.81,1
95.32,51.91,3.01,15.2,0.734,53.96,0.30111,53.79,0
86.05,67.37,3.01,21.7,0.728,70.235,0.2429849999999999,66.7,1
69.09,65.45,2.59,28.9,0.826,60.7,0.3451899999999999,71.91,1
72.86,48.3,2.54,17.5,0.4669999999999999,48.47,0.41825,49.69,0
67.78,56.05,2.64,20.6,0.882,52.745000000000005,0.402495,47.88,0
67.86,53.34,2.96,21.0,0.383,54.64,0.40462,57.3,0
81.78,37.39,2.33,15.4,0.836,47.08,0.41947,43.84875,0
95.22,63.78,2.79,28.6,0.233,64.17500000000001,0.2352549999999999,68.71,1
92.88,69.7,2.81,22.0,0.744,61.900000000000006,0.23368,66.74,1
93.74,87.91,3.68,30.7,0.629,81.305,0.117395,82.12,1
93.6,58.6,2.81,18.1,0.8130000000000001,57.645,0.276865,64.83,1
75.42,75.27,3.91,30.2,0.842,73.29499999999999,0.252625,73.72,1
78.7,62.35,3.46,26.0,0.972,69.695,0.289065,66.92,1
92.75,74.92,3.7,25.8,0.665,78.09,0.16997,76.53,1
65.2,62.49,3.39,21.2,0.745,57.015,0.380685,57.75,0
85.15,83.8,3.7,30.8,0.982,85.39,0.1518299999999999,75.63,1
88.45,37.39,2.37,18.8,0.155,45.435,0.3977249999999999,52.08,0
80.4,74.94,3.03,31.1,0.4,69.93,0.2437899999999999,74.88,1
71.48,62.5,2.69,22.2,0.354,62.025,0.340505,63.39,1
82.13,74.83,2.79,29.8,0.292,68.305,0.242075,69.08,1
86.23,56.61,2.94,21.3,0.318,60.445,0.303915,64.55,1
65.32,64.49,2.66,24.6,0.5980000000000001,59.645,0.366315,61.33,1
96.59,87.43,3.79,23.7,0.293,83.43,0.1010599999999999,79.99,1
87.54,80.62,3.1,23.0,0.1169999999999999,65.205,0.2123649999999999,75.09,1
85.57,59.36,2.96,17.5,0.612,54.815,0.315195,60.23,1
89.37,56.99,2.83,18.1,0.944,58.44,0.29623,61.83,1
70.22,53.82,2.66,17.4,0.301,51.935,0.4018549999999999,54.68,0
95.32,72.8,4.0,21.4,0.712,75.91499999999999,0.172575,74.49,1
88.82,62.07,2.59,24.2,0.729,59.725,0.279335,65.55,1
89.87,62.65,3.04,20.4,0.658,63.005,0.263555,62.94,1
69.56,68.02,3.95,23.4,0.628,72.425,0.300425,69.86,1
80.98,57.63,2.88,24.6,0.689,63.925,0.311415,66.8,1
79.62,81.8,3.4,29.7,0.671,67.765,0.2328249999999999,72.73,1
72.65,78.53,3.1,23.3,0.488,73.445,0.253475,77.56,1
98.63,57.1,3.14,22.5,0.361,71.435,0.219875,71.28,1
73.24,69.11,2.62,25.2,0.526,61.42,0.31545,60.86,1
91.61,68.81,2.77,26.6,0.596,66.235,0.228425,72.99,1
72.69,66.72,2.98,22.2,0.978,59.93,0.32929,59.89,0
67.88,67.22,3.27,23.4,0.514,59.495,0.348335,62.96,1
88.33,57.5,2.97,14.8,0.8720000000000001,60.35,0.29313,59.41,0
92.91,94.50125,4.0,26.0,0.557,86.00999999999999,0.08682625,87.97875000000002,1
80.22,63.92,2.83,18.6,0.381,65.125,0.291985,63.88,1
73.65,64.63,2.76,24.4,0.5469999999999999,56.35,0.3424599999999999,65.39,1
79.15,35.48,2.15,12.7,0.841,45.84,0.4394399999999999,45.16,0
80.21,78.42,4.0,31.4,0.602,79.545,0.205265,77.92,1
96.34,70.25,3.08,25.0,0.43,73.31,0.1839599999999999,77.26,1
82.58,58.85,2.25,15.4,0.1139999999999999,64.935,0.298325,62.05,1
77.12,54.59,2.81,18.3,0.765,60.16,0.3472699999999999,58.91,0
71.38,83.2,3.65,23.3,0.972,76.41,0.23565,71.96,1
97.08,70.49,3.13,17.0,0.11,72.08000000000001,0.18397,74.97,1
94.19,73.3,2.68,28.4,0.926,71.11500000000001,0.1899949999999999,70.58,1
74.27,51.56,2.81,27.1,0.806,60.045,0.3681049999999999,62.42,1
73.44,61.69,3.75,18.2,0.507,66.02000000000001,0.32311,63.37,1
88.98,65.88,3.28,22.0,0.247,63.795,0.255055,68.23,1
96.23,71.55,3.07,24.9,0.5820000000000001,74.625,0.1765549999999999,68.67,1
86.73,64.55,2.27,23.4,0.184,64.71000000000001,0.2652999999999999,67.04,1
71.83,44.37,2.54,15.0,0.241,52.13,0.42318,58.17,0
71.82,67.35,3.91,27.8,0.311,72.87,0.29206,69.67,1
74.2,59.31,2.65,27.7,0.701,55.205,0.359655,63.43,1
80.25,84.88,3.41,28.9,0.752,84.2,0.17176,81.77,1
73.37,64.56,2.71,17.8,0.317,66.55,0.3131899999999999,67.52,1
75.35,62.2,2.72,26.2,0.972,55.620000000000005,0.3451399999999999,60.98,1
84.21,75.65,3.79,22.3,0.413,81.86,0.19063,77.93,1
99.15,68.05,2.58,21.4,0.252,69.58,0.1905099999999999,70.14,1
77.62,57.28,2.71,24.6,0.324,71.31,0.3037499999999999,65.57,1
79.28,63.63,3.59,26.3,0.294,70.095,0.281705,66.15,1
98.65,63.77,2.59,17.9,0.181,57.505,0.2415749999999999,68.19,1
66.59,37.3,2.93,25.9,0.826,55.21,0.45611,48.9,0
84.16,59.08,2.51,27.5,0.683,63.975,0.294195,63.18,1
93.7,67.5,2.86,23.7,0.266,65.935,0.2248949999999999,73.08,1
79.71,66.13,2.79,22.8,0.602,67.205,0.281155,63.53,1
70.58,68.9,3.67,19.5,0.349,65.25,0.3152299999999999,62.6,1
76.81,62.97,2.89,24.0,0.409,63.845,0.312315,63.74,1
85.1,75.02,3.81,23.2,0.937,68.85,0.22799,64.95,1
81.99,52.6,2.97,20.2,0.21,62.98,0.3253,64.36,1
95.83,59.85,3.12,26.4,0.5549999999999999,64.435,0.243825,65.48,1
80.91,66.83,3.57,27.0,0.142,72.305,0.258955,76.48,1
96.55,69.33,3.33,30.0,0.238,76.405,0.176595,83.19,1
81.01,70.21,3.18,18.2,0.583,61.955,0.279465,69.35,1
91.95,53.15,2.81,25.0,0.8560000000000001,52.97,0.31384,62.19,1
97.51,80.62,3.66,30.5,0.16,70.435,0.1567949999999999,76.09,1
96.24,59.4,3.06,26.7,0.505,69.9,0.2271399999999999,68.83,1
76.32,74.19,3.62,28.1,0.225,78.44,0.23683,69.84,1
70.87,70.23,3.67,23.2,0.713,78.83000000000001,0.2693399999999999,76.72,1
81.09,61.03,2.71,21.2,0.532,55.085,0.327295,64.53,1
81.01,52.76,2.24,18.9,0.756,57.015,0.3466349999999999,56.35,0
68.65,58.66,3.04,16.7,0.305,59.35,0.37137,60.72,1
87.42,74.02,2.66,18.4,0.301,61.2,0.24466,72.99,1
71.11,53.03,3.03,26.8,0.152,65.345,0.360435,68.05,1
79.37,70.58,3.15,29.1,0.39,70.77000000000001,0.2584699999999999,69.82,1
86.19,55.51,2.62,16.9,0.526,56.325,0.319735,58.75,0
91.08,53.85,2.83,16.0,0.607,62.38,0.28699,67.67,1
99.63,79.52,4.0,29.7,0.605,85.725,0.105745,80.59,1
81.36,66.74,3.25,27.7,0.537,64.015,0.282295,65.19,1
65.39,81.41,3.27,30.0,0.869,74.83500000000001,0.269705,72.98,1
81.66,61.24,2.7,26.9,0.7150000000000001,59.155,0.312175,63.23,1
84.02,77.12,3.16,29.1,0.215,70.51,0.2210299999999999,76.72,1
82.86,94.1,3.5,30.7,0.8019999999999999,77.245,0.154525,75.86,1
78.9,69.72,3.26,19.4,0.264,67.215,0.2735949999999999,67.85,1
65.4,48.36,2.08,19.4,0.173,48.78,0.4469799999999999,54.04,0
93.62,66.5,2.81,28.0,0.8109999999999999,63.365,0.2359249999999999,70.04,1
74.59,48.57,2.51,19.2,0.8380000000000001,42.045,0.429795,49.63,0
80.99,65.13,3.06,18.7,0.735,66.66,0.28067,67.84,1
82.15,40.4,2.28,22.7,0.146,49.44,0.4018799999999999,59.51,0
90.84,60.72,2.01,24.1,0.1169999999999999,58.25,0.27973,66.75,1
93.95,70.65,2.91,17.3,0.953,64.88,0.2176099999999999,62.53,1
77.24,69.55,2.52,16.9,0.125,63.405,0.292175,67.26,1
72.02,62.8,2.91,24.6,0.89,66.065,0.325325,64.61,1
99.1,69.6,2.85,19.2,0.248,60.285,0.213945,69.83,1
87.46,75.98,3.32,28.3,0.529,72.72,0.20406,83.18,1
87.01,80.91,4.0,30.1,0.901,86.28,0.1503899999999999,79.56,1
82.46,60.47,2.86,26.4,0.526,64.96,0.2938700000000001,67.83,1
87.56,91.13,4.0,33.2,0.1639999999999999,91.96125,0.1004862499999999,87.97875000000002,1
73.33,66.27,3.06,24.4,0.971,70.0,0.2978699999999999,64.88,1
85.93,58.93,2.62,18.2,0.433,68.315,0.274545,64.59,1
78.58,61.85,3.32,19.3,0.3399999999999999,63.94,0.30831,62.91,1
87.93,51.29,2.1,12.8,0.93,49.525000000000006,0.3458349999999999,55.29,0
80.32,56.76,2.54,21.1,0.728,59.955,0.328575,58.32,0
93.04,48.35,2.59,16.4,0.508,55.06,0.3176099999999999,58.11,0
98.35,79.37,3.94,20.9,0.516,81.25999999999999,0.12471,76.81,1
73.07,56.81,3.01,26.7,0.5940000000000001,58.155,0.362825,59.09,0
98.78,87.1,4.0,33.5,0.43,81.60499999999999,0.098765,83.92,1
98.11,71.25,3.46,27.0,0.958,73.265,0.1740149999999999,70.78,1
81.56,61.82,3.32,28.2,0.308,68.675,0.282275,76.54,1
68.68,55.39,2.7,15.4,0.82,56.355,0.3900449999999999,56.75,0
87.87,81.63,3.53,31.0,0.1379999999999999,72.35,0.18658,80.5,1
71.44,65.59,3.58,21.7,0.548,69.26499999999999,0.309675,65.68,1
84.07,80.99,3.72,23.6,0.947,80.155,0.180285,78.12,1
98.7,78.25,3.44,27.0,0.2759999999999999,73.16499999999999,0.150955,76.1,1
68.42,50.52,2.71,18.6,0.1669999999999999,55.3,0.4088599999999999,56.54,0
81.05,76.27,3.25,30.6,0.469,70.945,0.234155,74.99,1
75.6,60.39,2.51,16.6,0.378,60.92,0.33367,56.55,0
84.99,34.11,2.0,12.3,0.156,41.185,0.4341549999999999,46.53,0
77.85,60.78,3.13,22.2,0.315,52.99,0.34729,61.19,1
93.73,73.88,3.4,23.0,0.287,75.935,0.1756349999999999,72.94,1
71.73,56.22,2.28,19.7,0.375,64.57,0.3507099999999999,59.96,0
93.3,66.51,2.76,24.0,0.631,63.56,0.23659,70.91,1
98.13,57.01,2.82,24.4,0.79,54.865,0.271855,61.77,1
86.81,79.79,3.7,33.2,0.313,85.14,0.1579699999999999,85.52,1
75.84,71.6,3.19,22.2,0.375,76.025,0.253765,78.08,1
75.3,76.11,3.48,26.7,0.62,76.44,0.24115,73.76,1
72.47,58.71,2.43,14.6,0.337,52.97,0.37508,55.28,0
78.5,68.22,2.65,22.3,0.377,61.64,0.2964199999999999,63.26,1
86.0,71.16,3.14,23.8,0.646,79.315,0.204575,76.93,1
65.12,75.42,3.32,21.1,0.245,69.49000000000001,0.3047899999999999,68.4,1
76.85,67.49,2.87,23.8,0.119,61.195,0.306545,65.52,1
80.21,80.01,3.63,22.0,0.8699999999999999,81.13,0.19574,72.94,1
66.37,65.12,3.49,30.3,0.413,60.29,0.3582899999999999,64.99,1
87.98,60.73,2.98,23.7,0.761,69.42500000000001,0.257615,65.63,1
80.98,49.19,2.37,15.7,0.137,50.1,0.37821,59.46,0
83.28,58.96,2.52,19.3,0.901,63.09,0.30073,61.92,1
90.81,49.77,2.02,17.4,0.287,53.855,0.325885,59.74,0
67.09,77.0,3.54,20.3,0.309,73.07,0.28143,75.05,1
97.15,78.22,2.77,21.8,0.837,64.705,0.1826249999999999,67.04,1
93.04,56.32,2.25,18.5,0.393,58.76,0.2825999999999999,66.86,1
98.39,62.16,2.68,24.0,0.1699999999999999,63.435,0.229655,66.25,1
72.26,72.09,3.11,25.8,0.836,70.47,0.28328,67.8,1
67.04,56.8,2.91,22.7,0.759,55.215,0.3957949999999999,57.83,0
90.11,49.37,2.09,17.0,0.623,49.0,0.34445,59.5,0
71.14,69.9,3.4,19.5,0.192,69.7,0.2966399999999999,62.93,1
65.01,49.51,2.72,19.0,0.643,56.3,0.42253,57.38,0
73.41,74.94,4.0,30.2,0.597,81.4,0.23734,70.99,1
96.45,58.0,2.59,20.0,0.8390000000000001,62.335,0.253195,65.97,1
75.62,78.25,3.21,19.4,0.5860000000000001,76.825,0.2322949999999999,73.6,1
83.63,64.48,3.16,28.8,0.111,65.63499999999999,0.275135,70.7,1
79.0,42.63,2.1,19.9,0.188,52.615,0.398265,59.57,0
93.17,42.73,2.3,20.7,0.828,48.56,0.35345,54.57,0
87.24,67.76,2.77,17.4,0.44,63.005,0.258745,70.75,1
93.27,64.6,2.86,20.4,0.6809999999999999,54.165000000000006,0.270625,62.21,1
90.79,82.02,3.96,28.8,0.8869999999999999,86.325,0.1318049999999999,77.9,1
75.51,53.08,2.94,25.8,0.883,57.345,0.366685,54.52,0
88.41,51.74,2.34,25.8,0.788,54.545,0.327505,62.41,1
90.4,79.34,3.8,26.4,0.935,88.88,0.13374,77.69,1
98.66,80.33,3.1,30.3,0.196,74.975,0.139445,79.52,1
66.02,56.57,3.58,29.0,0.122,73.58500000000001,0.345455,64.45,1
80.16,57.36,2.65,23.0,0.647,64.725,0.313105,59.79,0
66.65,33.71125000000001,2.12,19.6,0.625,36.11687500000001,0.5239156249999999,43.84875,0
93.08,66.97,3.0,25.9,0.471,63.78,0.23543,72.38,1
95.45,53.33,2.54,25.0,0.775,52.205,0.301595,62.25,1
70.34,79.86,3.57,22.4,0.384,75.255,0.253295,73.1,1
74.67,70.19,2.99,27.9,0.345,71.055,0.2775849999999999,68.74,1
99.25,71.0,2.69,24.5,0.29,62.405,0.202785,71.73,1
77.15,62.02,2.7,18.8,0.462,59.135000000000005,0.3279349999999999,63.57,1
85.25,61.43,3.0,23.6,0.678,57.150000000000006,0.30326,61.47,1
65.71,51.24,2.58,16.6,0.5469999999999999,56.365,0.414345,52.84,0
96.56,69.31,3.01,28.2,0.581,68.015,0.201785,73.63,1
66.95,53.64,2.8,20.4,0.19,55.69,0.40421,56.49,0
86.53,54.67,2.42,20.8,0.142,49.255,0.3421049999999999,57.93,0
87.63,51.96,2.5,12.1,0.764,46.875,0.352975,53.6,0
79.14,69.23,3.02,19.3,0.577,56.785,0.305395,66.77,1
89.57,60.73,3.82,27.0,0.489,67.205,0.257915,68.56,1
90.33,64.13,2.73,20.8,0.874,71.28,0.23245,68.39,1
82.57,71.27,3.42,20.0,0.6719999999999999,74.51,0.23238,70.87,1
98.92,78.21,3.8,31.8,0.213,83.15,0.1202399999999999,80.39,1
93.46,59.79,3.43,26.5,0.122,70.155,0.236325,68.05,1
93.42,58.47,2.48,22.1,0.122,58.150000000000006,0.27646,66.53,1
77.44,76.06,3.71,27.4,0.568,68.02000000000001,0.2579999999999999,74.89,1
88.29,51.87,2.29,23.6,0.532,54.015,0.3291849999999999,59.88,0
98.09,67.06,2.71,15.8,0.696,64.725,0.212285,66.27,1
86.66,58.29,2.78,27.0,0.317,64.29,0.28562,67.16,1
91.47,68.11,3.13,23.0,0.159,59.88,0.25015,66.0,1
82.22,80.01,3.69,25.3,0.955,74.13,0.2086999999999999,69.86,1
73.24,52.35,2.22,18.2,0.655,46.82,0.40953,53.94,0
77.04,62.59,2.88,17.1,0.373,61.900000000000006,0.31837,67.52,1
66.26,68.53,3.11,21.3,0.268,63.2,0.3397699999999999,66.44,1
68.96,49.04,2.26,27.1,0.48,55.76,0.40976,58.98,0
87.75,80.25,3.92,29.9,0.8140000000000001,85.205,0.152635,84.5,1
66.02,71.93,3.0,26.2,0.796,56.335,0.3511249999999999,55.74,0
80.55,75.35,2.34,24.3,0.94,66.08000000000001,0.25351,68.18,1
68.82,62.97,2.5,24.2,0.999,59.245,0.358075,61.29,1
81.36,78.39,3.23,27.3,0.2779999999999999,72.205,0.222775,80.06,1
78.46,71.64,2.93,19.7,0.53,63.855,0.279675,61.65,1
82.92,89.07,3.48,24.9,0.764,78.905,0.164395,76.34,1
68.99,87.86,3.71,23.7,0.7809999999999999,89.71625,0.19131125,73.56,1
73.27,67.48,2.5,27.7,0.281,61.255,0.320715,65.49,1
67.7,55.89,3.38,27.0,0.264,58.7,0.38543,63.69,1
91.99,59.73,2.87,25.0,0.849,52.385,0.295695,62.0,1
83.84,80.12,3.35,24.8,0.7969999999999999,78.09,0.1900099999999999,75.68,1
73.0,48.27,2.66,26.6,0.186,61.83,0.3777,63.95,1
94.11,59.82,2.52,21.6,0.8960000000000001,70.135,0.2336949999999999,70.56,1
88.51,75.82,3.16,30.2,0.409,88.135,0.1540949999999999,81.17,1
92.04,62.09,2.91,17.8,0.318,62.995,0.2565849999999999,60.93,1
87.76,66.67,3.4,28.5,0.765,59.13,0.2715599999999999,65.45,1
76.62,64.59,3.01,24.5,0.62,68.87,0.2931399999999999,66.98,1
67.96,59.29,3.19,19.6,0.306,61.715,0.365145,64.01,1
65.21,48.85,2.47,16.8,0.108,54.760000000000005,0.42833,54.2,0
85.43,67.73,3.28,19.6,0.731,64.91499999999999,0.260345,61.52,1
92.94,51.41,2.97,16.5,0.215,62.790000000000006,0.28564,59.19,0
93.36,57.49,2.6,27.0,0.1169999999999999,66.28,0.25525,72.91,1
82.62,51.49,2.08,15.8,0.8390000000000001,55.29,0.34918,53.23,0
74.52,83.4,4.0,22.9,0.929,84.535,0.1981149999999999,69.46,1
72.03,55.79,2.93,25.2,0.179,61.485,0.3600549999999999,67.8,1
82.31,55.92,3.44,22.3,0.347,67.87,0.2993899999999999,65.26,1
82.19,60.76,2.54,21.4,0.454,50.74,0.33674,59.4,0
86.28,42.8,2.0,14.4,0.263,51.0,0.37348,55.11,0
86.15,57.46,3.57,16.9,0.149,64.63,0.2891299999999999,65.93,1
81.02,74.55,3.35,24.7,0.359,73.625,0.231395,72.28,1
89.44,78.61,3.11,26.3,0.8539999999999999,71.755,0.191145,78.12,1
76.16,66.6,2.75,18.5,0.861,65.75,0.29831,66.09,1
98.35,64.32,3.14,19.9,0.45,67.095,0.212355,65.82,1
75.0,53.14,2.95,19.9,0.937,63.78,0.34924,56.93,0
91.45,78.19,3.22,20.5,0.287,70.1,0.18933,73.74,1
91.83,82.34,3.63,30.7,0.759,79.11,0.14833,80.22,1
67.77,68.35,3.13,27.7,0.104,65.09,0.3286,66.9,1
95.68,55.18,2.1,24.8,0.6990000000000001,57.075,0.2805149999999999,64.33,1
98.12,83.84,4.0,22.1,0.655,87.625,0.0931249999999999,80.35,1
83.54,66.82,2.35,16.6,0.506,62.265,0.2785849999999999,64.88,1
79.49,51.64,2.74,16.8,0.961,60.955,0.344255,59.4,0
87.16,67.94,3.08,18.8,0.817,71.57,0.23283,63.23,1
81.29,49.14,3.27,20.4,0.614,68.775,0.3210949999999999,58.49,0
82.19,64.98,2.5,26.8,0.354,64.31,0.2833699999999999,71.4,1
83.41,57.16,2.55,16.1,0.327,67.08,0.29364,72.13,1
75.32,57.0,2.54,25.4,0.363,63.760000000000005,0.3364399999999999,67.61,1
99.14,90.15,3.4,21.3,0.483,80.705,0.0908749999999999,83.6,1
74.81,71.0,3.54,31.9,0.158,77.9,0.25406,79.24,1
73.07,71.28,2.92,29.8,0.706,68.05,0.28973,70.58,1
73.81,73.19,3.51,30.2,0.968,74.875,0.260565,72.8,1
80.43,77.06,3.92,22.7,0.558,75.155,0.2216349999999999,73.25,1
89.69,67.25,2.8,22.9,0.108,61.625,0.254615,65.97,1
92.27,49.39,2.22,21.5,0.605,57.22,0.31109,58.39,0
75.32,53.73,2.59,26.5,0.425,57.26,0.36575,62.48,1
71.51,53.79,2.45,22.5,0.735,58.395,0.377405,56.66,0
87.49,67.83,2.37,17.4,0.646,59.07,0.26934,70.74,1
74.08,68.72,3.69,30.0,0.7070000000000001,68.07,0.29331,67.09,1
71.14,61.22,2.35,20.1,0.442,61.495000000000005,0.347295,56.84,0
90.72,76.49,3.86,19.0,0.987,78.95500000000001,0.170785,72.84,1
85.15,74.82,3.08,19.3,0.42,69.375,0.226815,64.67,1
89.4,50.32,2.77,20.1,0.688,61.715,0.306295,62.75,1
92.93,55.99,2.65,23.0,0.404,66.905,0.2595949999999999,66.49,1
78.57,50.41,2.67,24.6,0.95,55.1,0.36919,60.18,1
88.32,56.23,2.65,13.6,0.869,60.61,0.2962,63.26,1
72.61,69.52,2.25,18.8,0.975,51.085,0.3477449999999999,56.21,0
82.52,81.71,3.87,24.4,0.936,88.295,0.159905,77.88,1
92.55,47.57,2.83,15.4,0.607,56.260000000000005,0.31831,53.02,0
86.27,63.42,3.54,29.0,0.614,66.715,0.2645149999999999,65.21,1
73.2,58.09,2.0,22.6,0.507,55.93,0.3651399999999999,54.27,0
79.65,72.51,3.18,20.9,0.248,72.245,0.2471349999999999,70.76,1
75.82,50.24,2.0,23.9,0.631,48.18,0.40146,52.67,0
75.01,43.6,2.75,24.2,0.758,50.86,0.41658,48.84,0
78.41,72.59,3.03,23.2,0.6719999999999999,66.465,0.269195,69.48,1
74.65,44.94,2.06,17.1,0.682,53.175,0.407055,52.03,0
76.34,63.28,3.25,21.3,0.5,70.87,0.2921899999999999,61.64,1
93.6,79.26,3.71,24.6,0.306,76.77000000000001,0.1575099999999999,82.91,1
68.99,56.07,2.91,21.5,0.8949999999999999,58.705,0.3797150000000001,57.39,0
65.73,59.15,3.22,17.0,0.639,64.23,0.3669399999999999,61.82,1
69.42,86.94,2.97,22.6,0.2319999999999999,78.475,0.226075,81.91,1
90.92,59.89,3.45,29.7,0.378,68.355,0.2515849999999999,68.58,1
66.04,72.19,2.85,21.3,0.508,54.675,0.355245,61.32,1
83.82,71.49,2.58,20.5,0.534,64.265,0.257455,73.08,1
89.59,44.85,2.76,24.7,0.538,59.715,0.327945,58.6,0
75.43,81.67,3.21,18.0,0.181,73.375,0.2331449999999999,71.26,1
98.77,42.95,2.89,21.5,0.753,52.025000000000006,0.319995,62.16,1
84.97,79.05,3.34,28.8,0.881,74.35499999999999,0.199905,73.41,1
79.57,75.07,3.15,20.1,0.817,69.3,0.24861,60.93,1
91.9,53.14,2.0,21.8,0.293,42.745000000000005,0.3447449999999999,60.43,1
68.37,66.37,2.92,20.2,0.835,70.78,0.3150699999999999,68.71,1
65.35,73.77,2.83,25.4,0.61,65.81,0.31986,62.39,1
87.28,70.47,2.49,15.5,0.953,62.355,0.252405,63.79,1
82.33,63.44,2.55,21.1,0.736,59.935,0.3005549999999999,63.61,1
93.19,94.50125,4.0,33.5,0.718,88.535,0.07813125,87.97875000000002,1
99.56,54.84,2.33,13.2,0.7889999999999999,55.870000000000005,0.2696299999999999,61.92,1
91.35,52.78,2.3,23.3,0.503,58.575,0.300535,65.45,1
94.85,49.35,2.2,21.9,0.8779999999999999,48.86,0.32597,53.43,0
83.98,44.51,2.95,25.7,0.509,66.78999999999999,0.33018,66.44,1
79.79,59.62,2.81,27.9,0.178,64.02,0.30992,66.15,1
86.32,80.16,4.0,23.4,0.382,79.375,0.176115,74.82,1
93.48,51.63,2.45,24.9,0.36,49.585,0.3224349999999999,59.47,0
76.29,71.53,3.35,21.1,0.671,72.015,0.2642049999999999,74.77,1
94.3,55.74,2.07,14.9,0.8550000000000001,57.81,0.2821499999999999,58.92,0
68.35,52.03,2.3,15.0,0.647,48.150000000000006,0.42606,51.04,0
75.54,61.84,3.24,26.5,0.937,67.265,0.3105249999999999,65.17,1
66.91,80.28,3.25,23.3,0.409,73.81,0.27009,67.35,1
66.69,74.68,3.6,22.4,0.112,67.62,0.3063399999999999,69.45,1
98.21,71.58,3.7,29.3,0.8160000000000001,75.16,0.16694,76.81,1
66.25,59.5,2.24,15.4,0.962,52.595,0.398715,53.11,0
98.32,67.16,3.03,28.7,0.1129999999999999,78.295,0.170355,75.67,1
66.19,61.86,2.57,29.1,0.843,65.175,0.354135,62.85,1
70.51,65.16,3.73,27.0,0.889,78.175,0.2879549999999999,67.78,1
93.86,76.12,3.45,22.7,0.157,83.725,0.145025,80.43,1
78.51,71.49,3.07,23.1,0.615,71.125,0.258115,71.44,1
89.68,57.03,3.36,19.2,0.462,64.605,0.276375,59.88,0
80.38,64.54,2.85,16.2,0.903,65.455,0.288495,61.0,1
98.48,80.45,3.01,17.5,0.356,63.7,0.1736299999999999,70.37,1
82.84,56.24,2.89,20.3,0.5900000000000001,63.18,0.31038,68.44,1
91.49,72.42,3.6,18.7,0.246,77.82499999999999,0.183305,75.36,1
75.04,59.18,2.77,17.3,0.448,49.87,0.3726899999999999,56.79,0
67.18,49.81,2.8,24.6,0.759,55.17,0.41634,59.77,0
74.85,57.05,2.98,20.6,0.298,59.69,0.35038,57.44,0
81.29,73.61,3.16,18.6,0.932,72.565,0.236315,67.85,1
74.28,56.51,3.04,20.8,0.8039999999999999,57.870000000000005,0.35974,54.39,0
67.49,57.57,2.48,24.0,0.773,54.335,0.394325,59.21,0
87.5,69.36,3.13,24.4,0.929,65.78,0.24458,66.23,1
77.21,61.86,3.43,21.4,0.765,66.58,0.30584,63.29,1
76.76,90.11,4.0,24.4,0.187,79.995,0.1826449999999999,76.72,1
85.04,51.1,2.54,24.6,0.679,59.14,0.3291199999999999,60.63,1
67.63,58.98,2.64,20.2,0.836,59.19,0.37497,57.02,0
73.85,71.79,3.23,21.0,0.4389999999999999,65.07000000000001,0.2940199999999999,64.87,1
88.11,37.76,2.33,12.7,0.185,51.205,0.380665,52.68,0
67.19,82.16,4.0,26.3,0.157,79.53999999999999,0.24614,80.08,1
76.63,53.37,2.63,21.6,0.606,52.855,0.374805,53.65,0
75.79,42.38,2.61,24.2,0.5650000000000001,53.66,0.4087199999999999,57.8,0
88.23,71.93,3.33,18.8,0.507,61.195,0.2477049999999999,69.64,1
94.07,60.79,3.22,27.1,0.433,59.755,0.262085,65.74,1
83.23,59.2,3.01,29.0,0.913,70.12,0.27912,68.21,1
68.29,82.36,3.64,28.6,0.7230000000000001,80.94999999999999,0.23691,76.14,1
70.96,33.71125000000001,2.18,16.9,0.844,47.455,0.47266125,50.81,0
68.85,71.2,2.94,17.6,0.658,59.125,0.333625,62.59,1
99.27,64.61,2.89,18.9,0.968,70.6,0.19729,66.09,1
67.29,66.09,2.38,23.9,0.946,68.78999999999999,0.3262,68.88,1
80.51,37.34,2.17,16.9,0.679,40.555,0.444275,48.3,0
92.0,57.67,3.54,20.3,0.3419999999999999,65.55,0.26234,63.49,1
93.52,42.37,2.0,11.2,0.889,39.250625,0.3810581249999999,43.84875,0
88.46,62.82,3.72,19.9,0.8460000000000001,72.96000000000001,0.2388199999999999,68.56,1
98.11,61.42,2.31,14.7,0.644,55.685,0.256245,61.36,1
78.73,56.66,2.36,17.9,0.414,56.145,0.346665,55.94,0
77.9,58.93,3.06,26.2,0.974,69.16499999999999,0.3041149999999999,62.19,1
75.03,57.32,3.09,21.0,0.893,62.575,0.340195,63.45,1
69.47,61.38,3.13,24.0,0.6799999999999999,74.845,0.313445,71.3,1
78.95,72.56,3.92,21.7,0.395,80.38,0.22538,71.98,1
86.1,71.72,3.78,28.2,0.549,71.89500000000001,0.2247549999999999,72.14,1
76.62,73.62,3.33,24.5,0.306,72.245,0.2559249999999999,75.55,1
91.93,72.06,2.57,26.9,0.761,64.075,0.2238749999999999,71.23,1
95.29,70.42,3.56,29.2,0.378,68.50999999999999,0.2020499999999999,68.29,1
66.09,60.58,3.56,18.6,0.343,68.585,0.348145,66.41,1
87.43,40.27,2.53,17.6,0.491,55.815,0.3620249999999999,59.53,0
72.72,41.46,2.0,22.1,0.764,37.425,0.4724649999999999,51.72,0
80.98,71.16,3.16,29.7,0.981,74.195,0.240015,75.42,1
91.61,73.84,3.4,21.5,0.8880000000000001,79.05,0.17489,72.13,1
67.08,60.5,2.4,25.0,0.145,58.555,0.374515,66.12,1
86.12,63.93,3.1,24.0,0.526,61.94,0.27791,64.63,1
79.48,86.83,3.77,27.0,0.767,74.255,0.198825,69.72,1
96.18,64.48,2.69,23.3,0.352,71.785,0.2064849999999999,66.32,1
70.95,37.37,2.37,21.1,0.775,44.335,0.471085,51.24,0
69.43,49.86,2.13,19.0,0.702,53.745000000000005,0.4114649999999999,54.7,0
89.46,74.92,2.99,25.0,0.875,76.855,0.186835,71.15,1
70.87,77.2,3.51,30.5,0.626,61.755,0.299655,68.89,1
71.81,66.22,2.85,16.1,0.258,61.825,0.3286249999999999,63.75,1
91.0,79.53,3.43,25.2,0.588,80.66499999999999,0.155415,81.54,1
87.41,69.83,3.28,28.8,0.347,64.175,0.248345,74.84,1
70.87,79.5,3.5,26.8,0.243,63.74,0.2867999999999999,67.92,1
87.89,69.0,2.8,21.5,0.136,65.36,0.24536,72.16,1
88.16,68.16,2.8,16.8,0.327,61.355,0.258815,61.27,1
81.38,72.79,2.49,15.9,0.381,66.75999999999999,0.25583,68.34,1
67.1,71.1,3.48,20.0,0.3259999999999999,80.095,0.278015,68.8,1
85.58,63.77,2.74,28.5,0.562,62.25,0.27962,61.73,1
87.09,52.58,2.95,17.8,0.257,63.34,0.30388,67.96,1
77.41,50.79,3.11,17.2,0.748,57.55,0.36534,53.8,0
73.38,64.13,3.06,19.9,0.629,71.145,0.300655,68.12,1
68.3,55.64,2.52,17.4,0.9,55.505,0.393365,54.8,0
88.29,71.44,3.44,22.8,0.667,62.61,0.2446899999999999,67.14,1
95.34,82.01,3.76,24.2,0.636,74.21000000000001,0.1499799999999999,77.91,1
76.82,79.83,3.61,28.6,0.596,72.985,0.234275,74.35,1
84.56,77.56,2.84,29.4,0.4349999999999999,79.25999999999999,0.1913,74.51,1
66.26,68.54,3.4,18.8,0.325,65.47999999999999,0.3329,62.74,1
94.4,60.29,3.01,21.0,0.757,73.595,0.220745,67.24,1
82.56,61.18,2.26,17.7,0.94,62.635000000000005,0.298315,61.61,1
85.62,44.95,2.0,20.1,0.946,50.18,0.3721299999999999,56.68,0
87.79,65.22,2.81,26.6,0.759,65.345,0.2571449999999999,70.71,1
85.9,52.41,2.0,22.6,0.4049999999999999,52.94,0.34035,59.24,0
96.58,71.11,3.0,24.4,0.934,66.455,0.200985,63.25,1
75.1,49.48,2.41,24.0,0.938,51.17,0.39765,46.64,0
86.18,74.05,3.18,23.7,0.97,77.13999999999999,0.20171,74.28,1
98.47,67.93,3.05,20.2,0.8939999999999999,62.89,0.2136599999999999,66.19,1
91.2,40.68,2.24,20.6,0.373,47.77,0.36985,58.65,0
91.06,85.65,3.58,19.7,0.8029999999999999,73.88,0.1571699999999999,73.66,1
73.43,62.78,2.89,16.5,0.5650000000000001,61.605,0.333125,63.55,1
94.85,65.9,2.99,23.2,0.674,71.815,0.207455,74.58,1
99.84,69.15,3.06,19.3,0.4009999999999999,74.785,0.1688349999999999,70.23,1
96.74,62.77,2.72,24.0,0.192,66.2,0.22613,74.18,1
97.42,72.49,3.1,24.5,0.51,73.985,0.170895,72.14,1
66.93,65.63,3.12,19.4,0.412,64.78,0.3410499999999999,63.48,1
84.01,67.73,3.06,28.0,0.796,56.2,0.29217,59.94,0
98.95,64.51,2.89,24.0,0.177,62.44,0.2233499999999999,67.34,1
93.91,64.71,3.26,20.1,0.449,66.025,0.232155,64.1,1
72.7,70.6,2.97,19.7,0.731,67.89,0.29373,65.21,1
65.4,63.94,3.17,18.0,0.518,70.035,0.336475,62.64,1
94.29,60.0,2.96,25.8,0.371,68.24000000000001,0.2381199999999999,71.41,1
67.59,52.08,2.86,22.2,0.321,57.585,0.400645,59.25,0
66.17,67.03,2.85,25.4,0.799,74.885,0.3095749999999999,71.81,1
67.81,53.85,2.38,16.1,0.773,56.125,0.398835,52.88,0
69.68,63.99,2.86,22.0,0.388,60.135000000000005,0.3489049999999999,56.96,0
79.21,67.27,2.79,26.2,0.172,63.09,0.29208,66.19,1
81.26,51.27,2.33,24.7,0.39,55.14,0.35573,60.87,1
98.39,76.74,2.81,27.7,0.54,73.285,0.156365,72.83,1
98.38,58.84,2.79,26.0,0.429,69.755,0.220695,67.82,1
97.24,76.52,3.63,23.2,0.588,79.49000000000001,0.14301,77.64,1
80.3,66.36,3.38,26.9,0.372,68.09,0.27545,71.19,1
98.51,71.36,2.76,24.2,0.229,73.58,0.1711399999999999,77.41,1
90.77,62.47,3.0,18.1,0.866,65.13,0.25412,65.86,1
66.9,69.86,3.67,29.2,0.947,71.35499999999999,0.308755,68.74,1
88.25,71.46,3.62,29.3,0.135,74.6,0.20882,76.54,1
84.56,69.46,3.74,18.3,0.8029999999999999,68.16,0.2489,63.81,1
90.79,68.5,2.98,23.6,0.8560000000000001,74.73,0.2071499999999999,74.03,1
68.17,67.3,3.31,29.4,0.7969999999999999,69.47999999999999,0.31698,68.73,1
99.43,74.28,3.84,31.9,0.7230000000000001,76.56,0.1497599999999999,79.47,1
70.91,64.55,2.84,17.3,0.372,61.385,0.338555,65.89,1
71.12,66.8,2.85,28.4,0.93,75.21000000000001,0.2894899999999999,69.24,1
89.96,56.15,2.75,23.2,0.591,54.745000000000005,0.307475,56.97,0
70.44,52.18,3.18,15.6,0.4429999999999999,52.945,0.402865,61.93,1
99.35,62.09,2.91,21.1,0.4049999999999999,62.96,0.22745,66.0,1
84.79,46.16,2.92,22.4,0.791,54.89,0.35769,52.73,0
98.39,77.67,3.82,32.6,0.424,81.17,0.1299199999999999,81.05,1
87.56,57.65,2.96,22.1,0.597,67.285,0.274955,66.54,1
84.54,69.82,3.47,25.3,0.494,78.69,0.21631,78.19,1
78.57,78.6,3.39,22.0,0.658,75.3,0.22402,72.6,1
72.69,61.49,3.13,25.7,0.767,60.52,0.3432099999999999,67.02,1
88.24,74.88,2.95,26.9,0.963,70.09,0.21213,68.89,1
72.87,63.13,2.85,24.7,0.744,69.245,0.311395,69.59,1
92.71,75.81,2.78,20.9,0.494,67.35,0.19968,72.89,1
75.06,42.25,2.15,18.5,0.76,52.89,0.41434,53.56,0
78.21,59.65,2.77,21.5,0.85,62.275000000000006,0.321385,61.71,1
81.75,60.58,2.91,17.0,0.434,69.495,0.282775,62.7,1
76.52,73.78,3.42,19.7,0.618,76.12,0.24422,68.45,1
93.9,66.94,2.98,20.9,0.235,77.10499999999999,0.192265,70.8,1
88.87,67.2,3.58,26.3,0.272,73.77000000000001,0.2216099999999999,70.18,1
80.65,68.86,3.31,17.7,0.682,63.955,0.278955,68.32,1
93.61,74.81,2.67,18.5,0.833,69.735,0.1919249999999999,70.82,1
75.1,59.74,2.89,18.7,0.592,54.935,0.355575,60.21,1
91.53,75.86,4.0,30.9,0.752,77.9,0.1725999999999999,80.42,1
68.65,64.54,2.53,19.5,0.7929999999999999,70.03999999999999,0.3216599999999999,69.05,1
98.94,67.1,2.94,19.0,0.934,61.315,0.218995,66.07,1
93.72,68.44,3.05,14.7,0.604,56.435,0.250495,61.82,1
81.65,71.64,3.04,23.5,0.124,63.47500000000001,0.2680549999999999,67.11,1
78.81,47.95,2.47,23.3,0.876,49.56,0.3922299999999999,54.78,0
92.05,56.95,2.69,17.4,0.8880000000000001,67.075,0.259725,58.63,0
93.27,56.28,2.91,25.6,0.747,61.36,0.274,57.16,0
70.51,69.77,2.68,17.5,0.6910000000000001,58.345,0.333615,63.84,1
88.62,77.19,3.18,24.4,0.495,69.56,0.2052699999999999,72.91,1
71.77,60.77,2.6,20.6,0.766,60.685,0.348555,65.02,1
75.39,56.43,3.18,16.4,0.4059999999999999,61.235,0.345445,59.79,0
93.65,78.38,3.44,31.8,0.4599999999999999,78.985,0.153305,82.25,1
84.93,73.69,3.7,24.2,0.982,77.18,0.2076699999999999,73.22,1
73.7,75.91,2.96,28.7,0.874,81.105,0.2341549999999999,71.82,1
86.04,62.52,2.47,18.5,0.5700000000000001,59.415,0.2900349999999999,56.74,0
90.17,74.45,2.96,27.2,0.827,67.07,0.2147599999999999,71.69,1
85.48,84.99,3.89,32.2,0.293,78.57,0.1674,84.08,1
98.09,65.24,2.75,23.8,0.6559999999999999,67.785,0.208565,64.19,1
93.9,67.63,3.36,30.4,0.294,79.78999999999999,0.18214,75.4,1
93.52,68.92,3.08,23.2,0.4429999999999999,67.755,0.215895,71.6,1
77.8,64.81,3.56,23.3,0.5,76.995,0.263385,73.72,1
65.77,48.96,2.66,22.5,0.883,61.49,0.40557,59.12,0
86.23,67.1,2.98,19.8,0.756,75.43,0.22749,69.55,1
65.19,75.86,4.0,21.6,0.118,72.835,0.293155,66.23,1
93.75,94.50125,4.0,28.8,0.1629999999999999,88.35,0.07644625,87.97875000000002,1
87.86,62.38,2.59,25.6,0.927,65.29,0.26555,63.14,1
88.76,61.98,2.45,18.2,0.581,61.7,0.2739199999999999,71.88,1
65.28,64.38,2.47,19.8,0.922,65.6,0.34894,62.45,1
84.77,52.74,2.07,23.4,0.742,49.965,0.352805,58.75,0
71.51,35.74,2.0,20.3,0.977,42.75,0.4784899999999999,46.94,0
73.27,61.0,2.8,27.8,0.629,58.775,0.347595,64.88,1
69.03,57.2,2.78,25.9,0.433,59.865,0.3726849999999999,64.01,1
74.76,64.71,3.22,19.7,0.954,70.33500000000001,0.2958249999999999,64.49,1
73.42,63.69,3.19,24.8,0.994,63.25,0.3254999999999999,64.62,1
85.72,65.15,3.63,23.4,0.867,57.66,0.28869,72.8,1
95.8,59.3,2.59,20.9,0.678,65.115,0.243555,69.72,1
69.16,62.87,2.59,21.5,0.638,58.73,0.35856,59.55,0
97.17,76.63,3.19,21.5,0.403,73.84,0.15991,74.91,1
77.89,42.47,2.0,14.6,0.99,48.715,0.414885,50.64,0
99.88,50.0,2.56,19.5,0.536,57.870000000000005,0.2768699999999999,60.84,1
91.49,55.12,2.65,18.3,0.713,59.73,0.28949,67.12,1
76.06,46.12,2.3,13.3,0.607,52.49,0.3999299999999999,56.88,0
98.52,64.81,2.18,23.8,0.751,59.71,0.23236,73.07,1
87.02,77.68,3.47,28.0,0.19,76.565,0.189185,77.21,1
79.35,75.1,4.0,26.5,0.324,86.485,0.197845,76.36,1
81.22,72.99,2.92,29.3,0.654,78.09,0.22188,73.59,1
71.53,65.81,2.8,16.8,0.649,67.73,0.31326,62.69,1
90.88,66.22,2.81,17.5,0.796,56.165,0.269325,55.96,0
73.69,62.43,2.9,18.0,0.105,58.905,0.341235,61.09,1
80.15,68.64,3.48,24.8,0.219,69.925,0.263705,69.57,1
99.34,74.24,2.88,21.7,0.305,68.63,0.17403,74.1,1
82.06,67.54,3.2,26.0,0.923,64.60499999999999,0.275325,65.21,1
94.19,52.53,2.35,20.9,0.843,53.965,0.303755,51.97,0
93.05,70.86,3.31,22.8,0.739,60.92,0.23246,66.76,1
81.11,83.77,4.0,32.7,0.445,78.50999999999999,0.18872,83.68,1
85.58,44.2,2.0,19.6,0.731,58.02,0.35102,58.82,0
86.23,55.24,2.48,26.6,0.844,50.82,0.3369,58.72,0
92.9,64.74,2.37,17.0,0.129,65.11,0.2388499999999999,68.39,1
75.31,50.92,2.29,26.8,0.356,62.52,0.35844,63.85,1
94.93,66.43,2.91,18.1,0.2299999999999999,63.975,0.2290649999999999,66.39,1
72.09,62.22,2.62,19.5,0.315,68.005,0.320965,61.25,1
66.4,50.77,2.0,17.5,0.147,42.84,0.45357,50.31,0
89.34,33.71125000000001,2.0,8.900000000000006,0.251,36.11687500000001,0.433155625,43.84875,0
98.18,68.14,2.72,26.4,0.157,69.935,0.1930549999999999,73.51,1
66.15,66.68,3.13,15.5,0.448,57.735,0.3621549999999999,57.04,0
80.37,52.27,2.87,21.8,1.0,49.855,0.372145,51.76,0
81.32,65.59,2.89,19.1,0.8480000000000001,61.95,0.2921,66.01,1
68.06,46.08,2.61,14.2,0.609,49.43,0.4412299999999999,49.11,0
85.09,70.04,2.9,17.1,0.244,62.665000000000006,0.2615249999999999,62.92,1
96.11,54.23,2.62,23.1,0.658,58.225,0.2781949999999999,68.48,1
68.73,72.19,3.28,27.1,0.436,61.825,0.323035,61.91,1
87.07,66.47,2.81,18.3,0.1129999999999999,69.435,0.244005,70.49,1
72.69,64.34,2.93,19.9,0.465,65.12,0.32086,67.4,1
87.81,64.37,2.25,22.7,0.258,58.85,0.2790999999999999,65.55,1
87.52,55.71,2.19,17.8,0.291,61.52,0.29823,61.88,1
84.42,67.85,2.95,27.7,0.917,63.31,0.26884,67.38,1
71.24,71.18,3.37,21.8,0.7,70.805,0.289085,68.85,1
86.35,51.52,2.79,24.7,0.11,60.865,0.317445,61.76,1
65.5,53.26,3.09,17.6,0.607,54.46,0.41484,50.65,0
70.68,75.35,2.95,17.4,0.776,66.125,0.292855,60.93,1
99.91,57.09,2.0,18.7,0.8160000000000001,50.24,0.27837,61.09,1
67.24,50.65,3.0,28.3,0.659,61.445,0.394755,57.78,0
94.32,54.6,2.58,20.9,0.5509999999999999,56.11,0.29059,58.79,0
73.75,75.71,4.0,24.8,0.413,80.44999999999999,0.23652,76.25,1
70.03,35.63,2.03,15.2,0.608,41.24625,0.4892512499999999,46.72,0
67.8,61.97,3.21,20.1,0.747,55.36,0.37681,54.67,0
96.98,62.67,3.36,18.4,0.299,70.41,0.21284,74.82,1
69.44,64.26,3.34,26.2,0.161,68.935,0.322655,67.57,1
97.05,63.55,2.0,17.9,0.362,54.645,0.257215,61.75,1
67.73,56.71,3.18,29.7,0.474,64.505,0.365435,66.11,1
99.47,70.31,3.28,23.3,0.724,69.475,0.1827649999999999,78.01,1
75.3,65.96,3.16,23.0,0.233,74.255,0.2781550000000001,69.83,1
80.39,66.14,2.74,26.2,0.284,78.74,0.2438,75.31,1
70.98,67.17,3.62,24.0,0.152,72.12,0.29821,71.9,1
86.48,86.68,4.0,27.7,0.418,85.89500000000001,0.1363549999999999,87.97875000000002,1
71.44,57.8,3.31,16.5,0.687,57.82,0.36738,56.3,0
89.83,71.46,2.53,26.3,0.64,70.92,0.2135399999999999,69.5,1
90.22,55.41,3.03,25.2,0.603,59.845,0.293355,67.93,1
84.64,65.96,3.17,24.7,0.835,67.57,0.26085,64.68,1
71.47,54.3,3.06,21.9,0.418,61.075,0.367995,63.52,1
65.68,63.02,2.8,27.7,0.216,64.11500000000001,0.355875,64.81,1
99.01,72.06,3.13,26.3,0.969,65.33,0.1917899999999999,69.56,1
83.68,66.96,3.01,24.5,0.349,58.055,0.2902349999999999,61.92,1
90.89,47.0,2.0,21.3,0.716,47.125,0.3540649999999999,47.77,0
79.36,89.61,3.4,22.6,0.663,76.27,0.18492,73.28,1
85.13,71.17,3.26,25.0,0.648,73.97999999999999,0.22403,77.35,1
71.93,59.4,3.19,25.2,0.6950000000000001,55.855,0.366515,58.88,0
84.17,73.55,3.41,26.7,0.197,76.775,0.2123449999999999,75.47,1
69.98,62.59,3.53,29.5,0.483,66.05,0.3341599999999999,63.89,1
83.51,57.22,2.73,22.3,0.853,55.36,0.32822,59.74,0
91.56,48.99,2.52,18.0,0.129,61.815,0.301345,59.18,0
76.44,51.66,2.0,14.2,0.9,57.085,0.3680049999999999,57.26,0
72.49,67.7,2.87,24.7,0.8869999999999999,67.63499999999999,0.304035,62.38,1
77.56,37.32,2.46,13.6,0.4429999999999999,47.905,0.4340849999999999,44.68,0
97.48,74.86,2.66,17.0,0.807,65.605,0.1886849999999999,62.88,1
83.91,55.23,2.89,19.1,0.515,54.1,0.33637,59.47,0
66.87,70.27,3.03,21.1,0.518,62.175,0.335185,60.74,1
69.5,37.06,2.5,24.0,0.183,46.365,0.471725,53.61,0
89.11,69.55,3.5,19.1,0.37,69.005,0.227895,71.58,1
88.32,65.3,3.14,20.7,0.518,71.89,0.23515,66.56,1
85.09,50.47,2.98,18.1,0.77,61.33,0.32424,57.7,0
88.85,75.39,3.01,23.4,0.128,72.235,0.201725,77.06,1
98.77,78.43,3.7,24.2,0.486,69.405,0.1614149999999999,66.43,1
83.6,66.9,2.62,18.1,0.498,61.785,0.279545,64.44,1
93.6,79.1,3.88,32.2,0.127,73.83500000000001,0.166795,77.45,1
71.44,60.42,2.19,19.0,0.8939999999999999,54.17,0.3704699999999999,57.94,0
72.84,90.11,3.8,26.1,0.579,78.89500000000001,0.2016249999999999,79.44,1
74.02,44.59,2.22,19.7,0.303,42.915,0.441405,44.78,0
89.7,51.9,2.22,25.1,0.1669999999999999,56.48,0.31606,62.96,1
91.11,74.64,3.31,29.4,0.706,76.25999999999999,0.18286,80.81,1
98.03,67.83,3.45,20.3,0.77,81.775,0.1590649999999999,77.23,1
82.27,68.58,3.55,24.0,1.0,69.145,0.257745,68.29,1
73.35,44.32,2.44,20.0,0.159,44.7,0.4395400000000001,48.1,0
77.65,65.34,2.38,23.2,0.74,59.31999999999999,0.3154199999999999,64.95,1
85.03,74.4,3.39,25.1,0.8869999999999999,73.2,0.21708,69.65,1
75.8,56.04,2.38,13.6,0.661,58.475,0.353255,67.67,1
85.37,45.63,2.88,17.9,0.932,47.06,0.3804499999999999,51.36,0
91.99,61.17,3.2,21.8,0.4509999999999999,64.62,0.25467,68.46,1
68.94,48.8,2.53,21.7,0.2339999999999999,50.605,0.426025,51.48,0
87.7,83.11,3.54,27.3,0.102,78.47999999999999,0.16443,80.05,1
84.15,67.14,3.15,24.6,0.622,62.705,0.2738649999999999,60.98,1
68.71,60.29,2.88,18.7,0.235,57.875,0.370665,65.88,1
77.64,77.94,2.9,29.9,0.637,78.595,0.219835,76.27,1
67.74,67.99,2.91,16.3,0.239,61.455,0.340705,69.45,1
75.65,59.17,2.91,20.2,0.391,61.825,0.3344149999999999,60.57,1
93.44,77.66,3.7,25.3,0.1139999999999999,79.53,0.15467,81.59,1
99.25,84.15,3.15,29.3,0.961,80.32,0.1095899999999999,77.36,1
74.79,65.6,2.97,22.6,0.428,65.485,0.307585,61.4,1
85.79,51.65,2.63,26.1,0.993,61.18000000000001,0.3183499999999999,65.37,1
76.13,76.8,3.44,30.5,0.746,84.640625,0.211158125,83.26,1
86.42,94.50125,3.92,23.6,0.397,82.87,0.1222062499999999,87.97875000000002,1
78.25,55.82,2.75,24.2,0.73,55.445,0.353205,61.31,1
96.37,91.36,3.31,26.9,0.267,80.59,0.0986699999999999,87.55,1
68.52,56.67,2.71,17.3,0.819,60.855,0.373345,57.39,0
89.59,63.68,3.28,29.0,0.424,68.205,0.245985,68.49,1
79.13,55.6,3.06,18.2,0.104,66.0,0.31868,70.87,1
85.19,71.03,3.14,24.6,0.7070000000000001,65.71000000000001,0.2490199999999999,65.76,1
82.51,58.44,2.67,21.5,0.631,63.185,0.305085,63.61,1
88.11,65.49,2.82,16.7,0.216,61.425,0.266815,66.77,1
73.25,58.96,3.15,24.0,0.495,64.155,0.337655,66.94,1
88.6,55.2,3.25,24.8,0.717,64.345,0.286965,62.7,1
75.73,68.44,2.76,15.9,0.6950000000000001,58.045,0.317625,65.92,1
72.96,69.32,3.03,23.1,0.739,67.48500000000001,0.297745,69.36,1
93.28,42.56,2.26,16.9,0.512,39.62125,0.38033625,57.01,0
86.54,49.2,2.82,20.4,0.918,61.77,0.3209299999999999,55.46,0
98.27,71.11,3.59,29.7,0.8560000000000001,68.23,0.1889,66.51,1
94.82,55.81,2.78,15.1,0.444,53.675,0.292265,61.55,1
75.99,64.14,3.12,26.0,0.479,64.385,0.310465,69.62,1
76.07,54.73,2.7,19.8,0.8779999999999999,59.54,0.35291,59.87,0
69.71,47.84,2.26,16.0,0.795,43.275,0.447815,47.07,0
72.9,60.12,2.61,19.8,0.214,60.005,0.348025,63.48,1
76.77,65.32,3.1,18.4,0.423,60.83,0.31447,61.68,1
92.5,55.87,3.11,18.9,0.916,61.025,0.279315,59.81,0
85.79,47.61,2.41,19.4,0.264,58.72,0.33785,57.49,0
74.08,54.16,2.58,18.9,0.263,62.575,0.353475,60.44,1
81.07,83.68,3.9,24.9,0.253,90.06562500000001,0.1544831249999999,85.93,1
78.74,72.33,3.63,25.4,0.8630000000000001,70.705,0.2559350000000001,65.86,1
65.78,59.95,2.95,20.2,0.554,59.825,0.377555,55.81,0
96.87,69.92,3.04,21.1,0.866,68.78,0.1964199999999999,69.02,1
92.45,72.91,3.96,31.1,0.712,75.405,0.185255,74.92,1
72.81,76.01,3.86,19.6,0.519,70.295,0.2698449999999999,69.76,1
98.25,76.56,3.26,26.4,0.95,74.965,0.1524249999999999,76.77,1
81.08,87.3,3.31,25.7,0.906,80.755,0.171515,76.57,1
97.87,52.63,2.22,20.6,0.5650000000000001,52.465,0.2932349999999999,61.63,1
72.49,49.75,2.69,16.2,0.137,60.61,0.37896,60.45,1
93.0,64.47,3.37,27.0,0.397,71.19,0.22102,76.12,1
99.4,71.91,2.91,26.0,0.155,74.16999999999999,0.16416,74.99,1
75.93,73.88,3.16,20.1,0.937,75.31,0.24871,71.91,1
84.64,55.03,2.71,20.2,0.554,58.19500000000001,0.3217649999999999,61.24,1
82.35,62.43,2.99,26.3,0.243,67.875,0.2796849999999999,71.14,1
71.55,53.52,2.23,14.6,0.27,57.595,0.380455,58.0,0
71.9,83.69,2.86,27.9,0.817,72.1,0.24503,71.68,1
91.81,73.04,3.5,21.8,0.917,72.565,0.1959449999999999,68.97,1
77.6,65.42,3.14,28.1,0.8630000000000001,64.98,0.2984,67.67,1
69.28,55.78,2.69,20.0,0.31,50.32,0.40458,59.02,0
98.54,52.4,2.04,16.8,0.65,60.885,0.2659849999999999,58.54,0
82.35,50.24,2.83,19.5,0.186,47.69,0.37681,56.54,0
71.29,59.87,2.75,18.7,0.417,51.175,0.3817049999999999,58.36,0
96.06,77.26,3.48,30.5,0.488,82.44,0.1366599999999999,78.77,1
67.09,77.74,4.0,23.3,0.688,78.695,0.262335,69.98,1
68.45,55.03,3.28,16.2,0.537,61.15,0.37766,55.29,0
84.02,69.26,3.12,18.3,0.106,66.33500000000001,0.2571349999999999,77.66,1
77.11,54.74,2.54,24.1,0.607,63.545,0.336705,63.12,1
67.39,55.96,2.63,19.8,0.638,64.14500000000001,0.370125,60.1,1
77.16,64.26,3.13,18.0,0.378,57.085,0.327325,63.0,1
74.33,58.81,2.32,26.6,0.631,60.045,0.346115,62.01,1
80.9,53.97,2.62,19.7,0.999,60.11,0.3341599999999999,51.56,0
98.13,78.61,3.16,22.7,0.8,71.555,0.1569849999999999,68.83,1
74.3,57.53,2.71,22.4,0.678,65.41,0.33398,62.76,1
72.75,86.73,2.55,22.1,0.2279999999999999,70.245,0.2380749999999999,77.85,1
88.68,66.01,2.9,25.9,0.261,65.595,0.2504649999999999,70.46,1
76.76,61.9,2.99,21.1,0.4469999999999999,60.46,0.3258799999999999,68.2,1
81.47,63.79,2.28,24.5,0.288,57.075,0.311525,66.54,1
97.32,83.1,4.0,29.9,0.12,82.235,0.114715,87.71,1
67.96,67.54,2.39,24.3,0.942,58.34,0.35052,57.76,0
84.86,67.57,3.0,25.7,0.955,64.155,0.265385,65.64,1
98.7,75.68,3.16,27.7,0.143,73.68,0.1571199999999999,75.77,1
97.26,91.48,4.0,25.8,0.744,88.63,0.0706299999999999,87.97875000000002,1
99.35,35.97,2.23,19.2,0.247,50.08,0.34445,56.89,0
76.42,86.64,4.0,26.2,0.726,77.32,0.20244,75.72,1
98.9,58.37,2.38,20.2,0.742,57.965,0.255395,62.81,1
75.83,80.6,3.78,30.5,0.417,72.41499999999999,0.237635,71.23,1
70.22,69.97,2.73,18.2,0.146,63.315,0.319265,69.6,1
87.19,67.42,3.39,20.9,0.8210000000000001,67.17,0.24747,69.22,1
75.85,73.43,3.06,25.9,0.967,74.03,0.25422,79.48,1
67.8,56.02,2.95,22.4,0.98,55.645,0.3938049999999999,54.79,0
96.91,69.2,3.04,26.1,0.805,72.525,0.187185,71.03,1
68.06,66.85,2.63,23.2,0.775,66.75,0.32696,64.77,1
91.63,70.49,3.32,18.5,0.833,77.515,0.189465,76.19,1
85.98,60.71,2.74,19.6,0.75,66.62,0.2740899999999999,69.19,1
73.18,79.09,3.64,21.9,0.145,69.10499999999999,0.262695,69.45,1
66.48,63.59,3.1,26.7,0.792,65.035,0.3482049999999999,67.65,1
72.85,66.74,3.47,25.5,0.644,78.725,0.272205,72.38,1
98.93,86.51,3.38,30.3,0.414,76.89,0.1140799999999999,86.19,1
65.76,75.97,3.26,19.7,0.1669999999999999,72.685,0.2909949999999999,69.83,1
77.72,49.0,2.45,23.0,0.268,53.785,0.380765,60.27,1
98.02,66.31,2.92,24.7,0.125,72.325,0.192015,72.93,1
97.76,66.59,3.18,27.9,0.55,70.185,0.1986349999999999,70.45,1
87.47,47.01,2.24,25.6,0.275,51.69,0.35402,63.28,1
65.66,65.8,2.87,22.6,0.705,64.525,0.346385,64.35,1
83.46,56.75,2.78,17.2,0.483,61.59,0.31114,68.71,1
70.93,69.04,2.93,21.2,0.867,70.515,0.2976149999999999,66.62,1
88.24,47.01,2.73,20.6,0.304,61.365,0.3219149999999999,59.05,0
88.93,83.92,2.91,19.1,0.666,70.86,0.1799399999999999,83.05,1
91.9,68.73,2.71,22.4,0.254,66.3,0.2273099999999999,70.13,1
98.8,71.82,3.83,32.1,0.8119999999999999,78.575,0.153615,76.42,1
96.62,69.93,3.29,19.2,0.753,67.47,0.2013199999999999,69.17,1
70.64,77.54,2.78,19.7,0.757,62.34,0.2977999999999999,64.99,1
90.04,76.54,2.94,25.8,0.268,70.6,0.1984199999999999,75.72,1
68.35,51.95,2.97,25.2,0.724,52.855,0.4121849999999999,53.65,0
79.31,60.87,2.67,22.3,0.205,59.25,0.3223999999999999,60.66,1
79.03,90.17,3.48,25.6,0.173,74.37,0.1902599999999999,73.22,1
65.48,61.41,3.3,22.1,0.709,63.28,0.3640099999999999,57.36,0
65.03,47.05,2.39,21.3,0.356,48.925,0.4519549999999999,52.28,0
84.03,53.57,2.09,21.1,0.889,57.415,0.330925,59.1,0
79.31,72.41,3.3,24.2,0.209,76.095,0.2372449999999999,71.45,1
68.54,82.22,3.45,23.6,0.388,77.47,0.2467699999999999,71.92,1
74.12,71.55,3.54,28.4,0.655,66.155,0.2904049999999999,67.12,1
81.0,57.17,2.71,24.1,0.8390000000000001,55.155,0.3390249999999999,61.5,1
72.53,51.82,2.64,24.5,0.688,49.765,0.4051249999999999,61.93,1
95.62,79.56,3.1,21.0,0.798,77.375,0.1467149999999999,75.86,1
68.03,56.22,3.47,16.2,0.8939999999999999,61.745,0.373985,60.98,1
76.69,72.87,3.33,28.3,0.494,71.815,0.259185,70.04,1
66.79,67.49,3.18,25.7,0.399,78.485,0.294915,71.46,1
65.88,57.54,2.23,25.4,0.1399999999999999,50.49,0.41239,58.36,0
90.26,71.5,2.6,21.1,0.13,66.26,0.22568,75.2,1
87.19,52.19,2.39,20.8,0.308,39.755,0.375405,57.08,0
96.79,59.16,3.08,22.2,0.1699999999999999,59.415,0.257115,63.49,1
70.44,58.23,2.47,21.0,0.95,49.44,0.39523,56.74,0
78.78,63.29,2.6,14.9,0.819,58.78,0.3186699999999999,64.25,1
81.83,59.0,3.18,28.9,0.425,68.31,0.2907499999999999,65.82,1
84.24,73.28,2.31,21.2,0.16,63.735,0.251995,67.55,1
77.06,67.89,3.57,26.6,0.299,66.905,0.287375,66.39,1
94.23,83.15,3.25,31.0,0.72,76.685,0.1435749999999999,81.89,1
86.41,62.02,3.06,18.5,0.998,65.63499999999999,0.271395,61.43,1
95.26,87.7,3.43,26.5,0.85,76.645,0.1259249999999999,79.96,1
97.42,65.71,3.02,17.0,0.146,67.565,0.210495,70.97,1
95.77,62.94,2.71,23.6,0.8699999999999999,69.47999999999999,0.21966,70.22,1
99.4,35.21,2.75,16.2,0.635,57.58,0.32403,56.33,0
76.98,42.15,2.49,17.1,0.252,52.945,0.406795,52.37,0
93.0,66.08,2.79,25.9,0.335,64.52,0.2362,75.15,1
65.72,49.52,2.36,22.4,0.395,62.305,0.401645,63.88,1
79.12,64.89,2.47,27.8,0.485,61.265,0.3050549999999999,63.75,1
74.95,52.58,2.57,14.1,0.217,55.525000000000006,0.3758849999999999,61.44,1
70.97,71.52,3.63,24.5,0.584,75.985,0.273605,74.05,1
90.8,50.95,2.6,15.7,0.557,53.77,0.32264,58.39,0
68.46,45.34,2.42,22.8,0.996,42.985,0.4611849999999999,48.12,0
86.52,72.97,2.95,25.7,0.146,64.575,0.241285,71.44,1
98.85,61.61,2.93,25.8,0.434,60.665000000000006,0.237775,66.5,1
81.54,77.83,3.35,20.7,0.144,75.57,0.21364,76.26,1
70.16,58.55,2.28,20.9,0.205,52.35,0.38666,61.58,1
80.03,56.72,2.58,23.6,0.994,63.825,0.318245,63.92,1
69.77,57.51,2.76,24.5,0.367,51.635000000000005,0.393485,59.38,0
96.16,66.19,2.18,20.5,0.337,55.11,0.25146,68.63,1
68.65,56.96,3.09,26.2,0.217,62.620000000000005,0.36666,61.64,1
68.71,69.65,3.66,27.7,0.985,75.375,0.290085,72.7,1
70.91,62.99,2.67,24.0,0.998,67.16499999999999,0.3258950000000001,65.98,1
78.3,47.3,2.32,23.1,0.265,54.64,0.38098,63.03,1
89.08,75.04,3.21,30.7,0.325,71.66499999999999,0.203565,74.82,1
76.17,43.24,2.04,15.5,0.503,44.485,0.432145,46.02,0
82.48,57.27,3.46,21.0,0.136,63.59,0.3074999999999999,59.78,0
72.1,59.78,2.95,27.6,0.36,62.69,0.34419,69.07,1
93.78,65.06,2.88,22.8,0.954,55.97,0.2617899999999999,61.02,1
70.36,67.87,3.31,20.1,0.851,70.355,0.3038849999999999,69.9,1
69.53,55.29,2.67,28.3,0.426,65.42500000000001,0.359735,59.88,0
94.76,53.87,2.07,19.0,0.421,57.51,0.2868199999999999,55.99,0
68.96,94.50125,3.78,30.3,0.844,80.47,0.19924625,77.42,1
85.57,68.19,2.8,20.4,0.399,58.635000000000005,0.2772449999999999,69.8,1
79.21,71.92,2.79,24.0,0.687,60.605,0.285585,66.88,1
97.75,60.96,3.19,25.6,0.182,71.13,0.21273,71.48,1
80.43,64.33,3.16,21.3,0.8130000000000001,68.91499999999999,0.278545,61.68,1
74.16,74.29,3.03,18.9,0.542,66.615,0.280645,71.17,1
68.02,72.54,3.01,26.8,0.89,59.405,0.332085,66.02,1
68.85,63.91,3.2,17.0,0.106,63.55,0.34222,64.0,1
74.72,87.48,3.66,26.2,0.6809999999999999,83.725,0.187505,77.67,1
71.2,75.49,3.07,21.7,0.835,66.32499999999999,0.289755,64.47,1
76.44,68.5,3.04,16.8,0.5700000000000001,59.98,0.3087999999999999,62.98,1
86.3,57.91,3.07,17.3,0.316,67.685,0.278015,66.96,1
98.37,67.46,3.17,18.2,0.712,67.35,0.20209,74.22,1
70.83,57.98,3.13,30.3,0.385,68.60499999999999,0.336925,66.28,1
68.54,45.09,2.09,23.9,0.131,42.145,0.4641349999999999,48.17,0
76.7,47.61,2.23,19.3,0.713,50.620000000000005,0.39851,57.38,0
69.0,67.81,3.51,23.7,0.255,70.625,0.3086949999999999,70.49,1
92.07,60.85,2.47,16.3,0.998,63.33,0.2591799999999999,63.82,1
78.33,69.86,2.66,26.4,0.109,59.33,0.29911,69.81,1
80.1,67.92,3.82,19.7,0.25,63.805,0.284425,62.63,1
65.92,75.31,3.04,30.8,0.708,72.72999999999999,0.2922,72.29,1
65.24,71.2,3.2,27.8,0.5599999999999999,69.225,0.3177650000000001,71.7,1
75.3,58.91,2.76,20.7,0.4669999999999999,56.325,0.353095,61.67,1
76.0,75.32,3.77,29.8,0.105,64.175,0.277515,72.68,1
98.96,49.62,2.77,22.8,0.5509999999999999,57.045,0.284165,60.62,1
98.92,56.95,2.22,15.0,0.567,65.67,0.2364599999999999,65.55,1
78.83,62.86,3.15,26.7,0.1699999999999999,71.74000000000001,0.2808799999999999,70.96,1
75.89,55.58,2.4,19.0,0.221,57.145,0.358265,59.56,0
93.08,83.72,3.39,28.3,0.118,76.775,0.146195,81.53,1
84.43,39.27,2.24,16.2,0.716,49.885000000000005,0.3948149999999999,49.66,0
87.55,64.79,2.88,27.3,0.411,61.510000000000005,0.2709,62.03,1
88.22,71.51,3.73,30.3,0.1679999999999999,78.225,0.1979149999999999,78.65,1
78.76,57.43,2.93,25.8,0.955,62.985,0.323715,67.6,1
67.24,54.57,2.93,23.0,0.379,59.47,0.38892,59.19,0
74.87,54.22,3.51,18.0,0.496,65.365,0.341765,63.29,1
87.77,59.76,2.57,18.8,0.482,72.13,0.25325,69.8,1
68.55,66.47,2.73,24.1,0.8699999999999999,59.1,0.34909,66.95,1
81.98,62.88,3.11,25.5,0.381,59.17999999999999,0.3059,61.21,1
87.03,57.75,2.46,17.1,0.124,55.78,0.3112899999999999,66.06,1
85.46,49.57,2.71,15.7,0.8480000000000001,61.335,0.325445,63.21,1
75.56,78.5,2.94,20.5,0.6910000000000001,64.41,0.26903,72.82,1
83.13,64.21,3.36,26.0,0.269,71.72,0.25969,72.84,1
87.65,62.14,3.37,17.2,0.151,60.02,0.2829199999999999,68.25,1
81.6,82.26,3.66,25.4,0.491,82.37,0.17971,80.67,1
84.82,49.46,3.01,24.5,0.475,56.0,0.34434,62.15,1
92.9,80.11,3.23,19.8,0.172,72.665,0.1700749999999999,79.12,1
83.4,69.94,2.68,21.8,0.513,66.24000000000001,0.2578599999999999,68.62,1
65.39,54.07,2.52,20.9,0.352,52.44,0.41891,55.34,0
79.93,56.72,2.57,27.1,0.407,54.675,0.346095,64.84,1
83.59,81.45,3.96,19.9,0.206,80.655,0.1793249999999999,77.43,1
94.94,67.61,2.96,24.4,0.512,67.325,0.215435,67.92,1
72.34,62.33,2.64,27.5,0.441,65.175,0.328125,64.59,1
67.99,58.41,2.79,21.4,0.82,56.34,0.3837900000000001,55.42,0
75.89,41.24,3.07,23.3,0.1,51.335,0.4187149999999999,56.26,0
79.26,74.02,3.27,29.8,0.913,76.41499999999999,0.231655,75.93,1
69.28,71.21,2.65,16.8,0.7889999999999999,55.69,0.34218,60.18,1
73.11,64.83,2.62,21.2,0.432,66.255,0.314305,70.46,1
98.82,84.83,3.53,24.9,0.101,74.76499999999999,0.125935,77.81,1
70.88,73.31,3.67,26.9,0.11,67.00999999999999,0.29552,67.81,1
87.26,78.76,3.25,29.6,0.659,79.255,0.176915,76.5,1
72.8,64.26,3.05,29.9,0.7150000000000001,73.38499999999999,0.295865,70.15,1
75.76,73.37,2.46,22.2,0.733,68.42,0.2715899999999999,66.31,1
84.46,46.41,2.74,20.3,0.72,50.69,0.3708599999999999,53.44,0
79.44,85.5,3.46,33.2,0.122,80.4,0.18454,79.91,1
73.96,56.07,2.96,21.6,0.1699999999999999,56.375,0.366825,60.58,1
75.73,47.37,2.11,14.9,0.182,54.355,0.391905,54.48,0
67.85,54.45,3.36,19.2,0.189,65.28,0.36941,59.36,0
89.9,81.61,3.84,19.2,0.6809999999999999,75.755,0.168305,77.55,1
85.41,79.86,3.55,25.9,0.304,81.365,0.174685,80.1,1
96.96,74.09,2.93,26.3,0.282,68.38499999999999,0.184735,74.9,1
93.01,68.51,3.0,28.5,0.641,59.260000000000005,0.2446499999999999,63.42,1
89.1,56.38,2.46,14.1,0.757,54.985,0.309505,52.74,0
79.32,53.7,2.58,23.9,0.358,56.98,0.35068,62.08,1
88.84,46.3,2.36,20.4,0.426,46.115,0.3673949999999999,55.77,0
97.05,51.02,2.78,24.3,0.625,55.635000000000005,0.291835,62.88,1
75.2,69.4,2.73,25.2,0.129,61.415,0.306755,63.63,1
75.0,64.73,2.76,19.3,0.471,56.28,0.3369699999999999,58.13,0
90.96,92.55,4.0,34.4,0.378,86.495,0.099025,86.2,1
83.52,65.04,2.78,21.1,0.111,56.74,0.30058,57.64,0
88.2,63.86,2.92,28.2,0.18,65.435,0.259315,70.6,1
77.8,75.56,2.97,23.1,0.208,78.36,0.22704,74.34,1
66.58,57.01,2.43,24.7,0.919,54.77,0.39834,55.69,0
83.66,65.53,3.06,19.2,0.726,67.74000000000001,0.26555,58.06,0
94.99,82.23,3.03,22.1,0.1169999999999999,75.5,0.14685,79.14,1
73.86,48.85,3.39,24.6,0.44,61.145,0.3745749999999999,61.09,1
74.84,40.29,2.0,16.8,0.597,41.77,0.45446,49.66,0
69.24,77.12,3.58,26.1,0.735,72.495,0.2741949999999999,68.07,1
83.36,63.59,2.99,21.4,0.13,67.01499999999999,0.274745,61.78,1
97.88,51.05,2.15,22.0,0.254,61.855,0.269765,66.84,1
86.86,48.76,2.57,24.0,0.307,52.055,0.3501149999999999,65.46,1
88.26,54.99,2.72,28.2,0.745,50.78,0.3296499999999999,61.17,1
66.94,67.5,2.49,25.6,0.403,62.05,0.34359,59.84,0
84.18,48.78,2.3,24.8,0.554,56.085,0.3486849999999999,55.86,0
86.57,59.84,3.0,16.5,0.507,65.275,0.278375,67.12,1
99.88,71.4,2.66,22.2,0.7190000000000001,74.32499999999999,0.163305,72.56,1
75.47,61.31,2.88,22.6,0.6559999999999999,63.83,0.3227,62.56,1
74.18,41.02,2.22,18.0,0.544,50.400000000000006,0.4290199999999999,50.1,0
70.19,68.66,2.86,28.8,0.743,64.785,0.318905,62.34,1
90.92,58.84,2.73,17.7,0.922,67.64500000000001,0.2568649999999999,64.22,1
65.97,66.17,3.14,23.9,0.327,63.17,0.3481,62.82,1
86.85,60.86,3.2,22.3,0.237,71.99000000000001,0.25405,68.89,1
80.25,58.39,2.62,20.0,0.779,62.265,0.3170349999999999,61.16,1
90.2,59.44,3.13,29.0,0.625,76.525,0.2313049999999999,68.27,1
81.79,37.15,2.51,21.1,0.717,45.265,0.425595,57.8,0
77.13,66.43,2.82,18.0,0.24,65.515,0.295645,70.32,1
65.0,62.53,3.15,17.8,0.3399999999999999,61.725,0.367235,63.48,1
77.19,55.45,2.89,21.1,0.577,58.61,0.34906,62.55,1
96.56,65.53,2.46,27.0,0.444,65.33,0.22118,73.39,1
84.6,63.67,2.35,20.3,0.899,63.900000000000006,0.27889,59.65,0
70.3,68.84,3.18,22.2,0.343,65.84,0.31476,57.99,0
70.66,59.56,3.2,18.3,0.616,65.925,0.340905,62.96,1
95.04,61.76,2.49,24.1,0.112,63.885000000000005,0.2429049999999999,65.32,1
72.46,60.45,2.73,19.6,0.734,51.835,0.373305,60.53,1
85.21,74.84,2.98,22.9,0.188,72.375,0.217515,76.21,1
95.98,70.59,3.59,27.4,0.631,66.16,0.2058299999999999,75.02,1
94.76,65.3,2.88,27.7,0.99,56.975,0.254135,63.08,1
66.45,77.17,3.69,19.4,0.751,77.145,0.271255,71.45,1
90.79,73.62,3.75,26.5,0.38,69.345,0.2079449999999999,75.84,1
76.5,67.21,3.02,23.0,0.492,56.685,0.322315,59.38,0
95.18,52.12,2.93,16.6,0.782,53.98,0.3009799999999999,56.94,0
88.21,58.89,2.0,25.7,0.305,52.96,0.31161,63.25,1
82.77,76.8,3.09,23.7,0.649,72.4,0.22132,72.38,1
86.52,56.8,3.03,17.1,0.327,57.935,0.309715,58.46,0
82.61,38.06,2.0,19.5,0.218,38.71062500000001,0.4392481249999999,52.98,0
66.08,79.95,3.11,28.2,0.409,74.995,0.270845,74.11,1
94.33,59.29,3.01,22.3,0.5469999999999999,64.605,0.2509949999999999,67.16,1
88.21,62.54,2.76,22.9,0.429,72.795,0.241155,71.55,1
92.74,69.17,2.51,27.5,0.778,68.215,0.2168849999999999,75.68,1
79.12,68.98,3.36,21.6,0.321,72.32499999999999,0.259605,71.64,1
88.55,66.37,2.65,27.9,0.3279999999999999,64.75,0.25244,72.41,1
69.13,55.76,2.34,21.5,0.833,56.36,0.38712,54.54,0
82.63,68.53,3.4,18.8,0.283,71.95,0.24804,78.79,1
75.12,67.64,3.0,19.6,0.225,73.47,0.27619,69.29,1
84.48,82.13,3.36,29.4,0.995,78.12,0.18133,79.95,1
69.34,62.97,2.96,23.5,0.355,75.72999999999999,0.30654,72.63,1
87.44,66.68,2.94,22.3,0.617,62.88,0.26156,61.54,1
98.35,59.86,2.7,23.3,0.732,63.42,0.23676,66.61,1
71.35,55.61,2.67,15.6,0.4509999999999999,60.51,0.36624,56.1,0
80.34,61.34,2.22,15.7,0.634,60.865,0.312025,62.63,1
71.4,46.35,2.27,18.9,0.312,52.695,0.4172649999999999,54.42,0
73.99,66.04,3.47,19.8,0.926,66.78,0.30558,67.44,1
68.45,56.37,3.17,24.9,0.745,63.08,0.3678499999999999,59.72,0
97.07,70.09,3.05,24.7,0.928,64.13,0.20906,72.75,1
85.45,54.0,2.0,19.1,0.751,59.705,0.317085,63.48,1
82.95,67.2,2.62,18.9,0.185,64.88,0.27196,66.95,1
86.03,44.14,2.65,25.9,0.231,51.065,0.370265,55.57,0
81.67,64.87,2.4,26.5,0.199,64.38499999999999,0.285555,63.91,1
98.72,70.21,3.7,31.2,0.762,71.47,0.18008,69.89,1
98.91,70.6,2.94,25.7,0.829,74.34,0.16954,71.95,1
77.64,67.11,3.41,30.0,0.414,69.555,0.279445,73.63,1
68.53,81.46,3.36,30.2,0.909,79.74000000000001,0.2422799999999999,76.77,1
97.89,43.89,2.7,24.4,0.223,65.51,0.2802399999999999,64.87,1
88.11,62.0,3.13,24.3,0.263,61.66,0.27658,66.59,1
66.83,74.44,3.41,23.9,0.72,67.035,0.308255,66.44,1
88.71,63.57,2.39,20.6,0.79,57.23,0.28276,60.58,1
69.96,78.31,2.88,18.6,0.12,60.2,0.30463,69.64,1
85.04,63.52,2.67,20.8,0.631,62.43000000000001,0.2819899999999999,64.53,1
68.45,55.69,2.3,21.4,0.874,57.335,0.387125,50.12,0
76.14,66.62,3.27,25.4,0.939,72.66,0.2775999999999999,61.13,1
98.73,70.81,2.89,26.7,0.5429999999999999,70.93,0.1798599999999999,79.37,1
68.23,76.61,3.69,23.7,0.904,78.68,0.2612099999999999,77.35,1
99.14,63.38,2.71,18.7,0.135,70.115,0.2029549999999999,69.43,1
92.69,48.31,3.11,16.5,0.1629999999999999,55.855,0.316745,54.0,0
89.69,67.06,2.61,20.3,0.264,64.795,0.245675,66.47,1
76.45,44.48,2.32,18.2,0.5469999999999999,46.32,0.4218,49.72,0
72.95,68.19,3.36,17.9,0.379,69.355,0.295565,68.51,1
74.7,74.12,3.19,32.3,0.568,79.755,0.2395749999999999,77.31,1
66.35,51.78,2.7,14.8,0.424,50.43,0.42797,47.79,0
80.57,64.58,3.16,24.4,0.303,74.525,0.260405,77.08,1
72.56,88.16,3.93,33.3,0.8099999999999999,87.955,0.181415,78.71,1
65.08,73.17,3.16,28.8,0.151,63.785,0.328815,70.65,1
68.17,54.44,3.16,23.0,0.8240000000000001,65.835,0.366495,65.41,1
70.31,85.84,4.0,25.0,0.95,80.285,0.220385,68.06,1
79.97,67.62,2.63,27.3,0.152,64.08500000000001,0.2850049999999999,68.92,1
96.42,65.58,3.0,17.6,0.2339999999999999,62.945,0.228745,68.96,1
99.66,91.32,4.0,26.1,0.133,91.915,0.051655,87.97875000000002,1
84.94,51.99,2.7,13.8,0.5660000000000001,54.46,0.3408899999999999,62.07,1
97.21,88.31,4.0,22.2,0.457,91.8,0.0708299999999999,82.59,1
70.52,69.89,3.59,18.2,0.175,73.465,0.2878549999999999,65.93,1
73.48,62.07,2.46,17.1,0.967,49.995000000000005,0.3698849999999999,55.54,0
88.61,71.21,2.6,26.3,0.3319999999999999,63.3,0.24203,67.28,1
99.87,62.77,2.18,16.1,0.924,59.93,0.2324199999999999,60.79,1
66.51,41.01,2.56,19.0,0.295,47.71,0.4678,56.88,0
84.45,73.93,3.68,25.1,0.999,82.105,0.1940949999999999,73.88,1
78.25,58.92,2.04,18.5,0.425,61.095,0.326955,61.36,1
82.65,68.42,3.18,16.4,0.561,57.75,0.2908899999999999,59.69,0
94.01,63.45,3.26,22.6,0.706,54.555,0.2699449999999999,68.49,1
79.82,64.04,3.18,19.2,0.7769999999999999,67.37,0.28649,59.3,0
66.22,75.52,3.3,20.6,0.196,74.73,0.28437,75.45,1
81.75,82.07,3.47,23.4,0.329,79.53999999999999,0.18817,75.14,1
76.67,53.21,2.09,22.1,0.658,47.825,0.390215,51.43,0
69.82,58.31,2.7,19.7,0.85,61.085,0.362535,60.67,1
65.68,75.37,4.0,23.1,0.593,81.2,0.2675699999999999,68.99,1
90.79,73.1,3.43,21.1,0.683,66.68,0.2174999999999999,70.02,1
94.1,53.46,2.28,16.3,0.136,53.17,0.30371,62.27,1
84.42,58.46,2.0,22.3,0.5660000000000001,55.53,0.3203499999999999,60.92,1
74.23,49.0,2.58,18.2,0.869,50.35,0.40503,50.89,0
68.32,75.93,2.94,23.0,0.975,70.02,0.28887,65.62,1
78.2,47.6,2.25,17.9,0.837,56.085,0.376145,54.78,0
67.1,42.82,2.0,22.2,0.256,56.125,0.434765,56.88,0
98.17,55.04,3.45,22.0,0.956,61.285,0.258345,62.85,1
82.62,56.24,2.49,23.4,0.996,61.67,0.3157899999999999,59.88,0
83.67,85.85,3.78,22.9,0.745,78.68,0.17173,77.59,1
90.05,53.71,2.32,16.6,0.4429999999999999,60.18,0.29813,56.22,0
73.49,56.1,2.88,16.2,0.4589999999999999,58.885,0.361085,56.67,0
75.99,77.09,3.53,23.1,0.987,71.16,0.25129,68.29,1
84.3,73.44,3.14,19.2,0.817,74.485,0.219025,70.74,1
99.23,66.61,2.76,25.7,0.618,69.56,0.1945699999999999,68.45,1
71.19,50.82,2.44,20.7,0.897,60.01,0.38275,58.32,0
67.7,66.0,2.77,19.1,0.235,70.47,0.31979,69.1,1
97.88,56.73,3.59,28.4,0.1699999999999999,72.64,0.22037,77.52,1
78.04,68.11,2.96,24.7,0.31,71.60499999999999,0.268695,68.48,1
96.4,59.4,2.75,29.8,0.219,70.06,0.2260199999999999,76.28,1
91.45,65.4,2.63,20.4,0.5820000000000001,66.19,0.2394299999999999,65.96,1
87.01,75.56,3.39,25.7,0.635,76.15,0.1968299999999999,74.35,1
92.07,65.38,2.37,17.8,0.515,57.105,0.264265,62.8,1
80.38,61.19,2.85,18.2,0.607,67.125,0.293535,68.14,1
91.81,58.03,3.17,27.3,0.5509999999999999,60.015,0.2786249999999999,66.43,1
68.24,60.61,2.59,16.0,0.367,55.26,0.37943,57.27,0
73.3,59.37,2.65,24.3,0.285,65.93,0.3309,67.08,1
98.37,74.2,3.41,27.0,0.8019999999999999,77.265,0.1521249999999999,79.5,1
96.04,53.93,2.81,15.6,0.404,60.905,0.271335,62.5,1
99.95,65.93,2.98,27.2,0.325,68.28999999999999,0.1975399999999999,71.6,1
95.14,66.26,3.1,23.8,0.2009999999999999,73.745,0.1994249999999999,68.32,1
73.22,60.62,2.49,24.3,0.625,63.03,0.33617,61.05,1
77.51,55.9,3.28,20.2,0.347,64.62,0.3284,65.97,1
82.35,75.69,3.1,27.6,0.1709999999999999,75.13,0.21814,80.98,1
71.01,79.48,3.21,17.9,0.348,61.22,0.2938599999999999,66.54,1
89.94,49.14,2.12,23.0,0.179,46.865,0.3522249999999999,60.74,1
66.9,60.95,2.77,19.9,0.562,65.575,0.3528249999999999,59.71,0
72.17,55.63,3.6,16.5,0.628,69.58,0.3356899999999999,64.63,1
93.69,67.22,2.82,15.4,0.458,55.17,0.25807,64.66,1
69.13,65.59,3.28,19.7,0.111,64.025,0.334635,67.97,1
77.48,82.9,3.9,19.7,0.45,78.445,0.2060449999999999,75.8,1
66.0,43.62,2.4,15.8,0.6639999999999999,47.1,0.46384,53.21,0
65.96,62.99,3.87,25.1,0.649,74.505,0.323675,70.36,1
80.23,77.47,3.69,19.7,0.688,69.5,0.23817,71.79,1
70.59,38.3,2.63,23.6,0.26,47.495,0.460255,49.39,0
84.53,77.39,3.44,22.3,0.764,81.14,0.1862899999999999,71.05,1
94.94,71.45,3.39,24.0,0.99,76.47,0.17648,72.47,1
88.59,65.52,2.33,19.4,0.617,61.290000000000006,0.2652099999999999,67.97,1
99.7,66.51,2.75,17.2,0.4269999999999999,68.66999999999999,0.19566,68.72,1
75.38,72.58,3.44,29.6,0.8210000000000001,69.3,0.2728400000000001,70.53,1
66.88,89.82,3.72,31.0,0.511,89.280625,0.195178125,81.36,1
94.6,64.77,3.13,17.0,0.356,64.265,0.234495,64.73,1
75.24,64.29,2.96,19.8,0.9,62.775000000000006,0.317845,64.74,1
89.18,47.68,2.83,24.3,0.772,50.645,0.3483049999999999,53.74,0
92.49,49.81,2.07,16.8,0.602,48.285,0.335755,52.91,0
84.45,72.79,3.36,21.0,0.65,75.5,0.2173299999999999,70.87,1
70.92,62.33,2.45,19.9,0.979,61.255,0.345565,62.63,1
69.78,64.31,3.46,20.0,0.7190000000000001,59.58,0.34921,58.82,0
76.49,59.68,2.59,20.1,0.857,48.4,0.3698,50.31,0
71.53,66.24,3.17,16.8,0.736,65.5,0.31866,63.48,1
98.68,57.54,3.19,24.9,0.3419999999999999,70.295,0.2217749999999999,70.37,1
71.12,69.45,3.15,24.0,0.682,60.65,0.32522,64.35,1
72.75,51.2,2.5,18.4,0.29,52.575,0.397675,54.83,0
82.71,33.71125000000001,2.0,20.7,0.347,40.77,0.44571625,51.78,0
83.93,48.95,3.39,24.9,0.262,71.36000000000001,0.3033499999999999,67.63,1
82.12,71.82,3.09,26.2,0.444,69.08,0.2488199999999999,70.68,1
68.18,73.36,3.67,28.5,0.605,70.76,0.2949199999999999,69.36,1
97.92,64.52,2.38,15.9,0.583,53.765,0.253465,63.7,1
71.25,54.43,2.99,20.0,0.4679999999999999,62.98,0.36277,62.51,1
78.73,59.9,2.26,24.1,0.141,58.795,0.328995,65.26,1
75.74,59.77,2.82,21.7,0.299,60.915,0.3349850000000001,62.15,1
65.3,83.82,4.0,31.0,0.134,88.57625,0.22161125,75.74,1
99.03,38.26,2.18,13.1,0.187,54.59,0.32533,57.15,0
77.38,67.28,2.89,31.1,0.76,72.20500000000001,0.2720249999999999,70.16,1
83.07,83.24,2.86,21.9,0.484,69.18,0.21046,74.11,1
87.23,72.74,2.94,22.3,0.942,72.805,0.2144449999999999,73.25,1
94.34,63.96,3.22,23.5,0.223,62.445,0.2434249999999999,69.86,1
72.08,42.78,2.43,17.9,0.5940000000000001,43.855,0.4517749999999999,48.62,0
98.23,65.27,3.64,22.1,0.212,65.015,0.216225,63.15,1
72.7,71.67,3.23,19.4,0.247,74.28,0.27135,71.9,1
86.82,57.08,3.05,20.6,0.101,67.255,0.279715,70.28,1
88.1,62.64,3.25,23.4,0.666,68.715,0.253535,66.4,1
93.08,61.4,3.18,18.5,0.284,66.48,0.24404,70.73,1
93.06,71.6,3.13,21.0,0.736,65.385,0.216805,69.58,1
79.79,82.6,4.0,20.5,0.554,74.08,0.2108,71.15,1
68.01,65.41,2.53,19.2,0.329,57.665,0.358735,59.13,0
70.91,54.96,2.73,24.5,0.7230000000000001,60.92,0.36872,64.01,1
80.6,57.43,2.44,18.1,0.985,51.25,0.35156,60.08,1
71.34,91.88,3.81,26.5,0.833,77.805,0.2055849999999999,78.54,1
73.83,50.74,2.45,13.3,0.651,46.495000000000005,0.412975,55.25,0
81.37,66.67,3.22,30.5,0.779,63.4,0.2843099999999999,60.22,1
70.02,86.14,3.72,25.2,0.976,86.75999999999999,0.20122,73.86,1
92.3,72.22,3.9,30.6,0.252,70.235,0.2034349999999999,74.97,1
70.52,82.55,3.32,19.0,0.186,71.63499999999999,0.255365,67.09,1
99.85,60.86,2.84,16.7,0.897,62.895,0.229335,62.89,1
97.15,64.55,2.33,19.5,0.762,54.225,0.2550749999999999,65.57,1
68.38,42.66,2.15,24.9,0.151,47.395,0.456315,50.72,0
85.68,90.04,3.51,22.4,0.8800000000000001,81.395,0.1429749999999999,77.42,1
84.35,48.65,2.0,25.3,0.6719999999999999,45.59,0.37988,52.29,0
90.14,67.21,2.7,24.5,0.587,60.885000000000005,0.255155,73.18,1
77.85,72.16,3.25,28.2,0.843,69.87,0.26251,67.36,1
98.7,53.64,2.2,16.8,0.762,59.845,0.264745,65.25,1
67.27,65.91,3.49,26.9,0.4009999999999999,68.15,0.32874,65.13,1
80.54,64.31,3.46,29.3,0.673,69.83500000000001,0.2754049999999999,68.25,1
76.46,63.83,2.66,22.0,0.256,70.66499999999999,0.290675,62.68,1
86.6,82.26,3.55,27.3,0.1709999999999999,86.34,0.1478,87.59,1
77.58,69.12,3.07,28.2,0.671,60.785,0.299965,68.32,1
92.89,52.14,2.66,19.3,0.243,47.825,0.3285449999999999,59.87,0
74.53,61.66,3.14,22.8,0.3279999999999999,66.41499999999999,0.317655,68.16,1
70.46,64.26,3.33,18.8,0.2339999999999999,69.025,0.3183049999999999,71.81,1
71.64,67.81,3.09,25.8,0.583,65.985,0.312055,65.71,1
74.01,66.72,3.12,27.7,0.959,64.285,0.310945,64.08,1
76.24,44.96,2.33,18.5,0.99,48.510000000000005,0.41463,51.04,0
96.66,65.58,2.38,21.3,0.262,56.91,0.24589,71.21,1
80.37,64.86,3.12,24.5,0.783,61.33,0.29995,67.79,1
66.95,64.96,4.0,20.9,0.6719999999999999,74.685,0.313265,69.83,1
87.16,74.66,2.69,26.2,0.192,76.285,0.198525,77.52,1
94.76,58.01,2.86,26.6,0.546,62.400000000000006,0.2597299999999999,63.28,1
82.31,65.14,3.24,24.7,0.523,70.86500000000001,0.2627449999999999,77.68,1
81.84,63.74,2.83,23.4,0.798,61.335,0.2974149999999999,64.65,1
92.27,86.98,4.0,32.3,0.5269999999999999,78.53,0.13439,78.87,1
69.79,47.25,2.96,19.6,0.256,58.03,0.405,59.5,0
84.45,75.92,3.67,31.2,0.625,76.33,0.20545,77.36,1
82.42,63.13,3.22,17.8,0.635,65.16,0.28545,65.65,1
80.71,51.26,2.64,25.7,0.8099999999999999,56.53,0.35379,56.57,0
72.29,74.78,3.33,25.2,0.404,69.35,0.27845,71.59,1
88.74,76.54,3.47,30.4,0.915,73.29499999999999,0.195535,68.71,1
71.06,56.54,2.46,16.4,0.345,60.215,0.3654949999999999,57.38,0
99.45,76.12,3.29,23.0,0.327,68.36,0.1687599999999999,76.37,1
83.16,62.27,2.54,16.7,0.997,62.905,0.291835,61.59,1
94.27,65.77,2.43,14.7,0.592,59.025,0.248535,61.06,1
93.61,72.82,2.88,29.0,0.197,77.64,0.17418,73.66,1
66.6,88.61,3.87,30.1,0.965,83.52,0.21721,79.25,1
66.45,54.23,2.58,20.0,0.97,54.47,0.4081,56.27,0
84.99,62.09,3.05,23.1,0.146,67.305,0.2718549999999999,70.93,1
66.33,69.5,3.18,18.9,0.515,68.89,0.31951,64.35,1
87.35,81.49,3.88,19.8,0.504,76.755,0.175865,68.95,1
68.52,47.23,2.0,22.5,0.561,47.915,0.440485,50.7,0
93.85,55.12,2.74,21.5,0.523,62.495,0.271755,65.99,1
70.52,53.33,2.97,21.4,0.103,55.03,0.3928399999999999,58.58,0
95.39,61.91,2.85,16.1,0.929,61.5,0.24821,66.63,1
76.79,88.58,4.0,24.1,0.444,82.66499999999999,0.179105,78.71,1
82.74,60.73,3.26,26.8,0.917,59.07,0.3096400000000001,63.95,1
76.68,61.53,2.8,27.0,0.696,62.615,0.3208449999999999,61.49,1
94.26,50.91,2.19,19.5,0.222,51.095,0.316945,56.46,0
90.89,56.36,2.47,20.3,0.669,56.255,0.298595,65.0,1
81.19,68.37,2.94,27.5,0.485,60.655,0.288165,65.97,1
74.23,66.76,2.95,30.2,0.587,70.63499999999999,0.2908949999999999,76.69,1
97.27,87.75,3.2,20.6,0.731,82.745,0.099435,85.7,1
85.3,70.01,3.05,29.2,0.593,77.525,0.2161949999999999,73.39,1
97.07,65.96,2.55,18.9,0.212,61.58,0.2291,63.9,1
84.89,76.07,2.83,22.3,0.729,68.445,0.226895,67.56,1
67.78,53.52,2.0,21.0,0.528,54.835,0.403815,58.79,0
89.35,84.96,3.19,22.6,0.384,73.445,0.167385,76.9,1
66.98,58.54,2.95,24.0,0.769,63.925,0.364685,61.71,1
86.41,62.22,3.09,18.6,0.897,64.25,0.27495,60.25,1
71.96,65.38,2.28,21.3,0.379,58.69,0.33995,63.6,1
93.34,68.47,2.66,18.5,0.644,71.975,0.205305,70.91,1
74.84,53.02,2.34,19.6,0.105,57.76,0.3682999999999999,59.23,0
95.78,75.58,3.04,28.3,0.8150000000000001,67.705,0.187025,73.68,1
75.0,48.28,2.17,26.7,0.206,63.865,0.3635649999999999,68.15,1
81.76,60.04,2.9,16.0,0.561,66.81,0.2924099999999999,58.02,0
78.43,57.78,2.1,14.2,0.967,52.735,0.3547349999999999,48.34,0
86.4,59.95,2.34,15.7,0.238,59.45,0.2961999999999999,63.22,1
93.75,67.73,3.16,29.5,0.445,72.82499999999999,0.203335,76.3,1
90.74,67.24,3.45,21.4,0.615,74.31,0.21239,66.53,1
70.48,50.83,2.34,19.7,0.5690000000000001,55.475,0.399165,62.4,1
84.57,48.75,2.8,16.0,0.502,53.825,0.353995,55.74,0
69.27,57.87,3.26,27.6,0.371,65.91,0.35158,65.72,1
96.7,51.04,2.33,23.5,0.104,47.535,0.317475,62.72,1
88.06,38.35,2.53,14.9,0.4019999999999999,46.57,0.3929999999999999,52.79,0
74.88,57.64,2.73,27.5,0.477,63.495,0.337075,63.33,1
84.73,69.21,3.6,27.4,0.222,75.60499999999999,0.226635,73.77,1
74.89,48.5,2.22,21.6,0.903,43.43,0.42465,50.77,0
80.1,66.94,3.79,31.7,0.8320000000000001,76.28999999999999,0.24991,69.11,1
75.32,51.65,2.93,18.2,0.444,49.52,0.39521,50.84,0
81.6,57.05,2.32,22.9,0.259,58.3,0.32755,66.72,1
89.15,59.13,2.65,22.8,0.996,59.69500000000001,0.2869249999999999,63.26,1
92.29,62.82,2.56,25.5,0.471,65.59,0.2456099999999999,67.51,1
87.4,55.47,2.29,25.8,0.8560000000000001,57.8,0.31059,59.35,0
96.83,70.29,2.81,24.0,0.178,75.405,0.175595,72.6,1
92.94,38.32,2.35,21.9,0.534,60.435,0.3319749999999999,60.34,1
65.69,63.9,2.82,26.3,0.15,63.88,0.3539,62.63,1
86.19,76.15,3.11,24.3,0.726,67.66,0.22381,69.24,1
98.41,60.8,2.36,17.9,0.283,68.64500000000001,0.2180249999999999,66.54,1
77.29,71.38,3.11,17.8,0.446,70.46000000000001,0.2653199999999999,65.98,1
79.24,61.94,3.33,19.9,0.418,60.025000000000006,0.317145,65.49,1
95.45,64.22,2.53,21.9,0.404,68.045,0.2214049999999999,65.53,1
99.19,74.34,3.35,26.3,0.374,82.12,0.1338599999999999,82.89,1
86.32,65.93,2.7,16.6,0.265,57.18,0.28539,64.57,1
77.6,72.48,3.45,18.2,0.252,69.96000000000001,0.26228,70.23,1
66.79,72.63,3.67,20.5,0.8939999999999999,73.0,0.29595,71.47,1
76.83,64.36,3.59,19.9,0.238,66.08,0.30136,68.71,1
98.76,59.31,2.94,25.1,0.709,60.47,0.2456199999999999,65.57,1
76.45,77.26,3.14,17.3,0.945,73.345,0.242385,67.71,1
78.61,41.67,2.15,14.8,0.462,37.955625,0.446683125,50.27,0
74.82,73.22,2.92,22.7,0.31,72.37,0.26395,70.26,1
71.76,63.18,2.88,28.7,0.479,69.005,0.316405,67.24,1
71.71,69.7,3.02,16.1,0.453,56.815,0.333615,58.42,0
79.61,59.62,2.39,22.1,0.372,62.265,0.315905,58.92,0
81.31,79.94,3.17,20.3,0.292,66.875,0.234315,73.36,1
70.26,85.98,3.43,25.2,0.428,75.065,0.235825,77.39,1
65.19,55.0,2.62,16.2,0.771,48.75,0.42799,57.46,0
90.38,76.74,3.22,21.2,0.1709999999999999,78.385,0.173105,76.56,1
85.88,61.56,3.32,19.7,0.619,62.115,0.285455,63.72,1
72.5,55.64,2.97,20.0,0.321,66.745,0.3428449999999999,62.11,1
70.37,63.44,2.24,19.0,0.912,64.775,0.333875,61.55,1
75.56,74.17,3.26,21.7,0.195,57.905,0.301535,63.6,1
80.68,72.66,3.9,29.1,0.55,71.88499999999999,0.243645,72.76,1
85.22,71.9,2.31,17.9,0.994,57.965,0.269525,61.96,1
82.67,70.65,3.42,24.9,0.126,73.7,0.2362699999999999,68.53,1
67.53,60.49,2.78,21.9,0.7889999999999999,59.855,0.368845,61.39,1
88.63,52.42,3.0,22.5,0.477,65.565,0.291525,69.83,1
91.51,62.66,2.7,25.9,0.3299999999999999,60.805,0.263565,72.52,1
86.16,61.89,3.52,20.1,0.15,77.61500000000001,0.236845,70.99,1
77.49,58.83,3.17,28.6,0.153,68.68,0.3075099999999999,62.35,1
98.22,39.46,2.35,19.9,0.58,44.81,0.3543099999999999,49.89,0
71.84,79.31,3.52,31.2,0.197,75.715,0.2475649999999999,76.84,1
69.51,43.18,2.79,16.3,0.509,51.44,0.4380999999999999,56.43,0
92.62,53.46,2.77,14.9,0.659,54.785,0.304785,56.43,0
90.01,80.65,3.53,22.8,0.8390000000000001,73.105,0.1786949999999999,76.39,1
72.19,60.4,3.03,28.3,0.304,61.44,0.34572,61.6,1
65.67,69.88,3.64,24.6,0.8160000000000001,74.58500000000001,0.303925,70.91,1
98.36,74.16,3.63,20.4,0.229,64.46,0.1907,68.4,1
99.02,62.26,3.0,27.3,0.246,61.365,0.233045,67.65,1
74.47,58.97,2.91,16.5,0.518,63.335,0.335205,60.27,1
99.72,67.03,2.77,22.5,0.5730000000000001,61.085,0.216775,65.05,1
77.27,57.46,2.41,18.9,0.6559999999999999,53.99,0.35657,58.95,0
71.27,50.32,2.54,23.0,0.76,48.94,0.41714,51.21,0
78.83,71.12,3.52,31.6,0.221,70.625,0.259445,77.37,1
75.02,80.48,3.72,25.7,0.98,70.64,0.24656,68.13,1
96.22,57.67,2.5,15.9,0.718,53.765,0.280815,57.62,0
97.84,68.37,2.85,28.3,0.7110000000000001,69.0,0.1965299999999999,71.47,1
79.91,73.69,2.99,22.6,0.18,62.33,0.2723,67.37,1
84.29,74.51,2.33,16.4,0.639,62.21,0.2526799999999999,63.79,1
72.36,68.62,3.81,26.9,0.304,75.35,0.27865,69.28,1
66.34,58.13,2.77,17.9,0.77,59.135000000000005,0.3828449999999999,52.53,0
76.14,66.76,3.98,23.8,0.449,69.00999999999999,0.28813,69.77,1
71.52,49.38,2.93,26.4,0.627,61.405,0.381565,63.29,1
96.8,73.73,3.88,29.9,0.903,68.035,0.187505,70.81,1
72.42,54.8,2.1,22.1,0.38,49.005,0.398905,57.32,0
85.77,71.45,2.74,25.0,0.408,67.67500000000001,0.2395449999999999,76.03,1
70.32,60.29,3.27,27.4,0.567,67.65,0.3349,65.61,1
92.07,83.58,3.31,26.6,0.1139999999999999,67.08500000000001,0.179725,75.0,1
90.41,65.15,3.44,24.7,0.746,70.32,0.23195,67.42,1
78.94,67.95,3.02,17.7,0.18,66.755,0.280125,64.0,1
71.58,55.78,3.15,24.9,0.418,61.815,0.360895,55.01,0
81.98,73.08,2.98,22.1,0.944,73.62,0.2319799999999999,71.4,1
95.98,74.94,3.53,24.5,0.1399999999999999,78.27000000000001,0.1564499999999999,75.79,1
99.97,56.46,3.17,15.9,0.687,67.775,0.2274149999999999,65.77,1
84.24,77.35,3.26,24.4,0.314,67.405,0.228775,68.71,1
80.63,60.46,2.95,22.3,0.195,75.555,0.269435,74.79,1
88.49,80.3,3.87,31.5,0.766,77.575,0.172415,79.64,1
72.11,48.82,2.53,23.1,0.843,50.58,0.41336,54.74,0
96.21,44.26,2.0,12.4,0.843,44.44,0.34906,51.88,0
69.61,70.71,4.0,19.6,0.799,72.85499999999999,0.290865,65.88,1
67.55,61.87,3.47,17.4,0.1709999999999999,60.575,0.362465,53.61,0
77.53,92.22,4.0,33.0,0.384,83.565,0.162525,80.92,1
87.2,64.08,2.63,23.1,0.289,54.455,0.295595,66.25,1
69.66,65.59,2.86,20.4,0.423,62.165000000000006,0.338095,63.84,1
68.06,54.96,3.04,19.9,0.71,66.16,0.3644,63.72,1
70.09,62.79,2.64,27.1,0.8880000000000001,63.23,0.34158,66.2,1
97.88,57.41,2.14,22.3,0.6679999999999999,54.375,0.273125,58.65,0
77.29,58.83,3.42,27.2,0.3259999999999999,64.295,0.3214649999999999,66.05,1
72.37,60.54,3.01,27.4,0.592,66.865,0.328305,62.88,1
73.37,52.28,2.37,16.4,0.425,59.2,0.3720799999999999,57.57,0
87.58,73.9,3.5,24.4,0.911,81.59,0.1832099999999999,80.45,1
93.14,74.08,3.69,23.2,0.507,79.95,0.1653499999999999,77.14,1
81.01,62.12,3.8,26.2,0.975,71.63,0.27471,62.98,1
70.84,74.76,3.43,24.8,0.927,64.545,0.2987249999999999,63.5,1
95.17,90.6,3.66,22.6,0.277,88.0,0.08352,79.09,1
94.31,56.96,2.54,17.5,0.575,56.125,0.2835049999999999,60.73,1
97.56,49.23,2.16,23.3,0.1699999999999999,49.935,0.3122649999999999,57.05,0
77.45,84.36,3.68,20.7,0.26,81.845,0.191585,74.17,1
83.56,65.79,3.14,27.9,0.967,60.285,0.287535,64.46,1
78.1,76.87,3.64,24.6,0.274,75.505,0.230475,75.15,1
77.44,51.88,3.1,27.3,0.726,60.66,0.35262,60.35,1
89.17,86.2,3.16,21.5,0.792,78.795,0.148335,78.18,1
66.42,70.2,2.74,24.9,0.302,58.45,0.3483699999999999,65.77,1
81.89,72.62,2.44,16.5,0.788,67.55000000000001,0.2519299999999999,70.9,1
76.72,90.35,3.57,20.3,0.718,79.24000000000001,0.18435,75.82,1
75.33,47.43,2.1,20.2,0.674,46.67,0.41638,47.61,0
92.38,55.55,2.09,12.3,0.764,52.895,0.305145,55.61,0
86.54,51.78,2.74,27.1,0.8160000000000001,60.96,0.3156199999999999,59.84,0
89.27,80.04,3.05,21.2,0.462,73.69,0.18173,76.9,1
80.69,66.26,2.53,17.1,0.5549999999999999,62.62,0.2906,61.95,1
70.53,42.36,2.0,21.1,0.296,40.31,0.4698699999999999,48.48,0
89.33,69.95,2.66,28.8,0.923,69.755,0.223565,69.06,1
94.26,69.74,3.42,24.0,0.687,73.095,0.194455,71.69,1
93.55,67.02,2.18,24.0,0.692,70.11500000000001,0.214395,69.52,1
67.81,59.16,2.09,23.2,0.545,45.31,0.41535,51.54,0
86.44,57.08,3.44,22.8,0.5269999999999999,62.325,0.296025,66.49,1
69.84,42.71,2.76,19.8,0.6990000000000001,54.55,0.4288599999999999,57.0,0
69.54,69.22,2.67,26.8,0.254,67.615,0.311335,68.24,1
89.88,51.23,2.33,25.8,0.111,58.755,0.310525,59.86,0
86.1,58.81,2.35,27.1,0.755,59.19,0.3016,59.82,0
94.0,76.66,3.0,24.9,0.153,73.87,0.17241,77.41,1
87.37,79.47,3.42,27.8,0.55,79.485,0.1736549999999999,77.53,1
96.36,76.5,3.03,32.1,0.337,71.535,0.170455,79.03,1
79.34,83.66,4.0,24.1,0.987,77.855,0.198095,69.75,1
67.48,64.35,3.06,19.6,0.963,59.760000000000005,0.35775,60.17,1
92.72,67.73,3.04,16.3,0.526,60.56,0.2442499999999999,63.08,1
74.61,58.62,2.46,20.8,0.147,50.765,0.373405,58.8,0
84.45,74.22,3.01,20.8,0.483,69.58,0.2307999999999999,67.47,1
87.26,67.2,2.61,25.6,0.15,60.295,0.2684749999999999,67.11,1
65.97,48.78,2.23,20.1,0.992,42.585,0.462025,55.9,0
65.93,62.74,2.45,24.4,0.808,55.835,0.380555,59.26,0
72.71,54.08,2.71,27.2,0.861,69.185,0.339365,59.28,0
88.69,59.01,2.38,16.8,0.386,49.74,0.31899,57.05,0
82.31,63.11,3.39,21.4,0.121,76.205,0.252815,66.67,1
91.79,85.71,4.0,29.1,0.524,87.815,0.112265,83.45,1
81.39,62.75,3.34,19.1,0.921,63.475,0.295765,58.89,0
95.32,60.64,3.0,16.3,0.683,64.545,0.243165,66.89,1
69.9,60.63,3.23,17.7,0.8470000000000001,66.60499999999999,0.338695,56.68,0
98.51,73.39,3.36,27.6,0.491,71.435,0.171485,72.46,1
66.58,38.93,2.6,21.7,0.8789999999999999,51.735,0.461685,44.88,0
94.26,54.72,2.93,26.5,0.689,60.225,0.2781249999999999,61.91,1
68.61,72.26,3.55,25.8,0.571,77.365,0.276685,74.25,1
90.23,58.85,2.91,21.3,0.309,56.650000000000006,0.2925799999999999,65.02,1
71.5,57.33,3.36,18.4,0.1669999999999999,69.47,0.3336,67.73,1
88.32,61.97,3.31,22.4,0.564,66.445,0.261475,62.92,1
98.0,50.75,2.3,23.0,0.8460000000000001,53.255,0.295985,57.18,0
65.79,59.19,2.96,16.1,0.611,54.36,0.39619,56.25,0
68.96,67.7,3.27,18.4,0.156,66.385,0.321905,66.86,1
86.11,69.38,2.37,17.1,0.979,63.400000000000006,0.25722,64.96,1
99.68,58.68,3.4,22.1,0.458,60.085,0.2449849999999999,65.31,1
94.95,68.86,3.27,21.1,0.7110000000000001,75.35,0.18757,71.07,1
81.5,65.62,2.99,15.4,0.622,61.05500000000001,0.2939749999999999,63.2,1
91.04,63.8,3.23,18.2,0.152,72.075,0.228215,71.27,1
81.4,53.6,2.88,16.1,0.899,59.755,0.334335,62.75,1
98.16,43.52,2.0,21.8,0.775,39.770625,0.357488125,60.74,1
87.26,38.67,2.0,12.9,0.932,46.545,0.3953149999999999,45.02,0
76.31,69.21,2.98,26.5,0.89,70.995,0.2741449999999999,63.22,1
74.45,44.06,2.42,17.1,0.849,55.54,0.4034,55.64,0
94.78,94.50125,3.64,31.1,0.484,84.49000000000001,0.0839062499999999,87.18,1
71.12,37.54,2.0,17.7,0.795,37.105625,0.4915831249999999,44.79,0
82.4,53.83,2.74,26.6,0.622,59.71,0.32978,63.74,1
79.37,45.68,2.56,14.9,0.597,59.66,0.3665,61.61,1
73.34,81.32,3.54,24.8,0.478,68.6,0.25688,70.49,1
95.18,86.4,4.0,31.7,0.773,86.93,0.0992899999999999,84.86,1
66.3,66.99,3.3,25.0,0.722,71.15,0.3203799999999999,67.69,1
96.76,83.32,3.53,18.8,0.162,71.52,0.14844,74.68,1
82.29,73.76,3.51,28.9,0.529,75.23,0.2238699999999999,71.6,1
65.11,67.42,3.11,28.6,0.2009999999999999,74.89,0.3126299999999999,73.75,1
73.54,58.1,2.42,19.9,0.218,51.59,0.3767699999999999,58.81,0
82.14,55.81,3.22,24.6,0.301,55.785,0.336655,63.12,1
72.37,62.7,2.83,20.4,0.6679999999999999,59.53,0.3438299999999999,61.77,1
66.08,61.09,2.79,26.0,0.265,55.54,0.3857899999999999,55.46,0
97.29,63.09,2.22,22.0,0.369,72.33500000000001,0.2045649999999999,73.61,1
99.62,85.81,4.0,30.0,0.428,89.715,0.0749449999999999,87.92,1
80.34,69.95,3.69,27.2,0.4429999999999999,80.325,0.2278149999999999,74.23,1
79.38,57.78,2.85,19.7,0.18,62.225,0.322465,67.39,1
90.48,72.18,3.26,20.6,0.404,66.11,0.22321,70.66,1
94.73,59.2,2.99,21.6,0.929,69.255,0.235715,67.55,1
69.56,52.87,2.4,15.4,0.376,52.055,0.406985,54.45,0
67.75,64.25,3.16,20.4,0.849,66.745,0.336015,62.91,1
94.4,50.6,2.29,15.8,0.741,58.225,0.2959249999999999,59.47,0
93.29,75.06,3.32,25.2,0.118,71.53999999999999,0.18704,75.73,1
88.36,75.21,3.52,25.7,0.471,72.91499999999999,0.202185,74.53,1
95.41,45.78,2.05,17.3,0.983,59.245,0.3032849999999999,55.38,0
73.12,65.01,3.65,20.9,0.353,67.38,0.3103499999999999,67.47,1
67.51,65.27,3.04,19.1,0.8150000000000001,54.385,0.3709949999999999,58.55,0
75.45,61.2,2.56,24.3,0.18,54.49,0.35113,63.26,1
93.94,59.81,2.79,15.7,0.36,57.515,0.272265,60.4,1
88.34,61.03,3.02,16.5,0.359,68.35499999999999,0.258485,71.09,1
95.88,73.74,2.94,17.5,0.529,69.015,0.188215,69.93,1
85.36,71.19,3.26,30.8,0.521,77.83500000000001,0.2114849999999999,72.21,1
77.28,77.71,3.39,26.9,0.5519999999999999,61.53,0.27316,67.35,1
72.87,64.53,3.69,18.7,0.61,65.11,0.3196,64.71,1
84.52,74.94,4.0,23.3,0.734,76.685,0.207045,72.31,1
89.21,70.86,3.0,17.6,0.8039999999999999,69.955,0.220715,64.71,1
83.01,66.2,4.0,20.5,0.307,68.17,0.26485,68.99,1
79.6,62.58,2.33,25.0,0.637,59.71,0.31473,60.76,1
93.04,70.66,3.45,25.8,0.647,76.58500000000001,0.1861049999999999,74.77,1
99.84,90.87,3.44,30.9,0.687,81.39500000000001,0.0838449999999999,82.64,1
85.21,69.68,3.15,20.2,0.4019999999999999,58.945,0.273285,63.16,1
94.02,79.56,3.33,24.1,0.499,76.67,0.15523,76.41,1
91.68,70.64,3.15,18.5,0.5820000000000001,69.285,0.2135049999999999,68.57,1
87.48,66.37,2.81,21.6,0.289,63.47,0.2605599999999999,69.72,1
87.72,57.43,2.84,21.5,0.618,58.435,0.301525,61.37,1
83.12,70.04,3.39,17.8,0.709,64.28999999999999,0.26453,61.1,1
92.85,72.61,3.18,28.9,0.313,71.025,0.197695,74.54,1
96.36,78.28,3.04,23.4,0.494,70.57499999999999,0.167995,73.79,1
67.08,61.34,2.3,26.3,0.502,59.525000000000006,0.3690849999999999,60.35,1
82.98,78.51,3.54,26.8,0.8400000000000001,79.075,0.1953249999999999,78.79,1
88.65,75.73,2.7,30.4,0.496,74.32,0.1952499999999999,80.49,1
72.59,78.51,2.65,18.5,0.511,73.005,0.255095,72.54,1
88.91,76.26,3.83,25.6,0.563,72.125,0.1992049999999999,76.65,1
80.89,42.23,2.59,16.3,0.5549999999999999,56.56,0.3800699999999999,53.32,0
93.19,60.94,2.61,26.7,0.136,59.525000000000006,0.265845,68.63,1
67.59,46.97,2.0,19.7,0.959,48.395,0.443545,48.71,0
70.67,60.1,2.57,21.3,0.667,66.755,0.3367549999999999,61.91,1
77.49,75.08,4.0,25.1,0.5650000000000001,77.39,0.23263,71.92,1
72.45,71.05,3.21,29.9,0.295,66.59,0.29728,76.27,1
84.48,69.24,3.6,25.3,0.8470000000000001,64.335,0.261355,64.62,1
88.0,86.22,3.56,31.7,0.712,80.32,0.14838,78.61,1
97.43,66.58,2.66,22.8,0.107,70.68,0.1984999999999999,75.57,1
73.0,62.44,3.12,28.4,0.426,59.8,0.34128,63.81,1
88.09,56.07,2.0,15.5,0.968,53.285,0.3195749999999999,54.16,0
95.9,74.5,2.94,19.2,0.8710000000000001,69.05000000000001,0.1857499999999999,75.35,1
71.6,77.28,3.87,21.9,0.829,81.35,0.23771,71.19,1
76.75,41.73,2.1,15.5,0.5389999999999999,50.11,0.4174800000000001,52.91,0
93.72,77.13,3.6,29.6,0.648,70.1,0.18343,71.87,1
94.76,72.19,3.16,24.6,0.2029999999999999,77.86500000000001,0.1707949999999999,73.99,1
85.84,75.32,3.0,23.7,0.8480000000000001,58.155,0.2562149999999999,65.29,1
68.51,65.87,2.97,21.8,0.449,66.915,0.3276049999999999,68.8,1
81.74,60.12,3.25,29.5,0.693,67.605,0.289865,68.5,1
79.89,76.68,3.26,23.8,0.4519999999999999,70.44999999999999,0.23905,70.95,1
89.98,62.51,2.33,25.0,0.751,60.06,0.27237,60.18,1
98.61,59.67,3.18,22.7,0.209,68.535,0.220945,72.69,1
86.59,55.06,3.55,15.7,0.36,65.095,0.2931749999999999,64.02,1
88.9,74.46,3.31,21.7,0.449,74.72999999999999,0.19683,69.13,1
74.64,65.54,3.18,22.9,0.379,80.58,0.26308,67.36,1
82.9,54.87,2.28,23.4,0.771,54.415,0.340545,54.44,0
88.3,82.62,3.84,26.5,0.48,83.055,0.149775,86.24,1
78.62,49.34,2.71,17.2,0.502,68.99,0.33053,60.3,1
92.55,67.47,3.05,20.1,0.355,71.785,0.212035,70.08,1
99.73,55.73,2.52,19.0,0.663,51.435,0.279585,60.74,1
75.34,60.93,2.73,20.2,0.764,53.405,0.355635,64.2,1
96.05,61.91,3.0,17.5,0.63,70.88499999999999,0.217415,69.02,1
85.37,53.87,2.45,25.5,0.51,56.51,0.32738,65.75,1
74.38,51.25,3.24,26.5,0.86,58.665000000000006,0.372735,59.68,0
89.15,67.06,3.27,26.1,0.124,70.85,0.2296699999999999,75.19,1
92.64,52.52,2.8,23.2,0.182,56.685,0.3018249999999999,61.75,1
92.25,68.87,3.36,21.9,0.8210000000000001,74.345,0.201355,67.59,1
68.24,81.95,2.15,30.6,0.58,82.28999999999999,0.23432,73.83,1
75.08,68.87,3.11,27.1,0.425,68.47,0.2876599999999999,65.4,1
85.83,62.39,2.74,26.5,0.976,55.33,0.30352,60.43,1
89.26,48.99,2.16,15.4,0.955,55.56,0.32931,58.81,0
94.26,71.82,3.68,22.5,0.362,83.015,0.1584549999999999,79.84,1
99.42,73.82,3.05,17.5,0.6519999999999999,67.17,0.1793499999999999,69.4,1
73.16,58.5,2.17,17.6,0.312,50.95,0.3790099999999999,53.39,0
85.01,70.45,3.05,17.2,0.5860000000000001,68.425,0.2433349999999999,69.74,1
78.61,72.61,3.24,27.7,0.272,66.85,0.26718,72.31,1
86.53,70.66,3.72,28.6,0.646,66.255,0.243135,70.48,1
65.9,51.58,2.0,18.6,0.454,43.195,0.4520749999999999,55.31,0
90.91,58.07,2.46,22.0,0.4589999999999999,51.645,0.307215,59.81,0
86.66,74.77,3.39,20.6,0.134,69.38499999999999,0.220895,69.9,1
70.25,56.25,2.11,26.3,0.735,53.225,0.390575,57.15,0
78.03,48.1,2.5,17.5,0.444,51.11,0.39025,60.34,1
98.62,85.84,3.34,27.0,0.686,75.86500000000001,0.1204049999999999,73.63,1
95.73,69.79,3.81,23.1,0.1689999999999999,79.375,0.1695849999999999,79.61,1
84.06,51.58,2.77,16.4,0.181,60.6,0.3272199999999999,57.61,0
85.68,66.6,2.33,21.3,0.687,66.41,0.25825,65.16,1
88.13,73.81,3.59,28.7,0.1159999999999999,78.055,0.1918849999999999,80.74,1
90.43,52.46,2.35,16.1,0.294,47.045,0.3397649999999999,59.66,0
84.91,75.78,3.35,27.3,0.792,58.235,0.2583149999999999,69.37,1
95.46,39.2,2.28,13.9,0.12,53.495000000000005,0.340075,55.59,0
72.45,46.63,2.38,16.0,0.344,59.575,0.391585,57.57,0
76.18,91.24,4.0,27.8,0.434,91.06,0.1483799999999999,85.29,1
69.27,82.97,3.31,18.2,0.361,72.755,0.255745,70.41,1
74.24,76.91,3.52,24.5,0.986,71.135,0.258905,68.88,1
78.91,75.69,3.03,21.7,0.381,64.845,0.262755,70.29,1
66.96,66.9,3.09,18.8,0.509,63.975,0.339535,62.97,1
90.1,71.64,2.48,23.1,0.5900000000000001,69.32499999999999,0.216705,65.86,1
94.84,89.06,3.21,23.5,0.9,78.32499999999999,0.118485,78.22,1
94.52,72.71,3.07,17.4,0.983,67.195,0.202205,63.75,1
99.4,51.39,3.29,15.5,0.18,63.05,0.25908,61.49,1
92.66,64.87,2.28,20.8,0.55,60.775,0.252425,64.54,1
83.48,55.39,2.0,15.8,0.906,45.5,0.3634099999999999,53.43,0
91.74,61.35,2.94,18.6,0.784,57.44499999999999,0.276655,67.24,1
65.81,52.27,2.69,23.7,0.601,56.925,0.409175,54.61,0
82.81,54.48,2.79,27.0,0.206,53.54,0.3447,63.92,1
86.3,74.43,3.75,23.5,0.271,70.905,0.218795,76.13,1
68.51,68.01,3.53,23.6,0.6990000000000001,63.65,0.33098,67.14,1
69.1,61.55,2.96,26.5,0.489,66.91499999999999,0.3382050000000001,67.05,1
92.33,60.23,2.91,19.5,0.532,63.475,0.259565,67.92,1
67.51,49.29,2.24,25.1,0.2759999999999999,46.695,0.442005,49.39,0
95.28,46.91,2.46,24.6,0.376,53.295,0.318265,60.57,1
80.72,55.89,2.74,20.9,0.343,61.795,0.324065,66.3,1
91.51,79.89,3.79,23.0,0.287,73.25,0.17454,70.7,1
89.28,64.75,2.62,17.0,0.542,60.57,0.26692,62.25,1
70.93,73.99,3.94,29.2,0.82,75.17500000000001,0.2687849999999999,72.26,1
74.33,56.8,3.08,26.0,0.969,55.895,0.364595,53.88,0
70.91,68.69,3.88,20.1,0.867,51.4,0.35609,59.65,0
66.18,54.34,3.15,24.3,0.616,60.865,0.389665,63.59,1
77.19,77.41,3.47,26.4,0.325,68.20500000000001,0.2543949999999999,63.11,1
70.31,42.26,2.44,25.0,0.269,58.695,0.415895,48.76,0
92.16,86.34,3.84,25.5,0.63,83.5,0.12184,79.54,1
72.02,54.4,2.52,21.8,0.648,54.515,0.385175,54.05,0
70.55,73.84,2.93,27.7,0.503,78.25,0.26153,74.43,1
95.28,52.68,2.33,25.0,0.358,56.74,0.29062,64.83,1
96.9,64.75,3.07,24.0,0.3399999999999999,63.325,0.2281749999999999,73.51,1
86.0,50.4,2.38,24.1,0.512,58.475,0.329375,60.36,1
73.51,78.06,3.08,24.5,0.391,72.825,0.2533049999999999,73.22,1
71.51,46.75,2.65,24.9,0.2299999999999999,48.455,0.428345,60.18,1
77.76,70.43,3.26,29.2,0.8,66.17999999999999,0.27913,66.74,1
87.79,62.38,2.91,24.3,0.122,63.855,0.270135,74.54,1
77.26,50.26,2.38,24.2,0.558,51.36,0.3861,62.51,1
82.05,57.59,2.8,29.2,0.94,64.825,0.304555,65.53,1
68.82,66.24,2.89,23.8,0.939,67.88,0.32236,63.85,1
84.12,69.46,3.98,30.0,0.329,76.57,0.22543,74.87,1
91.43,68.18,2.77,23.1,0.9,61.39,0.2455699999999999,61.48,1
84.92,67.18,3.64,22.6,0.932,66.485,0.2593249999999999,66.97,1
88.46,57.52,2.55,15.5,0.6519999999999999,57.54,0.3009799999999999,59.65,0
80.95,50.58,2.05,16.9,0.419,47.035,0.3833549999999999,52.52,0
88.67,50.71,2.53,21.5,0.8619999999999999,52.765,0.3348949999999999,55.82,0
68.07,75.64,3.57,25.6,0.5519999999999999,84.22,0.24814,68.86,1
86.05,51.39,2.81,16.0,0.588,68.91,0.2949,61.82,1
83.79,57.93,3.12,15.3,0.774,57.905,0.317335,58.63,0
77.39,61.9,2.84,19.3,0.96,54.885,0.3400849999999999,55.34,0
95.02,63.06,3.14,21.0,0.436,69.74000000000001,0.22152,74.36,1
89.67,58.81,2.58,18.1,0.934,55.38,0.29875,58.73,0
82.07,83.93,3.74,24.4,0.319,83.39500000000001,0.1697449999999999,83.74,1
80.43,62.29,2.72,27.5,0.292,61.315,0.307465,65.57,1
79.53,64.71,3.18,25.8,0.975,66.555,0.288085,67.92,1
98.03,65.44,2.86,25.0,0.92,66.80000000000001,0.2111599999999999,70.05,1
65.88,72.35,3.16,21.7,0.558,65.53,0.32284,63.63,1
86.05,52.54,2.45,26.1,0.118,66.84,0.29766,66.03,1
68.38,82.97,3.28,23.9,0.373,79.3,0.23967,78.89,1
73.13,46.39,2.63,17.1,0.474,47.3,0.42641,56.41,0
91.67,60.21,2.81,27.2,0.63,57.18,0.28115,64.85,1
87.47,73.32,3.72,29.7,0.172,75.47999999999999,0.20372,76.14,1
67.84,77.07,3.3,19.9,0.683,72.755,0.279165,65.71,1
72.21,71.78,2.76,28.7,0.381,64.345,0.302785,70.88,1
96.38,55.69,3.06,23.6,0.308,70.36,0.23633,68.99,1
66.53,57.1,3.04,23.0,0.8960000000000001,56.935,0.3917749999999999,54.4,0
75.48,62.46,2.88,18.9,0.912,59.25,0.33295,61.27,1
67.46,70.58,2.94,27.0,0.132,49.755,0.369155,59.3,0
80.34,80.62,3.69,24.1,0.7110000000000001,86.07,0.17857,76.64,1
90.81,59.22,3.06,16.2,0.629,65.57499999999999,0.262375,62.13,1
74.57,70.13,3.07,24.2,0.189,71.33,0.27734,71.76,1
68.78,73.66,2.98,28.7,0.915,65.14,0.30848,67.55,1
72.77,69.41,3.15,24.7,0.533,60.28,0.3198499999999999,58.66,0
85.2,84.43,3.31,30.3,0.775,75.36500000000001,0.1798149999999999,74.65,1
74.3,59.25,2.5,19.0,0.827,52.875,0.366425,64.24,1
91.43,76.97,3.8,25.7,0.638,71.505,0.1888549999999999,75.27,1
95.16,65.99,3.55,28.1,0.995,72.79,0.20302,72.17,1
74.46,55.91,3.03,18.5,0.329,63.11,0.3451000000000001,63.12,1
92.01,78.01,3.58,28.3,0.214,75.11,0.1725999999999999,73.89,1
78.33,66.3,3.34,29.1,0.6599999999999999,65.63,0.29089,67.58,1
94.48,65.67,2.88,20.6,0.916,58.715,0.2489249999999999,70.57,1
71.02,55.76,2.46,20.0,0.758,51.89,0.39297,51.82,0
96.1,70.84,3.14,25.6,0.109,69.5,0.19458,75.52,1
98.59,65.01,3.09,18.7,0.129,54.305,0.2476949999999999,68.92,1
98.13,65.84,2.58,25.7,0.926,66.905,0.209245,66.39,1
76.7,67.27,2.66,18.5,0.225,54.09,0.3291199999999999,61.81,1
94.15,62.48,2.56,26.8,0.674,65.58000000000001,0.2392199999999999,69.47,1
89.21,90.87,3.93,30.4,0.239,90.025,0.100475,87.97875000000002,1
71.65,39.21,2.0,14.6,0.976,50.35,0.4447199999999999,45.51,0
73.62,40.03,2.75,15.4,0.963,55.92,0.41767,53.73,0
80.98,45.82,2.11,20.3,0.109,57.03,0.36753,61.44,1
92.77,73.43,3.65,24.3,0.747,79.39500000000001,0.1704449999999999,82.87,1
68.12,58.69,2.81,24.5,0.154,58.125,0.3770749999999999,64.74,1
66.96,53.95,2.0,13.8,0.126,46.085,0.432055,52.36,0
80.11,48.01,2.73,15.8,0.1159999999999999,58.08,0.36129,63.35,1
97.13,75.44,3.22,21.8,0.819,70.22,0.1745,72.69,1
76.47,51.78,2.65,18.6,0.8630000000000001,62.755,0.3505149999999999,59.3,0
89.78,54.17,3.12,19.2,0.479,60.55,0.29672,60.37,1
88.36,74.47,3.26,31.1,0.4309999999999999,70.96000000000001,0.2102699999999999,71.71,1
96.99,82.15,3.09,25.2,0.732,81.79499999999999,0.120205,82.3,1
68.04,50.47,2.93,16.7,0.407,52.115,0.420085,53.23,0
93.85,51.64,2.03,13.7,0.269,52.065,0.313485,60.14,1
68.64,44.62,2.3,17.3,0.1679999999999999,48.325,0.446605,47.3,0
87.15,72.2,3.17,28.9,0.148,72.18,0.2182599999999999,75.21,1
90.36,44.55,2.45,18.3,0.392,53.07,0.3457,58.2,0
82.51,71.13,3.26,26.3,0.243,69.125,0.249195,67.51,1
79.63,71.64,3.19,17.2,0.471,63.165000000000006,0.277065,65.2,1
80.07,79.85,3.45,31.1,0.827,69.14,0.23275,77.1,1
78.05,58.36,2.28,20.2,0.236,65.225,0.317045,67.17,1
80.75,68.0,2.64,26.6,0.4019999999999999,57.825,0.299525,66.42,1
70.65,63.24,2.56,19.5,0.7849999999999999,54.3,0.3647799999999999,63.27,1
90.04,49.73,2.47,17.3,0.654,57.905,0.3169349999999999,59.95,0
85.85,63.31,2.5,24.9,0.625,59.99,0.2867,60.92,1
74.22,84.15,3.88,25.0,0.61,84.515,0.197125,74.72,1
75.17,60.93,2.53,16.6,0.9,55.155,0.3510649999999999,57.0,0
80.08,72.91,4.0,30.8,0.851,86.450625,0.201598125,80.26,1
92.37,52.11,3.0,27.0,0.972,61.45,0.2898399999999999,64.38,1
67.07,62.58,2.89,21.2,0.476,63.315,0.354035,65.51,1
80.59,61.01,2.75,21.4,0.2299999999999999,60.24,0.31389,63.42,1
89.06,69.65,3.19,26.2,0.385,75.93,0.2070199999999999,71.13,1
82.77,63.52,2.49,23.9,0.315,62.4,0.29116,61.44,1
76.67,76.57,3.24,16.6,0.624,65.285,0.267755,72.77,1
95.82,59.02,3.22,16.7,0.523,67.595,0.236875,60.88,1
72.99,65.13,3.48,29.8,0.331,61.795,0.327265,68.09,1
93.5,52.33,2.92,28.0,0.484,57.465,0.2966149999999999,63.53,1
71.46,47.24,2.2,21.7,0.8390000000000001,50.155,0.421975,45.52,0
84.03,82.25,3.01,31.4,0.404,78.78,0.18079,79.61,1
71.6,75.71,4.0,18.1,0.7769999999999999,72.75999999999999,0.26819,64.67,1
67.41,56.46,2.77,24.4,0.488,60.84,0.3784599999999999,61.54,1
90.91,48.67,2.32,22.4,0.365,42.655,0.362385,53.5,0
72.8,64.13,3.1,30.5,0.995,68.67500000000001,0.3103849999999999,66.44,1
99.93,75.12,3.4,24.4,0.77,81.365,0.1308249999999999,73.96,1
86.75,51.15,3.24,18.5,0.49,54.995000000000005,0.334565,55.56,0
95.33,54.91,2.53,18.7,0.74,60.08,0.27371,69.41,1
71.34,64.77,2.35,22.5,0.4669999999999999,51.095,0.367045,61.86,1
66.38,61.77,3.02,24.5,0.6759999999999999,66.01,0.3511399999999999,64.95,1
80.49,73.17,3.71,20.0,0.607,76.26,0.22975,75.93,1
80.11,66.47,3.26,27.3,0.926,67.32,0.27819,64.4,1
83.37,51.73,2.26,25.4,0.61,53.505,0.350815,56.27,0
67.93,50.59,2.44,25.4,0.128,59.48,0.3980699999999999,54.81,0
95.24,80.01,4.0,21.3,0.5559999999999999,84.755,0.124745,82.5,1
84.5,55.5,2.58,25.4,0.679,57.845,0.321965,56.92,0
86.41,80.53,3.17,19.7,0.102,69.87,0.2031599999999999,72.67,1
70.0,34.92,2.0,14.6,0.257,46.985,0.474285,50.96,0
80.29,71.53,2.9,19.9,0.503,66.41,0.26502,65.18,1
92.43,75.63,2.94,28.0,0.529,59.42,0.2251299999999999,67.0,1
77.27,54.62,2.39,15.3,0.2779999999999999,50.005,0.377045,63.44,1
87.94,69.63,3.57,30.8,0.978,71.965,0.223455,69.64,1
86.19,73.91,3.04,28.6,0.807,64.955,0.238645,67.95,1
79.48,40.88,2.49,24.3,0.674,51.72,0.40428,53.84,0
78.2,77.87,3.54,25.9,0.7070000000000001,75.00999999999999,0.22856,75.61,1
86.59,69.76,2.99,27.0,0.5860000000000001,70.995,0.2313749999999999,71.85,1
71.7,58.78,2.28,17.9,0.713,60.645,0.354925,59.6,0
71.09,69.38,2.98,17.5,0.1689999999999999,61.295,0.323615,61.89,1
68.82,62.06,2.78,20.7,0.346,62.355,0.351475,60.6,1
70.8,65.77,3.05,20.9,0.5980000000000001,69.1,0.31219,65.5,1
71.27,57.49,2.53,15.7,0.6679999999999999,59.8,0.36305,63.78,1
89.3,56.72,2.54,23.2,0.178,59.7,0.2935399999999999,62.67,1
89.8,61.69,2.71,23.4,0.444,67.72,0.2525699999999999,69.86,1
68.66,44.09,2.45,24.1,0.744,51.125,0.4397150000000001,54.29,0
85.08,88.96,3.81,23.2,0.501,92.10625,0.11648125,82.71,1
99.89,44.52,2.84,15.0,0.347,54.35,0.30383,57.01,0
80.64,73.86,2.68,21.3,0.601,63.115,0.266515,69.62,1
65.8,65.87,2.92,21.3,0.688,66.48,0.33975,64.38,1
96.55,85.47,4.0,29.2,0.739,90.675,0.085365,83.46,1
88.71,77.92,3.23,24.4,0.192,65.785,0.214045,73.4,1
83.84,67.67,2.74,22.1,0.928,59.32,0.28367,64.7,1
82.79,67.47,3.4,29.0,0.651,71.31,0.2524999999999999,71.2,1
74.12,74.13,3.25,17.3,0.817,60.64,0.29921,67.16,1
95.49,56.84,2.54,20.2,0.511,65.27,0.25171,63.62,1
66.9,61.05,2.97,24.4,0.929,63.260000000000005,0.3594699999999999,63.01,1
87.92,82.89,3.93,31.6,0.631,88.71625,0.13350125,85.31,1
79.72,62.52,3.49,22.7,0.291,64.44999999999999,0.30021,65.01,1
90.32,65.1,2.54,15.2,0.794,58.395,0.268235,59.44,0
65.39,65.78,3.22,23.0,0.298,64.635,0.347195,67.66,1
97.99,60.56,3.11,23.4,0.3259999999999999,65.825,0.228885,65.61,1
78.69,63.12,2.69,18.7,0.817,73.13,0.27649,66.17,1
74.24,66.29,3.55,31.8,0.981,76.095,0.275885,71.48,1
85.34,81.79,3.53,28.5,0.6769999999999999,70.66,0.2012899999999999,74.18,1
79.32,51.96,2.69,23.9,0.828,54.52,0.36328,58.62,0
67.6,57.12,2.59,17.2,0.757,56.525,0.388665,60.93,1
69.71,57.42,3.78,20.9,0.73,66.405,0.3496850000000001,64.97,1
73.95,70.73,3.85,29.1,0.252,65.68,0.2949699999999999,71.95,1
67.32,33.71125000000001,2.0,14.1,0.929,42.79,0.50121625,43.84875,0
74.65,55.59,2.34,24.7,0.422,60.06,0.35445,56.64,0
71.26,57.75,3.82,19.5,0.135,66.37,0.3425999999999999,64.16,1
80.91,57.52,2.69,25.4,0.247,64.225,0.311125,69.29,1
97.97,33.71125000000001,2.0,17.3,0.325,43.46,0.37660625,52.97,0
68.02,59.38,2.33,21.2,0.662,57.33,0.37779,54.15,0
99.32,72.5,3.02,15.5,0.21,66.06,0.18704,72.59,1
76.1,62.72,3.15,20.0,0.657,62.105,0.321125,61.54,1
92.67,68.96,3.42,19.3,0.662,74.75,0.1981899999999999,73.17,1
96.14,68.33,2.61,28.2,0.999,76.36500000000001,0.1813549999999999,71.17,1
65.24,73.82,3.36,23.2,0.644,74.97,0.29267,67.07,1
93.46,54.44,2.66,18.2,0.696,53.585,0.3020850000000001,57.74,0
80.56,72.29,3.04,22.6,0.611,70.71000000000001,0.2487599999999999,65.46,1
84.66,46.38,2.38,11.6,0.939,42.025,0.3961449999999999,52.73,0
99.09,56.12,2.42,16.1,0.284,63.96,0.2433999999999999,70.32,1
71.07,35.41,2.0,18.8,0.849,39.585,0.490735,43.84875,0
92.84,63.87,2.7,14.6,0.481,61.6,0.25223,63.35,1
67.18,72.1,2.9,26.2,0.137,61.205,0.3313649999999999,60.35,1
65.95,70.77,3.08,24.8,0.595,67.91,0.32016,60.9,1
87.75,51.98,2.5,21.8,0.238,56.6,0.32326,66.27,1
98.6,45.48,2.23,16.2,0.645,56.23,0.30047,61.66,1
97.69,60.0,3.54,20.1,0.8480000000000001,66.595,0.229455,70.98,1
71.89,66.08,3.46,29.0,0.655,71.655,0.299235,69.38,1
86.12,72.86,3.08,21.9,0.529,70.6,0.22514,72.0,1
79.68,49.39,2.49,17.3,0.701,57.235,0.361405,57.68,0
69.54,54.79,2.48,22.0,0.909,58.620000000000005,0.3816099999999999,55.11,0
97.82,53.93,2.79,19.7,0.562,60.815,0.264485,70.16,1
71.22,78.37,2.99,26.1,0.8630000000000001,64.32,0.2870499999999999,65.66,1
72.41,58.09,3.04,20.1,0.593,65.005,0.341075,65.68,1
66.03,62.73,2.79,19.7,0.995,54.355,0.384625,54.34,0
89.86,61.0,3.04,27.3,0.18,54.23,0.2948699999999999,68.75,1
71.91,65.17,2.9,15.8,0.998,55.315,0.3509049999999999,59.39,0
82.54,75.86,3.33,30.5,0.663,82.38,0.19512,73.27,1
80.67,59.26,3.26,24.6,0.155,68.055,0.2953749999999999,66.73,1
73.45,59.25,2.74,20.4,0.984,52.525,0.370875,55.78,0
65.74,48.36,2.24,24.5,0.604,52.18,0.43542,58.16,0
78.98,70.24,2.78,22.6,0.657,66.94,0.27254,64.21,1
95.44,75.5,3.36,31.0,0.875,81.41,0.14751,76.1,1
93.65,80.58,3.36,28.0,0.145,82.755,0.135395,79.23,1
81.7,62.16,3.09,18.4,0.357,68.21000000000001,0.2820899999999999,69.16,1
83.9,69.92,3.53,24.4,0.632,77.10499999999999,0.223325,76.82,1
98.22,62.86,2.5,21.4,0.253,59.55,0.2398899999999999,63.42,1
78.29,52.53,3.1,25.5,0.424,57.095,0.3579649999999999,62.87,1
70.63,63.67,3.04,16.6,0.891,62.57,0.33876,55.66,0
75.51,61.73,2.62,24.2,0.48,59.895,0.333085,67.88,1
93.47,84.6,4.0,27.6,0.194,85.375,0.116195,81.21,1
99.96,64.34,2.76,24.3,0.589,65.1,0.21184,65.23,1
82.27,77.6,2.77,21.5,0.246,65.75999999999999,0.24084,68.66,1
92.38,48.14,2.0,17.1,0.446,48.26,0.34128,57.39,0
66.64,90.7,3.82,28.3,0.908,87.695,0.198255,81.39,1
74.75,44.87,2.98,26.5,0.5599999999999999,55.18,0.40085,59.74,0
86.23,72.63,3.52,27.5,0.4309999999999999,75.705,0.210075,71.22,1
85.33,67.09,3.35,22.9,0.4309999999999999,64.235,0.264705,67.87,1
80.52,64.03,3.22,27.1,0.604,63.18000000000001,0.29629,67.47,1
94.93,71.04,3.71,16.9,0.8869999999999999,62.64,0.2192399999999999,67.92,1
81.54,80.86,3.13,28.7,0.321,77.855,0.1976949999999999,73.82,1
99.06,79.12,3.26,28.8,0.983,77.77000000000001,0.1330899999999999,74.79,1
67.1,48.28,2.39,15.5,0.187,50.215,0.436115,51.36,0
80.05,59.24,2.91,20.5,0.653,65.465,0.305685,62.59,1
66.65,57.99,3.01,24.5,0.134,60.345,0.378395,67.03,1
87.81,72.57,2.82,16.6,0.61,69.53,0.22246,73.55,1
74.62,72.2,2.77,20.6,0.411,58.510000000000005,0.3093899999999999,64.08,1
79.18,58.06,2.39,21.3,0.741,63.58,0.31836,60.27,1
81.47,56.58,3.1,26.3,0.481,62.675,0.316355,67.1,1
85.26,77.94,4.0,32.1,0.907,88.41,0.15991,79.01,1
97.71,47.65,2.98,25.3,0.795,62.56,0.27853,63.59,1
97.25,37.63,2.75,11.1,0.989,55.115,0.332765,51.46,0
69.27,58.92,2.56,20.0,0.701,53.545,0.385525,57.98,0
99.54,64.45,2.53,15.9,0.915,64.935,0.2136849999999999,63.46,1
68.9,66.0,2.34,25.9,0.792,54.745,0.3621649999999999,57.02,0
87.67,71.32,2.83,26.8,0.86,59.595,0.256575,70.12,1
79.92,54.18,3.14,26.0,0.957,74.565,0.294085,71.95,1
76.34,55.31,3.52,19.7,0.575,71.605,0.3138949999999999,61.04,1
99.2,74.7,3.7,27.9,0.411,78.22999999999999,0.14441,73.31,1
96.24,59.31,2.49,16.6,0.363,64.155,0.244645,64.53,1
69.74,71.19,3.44,30.6,0.313,77.5,0.27497,74.55,1
66.58,37.43,2.25,18.5,0.919,47.265,0.479595,44.0,0
79.45,64.89,2.76,17.3,0.3259999999999999,57.86,0.3139499999999999,54.9,0
92.98,59.23,2.55,27.5,0.6599999999999999,56.06,0.2822099999999999,63.88,1
95.72,74.15,3.49,26.5,0.648,75.11,0.1693399999999999,75.48,1
79.41,67.95,3.7,30.2,0.263,73.58,0.25777,75.13,1
81.3,92.28,3.71,30.0,0.374,82.075625,0.151733125,86.56,1
86.9,71.72,3.42,20.9,0.1149999999999999,70.39,0.22607,69.93,1
71.65,44.15,2.33,20.4,0.264,49.575,0.4322249999999999,46.01,0
91.52,84.64,4.0,28.6,0.191,83.845,0.128465,86.07,1
89.98,66.76,2.67,21.3,0.784,53.715,0.2786549999999999,63.88,1
85.5,63.09,3.01,17.9,0.4049999999999999,62.25,0.28198,64.12,1
74.0,42.63,2.8,18.3,0.876,42.07,0.4498999999999999,47.57,0
65.67,80.42,4.0,29.0,0.237,83.055,0.2468949999999999,73.57,1
73.34,86.07,3.23,28.6,0.727,72.33,0.23144,78.67,1
94.91,56.69,2.15,21.7,0.316,62.745,0.262055,63.3,1
69.9,58.94,2.4,21.9,0.765,64.165,0.3510849999999999,59.74,0
91.17,59.54,2.58,22.6,0.927,59.345,0.278665,55.03,0
65.17,61.22,2.78,17.6,0.393,62.255,0.368895,67.66,1
83.89,68.38,3.19,26.1,0.934,67.66,0.25632,65.02,1
81.81,49.43,2.58,19.1,0.243,49.91,0.37474,52.36,0
67.12,68.49,3.01,18.2,0.967,66.775,0.325725,64.37,1
78.97,65.18,2.58,14.2,0.355,49.510000000000005,0.3400499999999999,59.98,0
99.33,54.96,3.57,19.6,0.96,66.73,0.2376099999999999,61.99,1
78.09,76.61,2.89,29.6,0.971,65.355,0.261745,68.99,1
94.94,63.07,3.07,27.6,0.347,64.605,0.2372149999999999,71.42,1
91.63,56.67,2.95,20.8,0.599,52.58,0.30573,61.76,1
91.07,48.43,2.5,23.6,0.975,58.19,0.31586,61.24,1
77.52,43.19,2.31,24.4,0.4059999999999999,45.02,0.42529,53.79,0
99.11,59.17,3.15,23.3,0.5780000000000001,73.305,0.2061349999999999,73.47,1
71.66,57.47,2.78,16.1,0.833,55.755,0.373685,52.5,0
70.84,57.57,2.99,27.3,0.5980000000000001,65.935,0.3461249999999999,65.22,1
74.55,88.07,3.57,22.7,0.728,86.00999999999999,0.17956,80.7,1
99.65,60.68,2.35,25.2,0.317,66.115,0.221015,68.23,1
66.81,61.43,2.38,25.9,0.7809999999999999,55.285,0.382615,55.76,0
89.46,59.15,2.41,19.5,0.322,60.385000000000005,0.283555,65.14,1
77.7,69.32,2.97,26.9,0.991,63.785,0.289885,66.28,1
97.89,79.97,2.98,20.6,0.866,76.135,0.140125,73.85,1
74.24,82.65,3.8,32.0,0.1669999999999999,77.84,0.22157,78.99,1
94.44,70.41,3.43,28.1,0.312,83.035,0.161905,81.21,1
75.39,43.77,2.39,25.4,0.4019999999999999,42.86,0.43855,52.99,0
99.56,77.57,3.29,23.1,0.6809999999999999,74.735,0.144845,73.17,1
80.03,53.26,3.0,14.2,0.184,58.26,0.3453199999999999,59.09,0
72.82,64.68,2.2,19.2,0.853,69.595,0.305895,67.0,1
98.08,57.87,2.0,25.5,0.972,53.685,0.273015,59.44,0
70.41,53.17,3.01,19.3,0.237,63.475,0.368425,62.29,1
79.25,66.39,2.67,20.2,0.7889999999999999,74.77000000000001,0.25952,71.21,1
92.2,67.11,2.59,20.6,0.941,66.71,0.22974,64.7,1
72.42,64.8,2.51,22.3,0.454,62.22,0.32926,59.78,0
86.65,41.18,2.4,25.1,0.971,53.84,0.3683399999999999,59.17,0
86.97,52.19,2.55,13.4,0.235,57.89,0.32188,58.78,0
78.14,61.52,2.81,26.6,0.545,54.475,0.3394549999999999,65.39,1
83.85,68.71,3.43,19.7,0.8310000000000001,64.72,0.26431,65.3,1
67.0,59.97,2.32,22.2,0.891,53.73,0.3909,58.56,0
91.63,60.51,3.65,18.1,0.772,71.05,0.2388,68.02,1
80.73,70.06,3.8,20.0,0.1679999999999999,68.425,0.261625,71.03,1
96.82,56.38,2.54,20.5,0.857,56.19,0.27501,64.83,1
84.97,71.76,3.21,19.5,0.233,67.08,0.2435999999999999,70.15,1
88.17,45.92,2.0,20.7,0.485,57.805,0.3361449999999999,56.7,0
76.56,51.55,2.0,17.6,0.281,45.265,0.403315,57.66,0
78.93,67.13,2.43,26.7,0.8539999999999999,60.25,0.3021399999999999,63.45,1
86.16,71.52,3.06,23.0,0.8019999999999999,69.36500000000001,0.232705,67.03,1
89.46,55.91,2.08,25.1,0.852,60.245000000000005,0.293695,63.89,1
66.41,45.15,2.56,17.2,0.121,49.15,0.45146,50.44,0
79.6,56.72,2.79,17.4,0.231,57.505,0.338925,62.55,1
86.8,60.77,3.41,24.0,0.212,65.025,0.2754149999999999,72.1,1
79.18,52.2,2.37,23.7,0.807,53.56,0.3659999999999999,53.61,0
70.74,56.28,2.0,16.7,0.371,50.16,0.3977200000000001,54.4,0
83.68,74.31,3.19,20.8,0.995,72.885,0.2236949999999999,69.5,1
94.3,72.48,2.61,26.2,0.465,63.615,0.214515,71.77,1
92.44,76.3,2.91,20.5,0.8710000000000001,72.635,0.183435,69.63,1
91.66,81.55,4.0,24.3,0.212,83.565,0.138015,81.72,1
70.43,46.95,2.22,23.1,0.696,45.68,0.4403899999999999,47.57,0
76.68,65.53,2.66,27.6,0.914,58.455,0.321325,61.95,1
78.69,53.15,2.18,24.8,0.325,56.085,0.357535,61.42,1
96.54,79.9,3.21,22.1,0.1689999999999999,72.6,0.1563399999999999,78.03,1
95.28,59.25,2.54,14.4,0.601,57.535,0.268525,59.08,0
72.99,57.33,2.36,26.6,0.975,52.08,0.37981,60.05,1
73.67,66.49,2.72,16.9,0.8400000000000001,62.150000000000006,0.3194,60.42,1
84.76,54.39,2.45,25.3,0.635,57.73,0.3245999999999999,69.2,1
66.35,41.74,2.61,20.0,0.308,48.595,0.463595,53.9,0
87.51,69.11,3.22,16.4,0.361,58.535,0.2670249999999999,66.82,1
75.39,70.62,3.44,24.1,0.967,71.93,0.27079,64.44,1
83.5,71.51,3.32,30.0,0.5549999999999999,72.16,0.23499,71.12,1
71.12,59.46,2.9,22.3,0.959,70.655,0.325175,66.64,1
65.0,74.19,2.99,22.0,0.932,70.88499999999999,0.3047750000000001,62.78,1
82.4,65.4,2.8,24.7,0.6759999999999999,65.185,0.2786449999999999,71.41,1
93.67,83.86,3.14,26.5,0.257,72.9,0.1550399999999999,83.11,1
67.81,59.08,2.47,15.5,0.5389999999999999,55.305,0.385605,51.98,0
85.35,83.21,3.68,24.4,0.4469999999999999,77.75,0.17572,77.01,1
74.11,69.87,3.06,21.4,0.4009999999999999,55.185,0.328395,61.86,1
84.41,86.7,3.27,20.9,0.754,84.665625,0.148263125,79.77,1
85.12,52.41,2.47,19.5,0.426,48.86,0.3557099999999999,57.44,0
96.78,71.08,2.87,22.2,0.883,62.975,0.210715,69.48,1
99.75,93.45,3.37,29.1,0.173,91.10625,0.04733125,87.97875000000002,1
80.86,65.19,3.56,17.6,0.948,70.08500000000001,0.2707349999999999,66.32,1
97.04,58.31,2.87,21.7,0.458,63.1,0.2476099999999999,68.44,1
70.42,88.76,3.27,29.5,0.6759999999999999,74.8,0.22764,70.98,1
69.07,46.65,2.4,12.6,0.385,48.195,0.439185,51.96,0
75.15,61.95,3.41,21.0,0.603,69.065,0.306355,68.89,1
77.4,56.8,2.53,17.5,0.891,59.125,0.3426249999999999,56.61,0
75.83,62.61,2.97,21.4,0.946,65.125,0.313475,59.28,0
81.51,75.07,3.12,18.2,0.738,66.66499999999999,0.248755,64.36,1
87.43,52.82,3.29,26.0,0.394,63.900000000000006,0.3001199999999999,67.6,1
75.78,66.91,3.24,23.1,0.508,71.17,0.28264,69.43,1
76.04,52.13,2.68,21.9,0.3399999999999999,60.75,0.3571999999999999,65.07,1
94.76,69.06,2.47,16.6,0.55,62.805,0.2253649999999999,62.29,1
66.27,65.0,3.88,25.2,0.346,73.08500000000001,0.320665,62.24,1
81.05,86.79,3.18,22.6,0.639,87.38,0.15329,78.0,1
83.06,72.05,4.0,23.6,0.1649999999999999,84.16,0.19913,77.6,1
72.59,58.83,2.92,22.3,0.967,62.27,0.34634,63.47,1
94.97,58.68,2.31,18.4,0.798,54.205,0.281465,59.01,0
94.3,54.8,2.37,27.2,0.478,57.790000000000006,0.28503,63.02,1
94.35,73.2,2.74,22.6,0.21,68.06,0.19882,69.93,1
78.9,63.37,2.74,21.5,0.369,62.425,0.307015,65.63,1
65.33,64.13,3.0,27.4,0.6759999999999999,61.425,0.362015,60.46,1
98.08,65.57,2.73,23.4,0.8220000000000001,60.18,0.23043,64.86,1
94.17,73.33,2.97,25.2,0.773,75.685,0.176275,74.11,1
65.8,55.24,2.07,17.8,0.6769999999999999,54.81,0.40665,53.33,0
93.53,62.69,2.53,14.4,0.471,61.475,0.2533849999999999,64.54,1
85.41,54.11,2.46,16.7,0.763,56.3,0.3271300000000001,59.14,0
78.43,64.23,3.12,24.4,0.8869999999999999,62.815,0.3051449999999999,63.38,1
78.6,70.75,2.56,17.2,0.934,58.915,0.296605,59.61,0
71.91,62.18,2.63,27.6,0.395,59.63,0.3469299999999999,61.88,1
85.54,71.24,2.83,21.6,0.682,56.64,0.2742,69.15,1
75.68,66.72,2.69,16.2,0.8960000000000001,61.92,0.3113599999999999,57.36,0
71.18,51.47,2.9,27.4,0.1399999999999999,58.23,0.3861799999999999,66.43,1
84.92,49.46,2.08,18.3,0.764,46.035,0.373835,51.85,0
78.64,71.42,3.27,26.8,0.709,76.43,0.24189,71.64,1
77.06,53.06,2.37,19.1,0.571,53.845,0.371045,62.52,1
89.46,70.66,2.77,23.2,0.497,65.00999999999999,0.23515,66.81,1
65.14,70.28,3.26,27.9,0.883,76.84,0.29808,69.2,1
68.85,66.6,3.23,16.2,0.612,59.235,0.347095,62.74,1
97.39,67.97,3.46,22.9,0.5820000000000001,62.495,0.219045,68.14,1
94.75,69.22,2.92,26.8,0.1629999999999999,65.035,0.218235,75.79,1
78.2,50.53,2.69,19.4,0.327,58.495000000000005,0.360125,63.22,1
97.43,65.85,2.92,18.2,0.8109999999999999,66.50999999999999,0.2132,64.99,1
73.38,84.57,3.2,31.9,0.181,71.37,0.23866,77.87,1
70.1,77.6,3.15,21.8,0.5780000000000001,68.815,0.2803550000000001,70.93,1
71.03,78.94,4.0,31.8,0.286,83.17,0.22955,79.93,1
72.77,72.35,3.66,22.9,0.149,73.34,0.27185,73.11,1
99.97,83.63,4.0,28.1,0.625,83.505,0.098715,84.58,1
95.73,51.27,2.39,17.6,0.6910000000000001,51.0,0.3102699999999999,54.52,0
75.74,45.73,2.2,18.6,0.658,44.88,0.42521,51.24,0
80.13,60.53,2.7,20.3,0.745,54.71,0.33376,60.5,1
73.36,50.88,2.77,23.4,0.323,51.205,0.4003049999999999,61.57,1
95.02,69.54,3.02,17.8,0.904,68.725,0.205125,65.51,1
75.79,66.7,2.5,23.5,0.869,62.54,0.3091199999999999,62.06,1
94.09,57.87,2.97,16.1,0.637,58.715,0.273885,56.93,0
78.99,70.25,3.03,22.3,0.151,65.15,0.27784,69.84,1
84.45,72.09,3.1,28.0,0.643,78.065,0.2117349999999999,78.58,1
84.93,59.54,2.55,19.2,0.93,60.38,0.30052,56.04,0
96.0,58.28,3.07,23.0,0.136,60.14,0.2607399999999999,61.37,1
86.25,43.87,2.48,24.6,0.6599999999999999,62.595,0.335605,64.1,1
96.08,68.71,3.04,21.7,0.392,67.85,0.206,75.98,1
76.44,67.19,3.25,24.8,0.1149999999999999,73.185,0.273115,70.25,1
71.8,66.61,3.28,25.6,0.6980000000000001,58.725,0.336795,65.36,1
96.29,74.58,2.77,19.3,0.391,76.185,0.1625449999999999,78.51,1
65.33,52.12,2.85,19.1,0.791,58.265,0.4075249999999999,54.98,0
83.09,60.48,2.61,17.0,0.6950000000000001,61.47,0.30179,61.8,1
85.6,75.88,3.2,20.3,0.183,73.775,0.208635,78.12,1
99.87,78.43,4.0,30.4,0.662,75.55,0.1385799999999999,84.27,1
75.7,72.44,3.23,26.5,0.907,70.995,0.2668949999999999,68.11,1
65.26,44.59,2.21,24.5,0.7929999999999999,46.6,0.4653899999999999,49.87,0
91.15,81.22,3.26,30.9,0.502,80.92,0.1489799999999999,83.06,1
68.56,57.64,2.68,20.8,0.624,52.83,0.39435,55.59,0
77.27,52.41,2.03,17.1,0.325,49.81,0.38426,54.84,0
90.15,60.73,2.97,23.8,0.968,61.43,0.27292,62.23,1
76.57,42.14,2.12,17.0,0.429,48.35,0.42225,54.17,0
91.55,59.95,2.67,17.2,0.11,59.71,0.27482,64.27,1
71.65,52.0,2.69,21.9,0.47,57.095,0.3861149999999999,55.72,0
78.66,84.03,3.37,27.0,0.971,72.61500000000001,0.215425,74.55,1
87.02,66.98,2.74,22.7,0.152,67.83,0.24749,72.11,1
80.44,76.21,3.47,29.1,0.8109999999999999,69.82,0.24015,73.0,1
95.8,48.38,3.13,14.9,0.222,60.595,0.289875,63.33,1
97.48,72.38,2.89,23.4,0.632,62.96,0.20406,73.27,1
86.56,59.25,2.32,15.3,0.7230000000000001,54.465,0.312615,61.36,1
82.53,61.9,2.36,23.5,0.746,60.695,0.302095,65.91,1
88.62,61.17,3.16,20.9,0.457,68.045,0.2578749999999999,70.93,1
95.04,55.84,2.3,20.5,0.15,57.245000000000005,0.280585,63.53,1
92.22,82.27,2.71,29.0,0.512,67.46000000000001,0.1819299999999999,79.48,1
67.01,79.0,4.0,31.5,0.993,82.85499999999999,0.246395,73.82,1
70.62,42.62,2.0,21.2,0.432,42.44,0.46234,48.29,0
91.15,54.81,3.23,20.6,0.4059999999999999,61.215,0.2873249999999999,64.04,1
77.0,62.0,3.7,29.1,0.237,66.66499999999999,0.306005,73.63,1
81.85,67.57,2.93,22.9,0.123,64.50999999999999,0.27636,71.53,1
85.67,57.21,2.59,26.8,0.8800000000000001,68.59,0.2799199999999999,60.75,1
69.04,45.37,2.75,25.0,0.635,46.685,0.447675,49.18,0
79.14,74.34,3.07,17.0,0.305,60.46,0.2790399999999999,60.63,1
85.17,70.85,2.77,26.7,0.932,62.09,0.2605,66.4,1
71.77,49.87,2.79,26.3,0.857,51.595,0.4085249999999999,53.55,0
99.34,60.1,2.25,18.4,0.104,61.06999999999999,0.23913,63.68,1
70.42,65.86,2.59,23.9,0.309,57.145,0.349305,64.78,1
98.59,87.04,2.76,17.4,0.808,67.45,0.1421699999999999,74.67,1
83.8,58.57,2.65,17.2,0.828,57.82,0.31563,57.37,0
86.4,63.69,2.85,16.3,0.8140000000000001,59.77,0.28402,57.1,0
96.5,54.35,2.49,25.7,0.7769999999999999,55.03,0.28586,57.27,0
93.73,66.19,3.0,25.8,0.118,72.795,0.208125,74.06,1
92.0,65.98,2.56,17.8,0.13,67.16,0.2325799999999999,69.54,1
89.3,69.76,3.38,26.8,0.951,57.655,0.2605549999999999,69.84,1
76.56,64.32,2.61,18.4,0.756,59.355,0.322735,64.24,1
82.26,72.65,2.57,25.2,0.615,67.33,0.2510199999999999,69.01,1
99.72,77.14,2.92,30.5,0.585,81.02,0.12664,83.4,1
78.45,76.04,2.86,18.4,0.8710000000000001,66.155,0.259615,60.92,1
80.35,65.12,2.69,26.7,0.7190000000000001,61.05,0.30009,65.02,1
84.17,69.71,2.9,22.8,0.225,62.09,0.26792,66.83,1
83.87,79.6,2.82,27.5,0.6759999999999999,69.505,0.217205,74.99,1
92.6,43.03,2.06,15.2,0.264,54.52,0.33695,58.22,0
76.58,75.19,2.64,28.0,0.605,62.96,0.27923,72.53,1
84.96,63.51,3.11,28.9,0.8099999999999999,64.02000000000001,0.27757,65.56,1
96.64,66.57,2.64,19.6,0.183,60.545,0.232095,66.48,1
95.51,70.06,2.69,27.6,0.353,73.76,0.1864999999999999,78.77,1
83.4,64.52,3.36,18.1,0.714,65.03999999999999,0.2777199999999999,75.12,1
66.85,65.37,2.54,27.5,0.5269999999999999,59.43,0.3582,60.47,1
95.21,60.32,3.02,19.6,0.5599999999999999,61.77,0.25289,63.29,1
93.28,45.12,2.8,14.0,0.3339999999999999,48.94,0.3447,53.82,0
96.4,70.55,3.47,25.2,0.266,74.195,0.180165,75.61,1
78.79,69.7,3.26,23.3,0.284,78.13,0.2413499999999999,75.94,1
68.17,57.62,3.03,20.8,0.892,68.185,0.3499049999999999,62.3,1
71.03,82.67,3.8,23.7,0.351,81.2,0.22427,71.18,1
90.53,77.2,3.77,20.2,0.497,80.305,0.1653649999999999,77.91,1
86.37,60.16,3.64,25.2,0.722,71.93,0.25825,70.38,1
79.19,65.65,3.47,22.7,0.16,69.52,0.27773,66.69,1
78.91,70.95,2.87,15.4,0.885,59.67,0.2925,60.21,1
66.86,62.33,2.31,23.5,0.654,62.975,0.356645,56.21,0
91.19,81.27,3.69,24.9,0.2009999999999999,75.86,0.16385,79.72,1
70.6,58.02,3.71,22.6,0.301,74.24000000000001,0.32082,63.35,1
69.75,63.34,3.21,28.8,0.45,59.445,0.352645,66.33,1
84.14,87.31,3.43,30.6,0.215,82.94999999999999,0.15266,86.92,1
72.06,66.07,2.68,18.2,0.8560000000000001,62.870000000000005,0.32494,63.13,1
89.68,62.3,2.85,24.4,0.624,55.475,0.2879549999999999,60.07,1
73.66,49.94,2.59,24.7,0.2279999999999999,58.645,0.379605,65.32,1
66.48,51.85,3.12,17.0,0.2759999999999999,58.400000000000006,0.4033299999999999,53.87,0
71.58,55.46,3.0,21.7,0.154,61.365,0.363205,64.02,1
76.58,58.18,2.97,26.0,0.8400000000000001,59.26,0.3413599999999999,61.48,1
85.97,70.3,2.91,29.9,0.849,77.27,0.21341,76.56,1
97.88,72.03,3.19,22.1,0.492,74.345,0.169355,77.3,1
91.88,55.18,2.81,27.0,0.424,73.66,0.24596,70.42,1
74.6,83.86,3.72,28.1,0.195,73.475,0.229595,70.63,1
77.79,81.22,3.21,23.8,0.8210000000000001,71.91,0.22945,67.51,1
72.78,43.05,2.63,23.2,0.486,47.485,0.4372749999999999,56.68,0
81.28,75.71,2.92,28.1,0.954,59.385000000000005,0.269595,69.08,1
86.0,63.14,3.05,22.6,0.805,69.83500000000001,0.2570749999999999,70.09,1
87.93,68.32,3.23,22.7,0.26,75.4,0.2171199999999999,77.45,1
86.67,53.78,2.95,20.5,0.628,66.88,0.29134,64.63,1
70.58,51.21,3.14,15.0,0.353,61.325,0.380075,59.38,0
97.36,47.88,2.09,20.2,0.508,48.555,0.321255,57.46,0
84.13,33.71125000000001,2.13,18.7,0.709,46.27,0.42353625,49.49,0
82.14,73.67,3.3,21.1,0.5599999999999999,72.015,0.2343849999999999,70.74,1
81.39,63.34,3.2,26.7,0.407,60.685,0.302365,68.29,1
82.09,57.11,2.12,12.8,0.432,57.06,0.32913,60.14,1
93.81,71.3,2.64,22.9,0.274,65.42,0.2146,70.98,1
73.59,71.02,2.43,22.1,0.288,63.21,0.30295,67.32,1
80.13,67.67,3.37,25.5,0.92,70.12,0.2661099999999999,72.43,1
86.42,80.22,3.47,27.8,0.193,85.89,0.15599,86.11,1
92.47,87.52,4.0,21.0,0.966,83.515,0.117015,79.72,1
96.24,57.65,2.23,24.0,0.156,66.735,0.241885,69.86,1
78.21,63.5,2.96,27.8,0.347,63.035,0.307555,64.8,1
94.7,63.33,2.91,19.4,0.669,58.42,0.25595,64.74,1
66.15,41.15,2.0,24.4,0.693,43.56,0.48127,52.3,0
80.7,58.45,2.49,16.2,0.124,67.32,0.29989,70.48,1
86.46,64.66,3.01,23.6,0.2029999999999999,62.795,0.271795,68.69,1
70.46,64.11,3.16,21.6,0.679,71.38,0.31169,66.08,1
93.97,71.86,3.03,18.2,0.998,64.775,0.214215,64.52,1
69.42,61.44,2.6,22.5,0.833,49.34,0.38998,54.64,0
77.41,52.1,2.5,20.9,0.8949999999999999,56.36,0.3649799999999999,56.48,0
67.22,68.44,2.93,26.3,0.522,62.81,0.3373699999999999,62.47,1
71.9,73.78,2.79,30.5,0.42,76.19,0.26249,70.62,1
84.35,70.21,2.95,30.1,0.409,79.405,0.213755,73.1,1
79.81,48.63,2.37,16.6,0.767,56.33,0.3658799999999999,54.09,0
97.97,77.32,3.41,30.6,0.722,83.065,0.126965,83.06,1
97.69,63.28,2.69,24.7,0.466,62.705,0.231285,71.95,1
98.87,52.52,2.87,23.7,0.184,66.94,0.2461399999999999,62.92,1
81.79,54.72,2.52,15.7,0.432,60.275,0.327855,61.42,1
65.87,62.33,2.44,21.9,0.767,50.82,0.39707,56.45,0
69.34,70.59,2.77,26.8,0.613,67.815,0.307425,70.61,1
70.9,53.77,3.6,17.5,0.8710000000000001,63.445,0.3647549999999999,63.61,1
88.92,56.75,2.79,22.4,0.8880000000000001,62.995000000000005,0.285085,68.07,1
95.72,59.02,2.47,20.1,0.36,69.195,0.232475,69.22,1
84.43,54.22,2.79,17.0,0.4509999999999999,60.475,0.318195,57.71,0
92.33,60.51,2.98,19.6,0.13,70.93,0.23636,72.32,1
99.37,54.69,2.0,23.2,0.585,53.925,0.2766749999999999,59.23,0
90.67,65.64,3.7,26.3,0.186,74.25999999999999,0.21762,77.82,1
87.79,77.97,3.56,30.0,0.75,71.035,0.2018249999999999,75.16,1
85.22,56.41,2.0,20.2,0.8160000000000001,50.82,0.33743,57.05,0
99.24,60.01,2.81,21.1,0.533,68.765,0.216715,69.68,1
65.79,67.73,2.79,28.6,0.945,67.69999999999999,0.33055,67.27,1
93.92,57.1,3.09,22.9,0.956,70.9,0.2403199999999999,66.24,1
77.35,71.72,3.25,18.6,0.746,65.525,0.278865,63.96,1
77.61,78.28,3.74,25.8,0.571,79.78999999999999,0.21535,74.15,1
77.54,83.59,4.0,25.6,0.833,88.095,0.1747849999999999,82.26,1
83.03,63.46,3.0,16.9,0.828,65.53,0.28091,65.39,1
72.4,72.57,3.54,23.8,0.865,64.53999999999999,0.29907,66.69,1
79.09,39.24,2.56,16.6,0.392,49.525,0.4173449999999999,52.99,0
72.58,94.26,4.0,33.2,0.343,90.655,0.154935,87.97875000000002,1
70.37,53.98,2.71,15.3,0.999,56.235,0.3878749999999999,55.43,0
74.04,80.58,3.54,30.2,0.251,82.06,0.21592,76.28,1
92.1,55.18,3.37,29.0,0.6849999999999999,69.525,0.257485,67.69,1
80.12,47.59,2.41,20.7,0.721,66.245,0.3380149999999999,58.69,0
82.44,56.07,2.7,20.8,0.818,66.265,0.303235,69.7,1
93.45,68.64,3.07,19.7,0.673,75.17500000000001,0.1947549999999999,67.48,1
96.36,74.0,4.0,27.0,0.4,88.615625,0.126713125,83.12,1
67.63,51.53,2.89,20.0,0.807,64.305,0.3819749999999999,58.83,0
69.09,53.27,2.8,21.8,0.561,52.125,0.4074549999999999,58.41,0
69.23,53.25,2.08,23.3,0.73,48.93,0.4165399999999999,57.75,0
75.23,62.62,2.0,17.6,0.5980000000000001,53.285,0.351365,59.97,0
66.66,77.89,3.67,29.9,0.662,74.95,0.27484,69.42,1
67.9,33.71125000000001,2.0,18.0,0.8859999999999999,41.20125,0.5036624999999999,45.24,0
82.85,57.77,2.91,19.6,0.35,58.615,0.319445,59.68,0
93.81,57.22,2.78,20.8,0.305,58.52,0.2775399999999999,65.13,1
85.11,65.41,3.64,26.8,0.31,65.69,0.26626,75.99,1
71.27,67.88,3.52,26.8,0.557,73.99000000000001,0.28931,73.02,1
98.63,63.71,2.82,23.0,0.8380000000000001,60.705,0.232235,65.82,1
66.51,63.56,3.31,27.5,0.6940000000000001,62.18,0.3567399999999999,61.36,1
66.87,69.97,2.55,17.5,0.128,61.85,0.33706,65.22,1
94.75,52.26,2.0,17.5,0.185,57.14,0.2928,61.88,1
65.98,62.11,2.89,21.5,0.692,62.415000000000006,0.3625049999999999,62.48,1
92.61,55.75,2.7,26.5,0.245,59.89,0.28264,67.94,1
99.63,63.1,2.07,16.5,0.649,64.96000000000001,0.2172999999999999,68.46,1
89.06,65.56,3.48,28.2,0.11,71.315,0.2331349999999999,71.74,1
75.08,66.6,3.39,20.8,0.5429999999999999,69.55,0.29123,63.66,1
87.58,69.2,2.78,26.2,0.937,64.18,0.2495399999999999,68.42,1
65.86,60.9,2.86,25.2,0.709,56.89,0.38319,64.29,1
85.46,78.24,3.39,26.7,0.4,72.28999999999999,0.20657,74.75,1
98.0,55.13,2.57,23.4,0.5690000000000001,59.2,0.2650099999999999,59.12,0
74.18,64.71,2.87,28.9,0.523,65.52,0.31259,65.55,1
84.59,65.63,3.14,21.5,0.794,71.58,0.2500099999999999,70.46,1
85.88,54.01,2.88,20.1,0.384,57.58,0.32171,63.04,1
96.18,91.85,3.19,20.1,0.308,82.14,0.0933099999999999,79.51,1
95.58,87.62,3.81,26.4,0.919,76.0,0.12682,86.03,1
87.58,68.98,2.97,25.9,0.762,63.835,0.251235,62.88,1
75.39,69.72,3.47,23.5,0.259,69.465,0.280885,70.02,1
86.94,50.45,2.22,14.1,0.917,57.145,0.3294549999999999,56.67,0
97.18,54.2,2.63,17.5,0.8880000000000001,65.125,0.2533049999999999,62.26,1
91.6,71.77,2.65,28.7,0.118,69.655,0.209325,74.87,1
73.94,41.55,3.3,13.7,0.745,47.405,0.4373749999999999,47.68,0
77.22,66.88,3.34,25.3,0.6759999999999999,71.3,0.27658,66.52,1
85.9,67.76,3.09,27.0,0.722,60.245000000000005,0.2723849999999999,67.52,1
83.15,50.74,2.54,20.9,0.662,53.040000000000006,0.3560599999999999,55.43,0
87.18,72.6,3.18,26.9,0.562,69.495,0.2249949999999999,77.68,1
96.03,70.92,2.94,19.6,0.978,67.695,0.200035,69.25,1
91.88,73.41,3.02,24.3,0.903,66.41,0.21302,68.29,1
84.56,54.01,2.83,26.1,0.209,65.145,0.304295,68.78,1
81.51,72.94,3.59,27.0,0.499,69.55,0.24649,66.05,1
72.39,55.6,2.96,25.4,0.529,65.515,0.347095,63.13,1
68.58,55.48,2.26,22.0,0.713,51.03,0.40615,54.72,0
73.84,67.29,2.6,23.9,0.368,59.925,0.3229949999999999,68.76,1
93.82,72.84,3.27,23.1,0.502,79.675,0.167175,71.34,1
67.6,46.37,2.0,18.7,0.122,52.705,0.4323749999999999,59.38,0
99.23,68.77,2.14,26.3,0.724,59.65,0.21782,62.57,1
84.6,62.71,2.43,23.9,0.495,53.155,0.314005,61.71,1
97.64,54.86,2.82,25.0,0.768,57.2,0.2732599999999999,66.3,1
80.5,53.42,2.53,24.5,0.7969999999999999,60.56,0.3360599999999999,57.01,0
95.39,81.61,3.66,29.0,0.928,82.39500000000001,0.1264249999999999,78.21,1
85.73,78.11,3.23,30.8,0.8109999999999999,78.66499999999999,0.186755,71.69,1
71.41,72.87,2.74,23.4,0.8099999999999999,70.53999999999999,0.28413,67.64,1
87.73,57.92,2.69,16.0,0.588,58.69499999999999,0.299235,61.77,1
94.07,70.56,3.41,19.9,0.647,73.155,0.192575,74.14,1
69.4,83.05,3.84,19.8,0.184,74.97,0.24834,73.98,1
81.47,76.46,2.76,21.1,0.786,68.245,0.240005,62.84,1
79.21,57.54,2.53,22.2,0.8619999999999999,56.96,0.33966,59.49,0
90.87,54.04,2.58,14.3,0.8160000000000001,56.595,0.3046149999999999,54.39,0
90.88,60.96,2.65,22.1,0.8390000000000001,55.39,0.28743,59.6,0
87.14,71.9,2.92,20.9,0.293,58.86,0.2591599999999999,71.45,1
68.45,43.57,2.02,21.3,0.6769999999999999,48.74,0.4492699999999999,55.17,0
76.51,82.73,3.48,29.9,0.95,86.06,0.1875899999999999,78.41,1
87.27,71.72,3.52,23.0,0.485,74.9,0.21106,78.56,1
79.17,49.45,3.0,21.4,0.7849999999999999,66.485,0.3355149999999999,68.56,1
77.81,51.34,2.24,25.4,0.762,44.6,0.4009399999999999,62.09,1
81.71,73.07,2.97,28.1,0.771,70.84,0.24143,70.96,1
92.28,57.08,2.6,23.8,0.704,58.545,0.2840049999999999,63.19,1
96.13,42.91,2.04,13.0,0.917,48.645,0.340815,47.55,0
72.7,67.31,3.23,30.9,0.3419999999999999,70.605,0.2954549999999999,75.57,1
65.75,52.14,2.83,21.6,0.121,60.71,0.3984499999999999,65.37,1
84.28,62.63,3.06,24.1,0.725,60.78,0.29265,65.59,1
70.23,54.88,2.71,18.3,0.397,64.58,0.3607,61.53,1
78.31,62.41,2.45,17.0,0.237,62.345,0.312495,64.99,1
69.22,57.87,2.92,24.2,0.659,67.83,0.34602,67.5,1
98.69,81.22,3.82,26.7,0.187,72.83500000000001,0.1430749999999999,72.82,1
79.94,60.7,2.7,24.2,0.6759999999999999,69.33500000000001,0.290135,69.56,1
66.47,66.74,3.33,18.8,0.8320000000000001,67.225,0.332225,59.54,0
91.24,72.7,3.38,27.8,0.55,70.16499999999999,0.206445,72.34,1
97.33,61.21,2.73,18.7,0.5650000000000001,62.49,0.23958,62.97,1
92.19,75.78,3.13,21.4,0.8230000000000001,78.11,0.16957,70.83,1
99.6,63.46,3.42,26.3,0.289,61.785,0.225865,69.12,1
98.98,71.67,3.39,31.8,0.146,75.78,0.1617299999999999,81.18,1
98.06,58.33,2.7,17.8,0.8939999999999999,67.41,0.23054,63.8,1
67.84,69.19,3.74,24.8,0.223,67.33500000000001,0.3190649999999999,70.89,1
87.16,65.45,2.65,23.5,0.212,65.75999999999999,0.25773,64.63,1
99.71,64.21,3.25,17.4,0.97,65.31,0.2126,62.61,1
85.66,75.92,3.26,31.4,0.446,75.625,0.202725,76.5,1
93.65,87.13,4.0,29.7,0.841,86.25,0.1052599999999999,83.91,1
77.56,83.36,4.0,22.8,0.6769999999999999,84.86500000000001,0.1850849999999999,76.98,1
88.92,50.27,2.47,14.9,0.3279999999999999,46.06,0.3553299999999999,53.54,0
99.86,79.2,3.74,20.6,0.8,74.015,0.140915,73.51,1
74.32,72.93,3.51,26.4,0.976,81.83500000000001,0.238425,73.92,1
72.18,77.17,3.57,23.5,0.179,80.41499999999999,0.238525,76.84,1
73.51,72.97,3.51,18.5,0.623,68.0,0.28305,72.14,1
96.94,67.0,3.04,22.4,0.584,62.475,0.223815,61.25,1
90.26,66.43,2.52,25.6,0.454,67.22,0.2380099999999999,75.77,1
74.08,55.42,2.31,16.9,0.432,53.7,0.37632,58.3,0
99.58,83.04,3.45,30.3,0.63,76.9,0.1218599999999999,76.04,1
87.08,73.92,3.32,26.2,0.2339999999999999,64.735,0.235715,74.0,1
89.61,71.94,3.22,29.0,0.157,77.38,0.1936,75.93,1
68.76,66.61,3.1,28.8,0.1389999999999999,69.60499999999999,0.316315,74.17,1
98.1,45.55,2.72,23.8,0.583,46.705,0.330835,59.81,0
70.88,55.21,2.39,21.2,0.333,53.765,0.389555,59.65,0
75.64,64.68,2.97,15.2,0.458,57.83,0.32991,61.52,1
98.31,58.77,2.7,15.3,0.648,56.19,0.2618799999999999,63.33,1
98.69,65.6,2.65,23.0,0.986,74.745,0.184205,69.21,1
84.96,59.68,2.28,23.8,0.5660000000000001,46.625,0.3412449999999999,57.99,0
82.13,61.2,2.69,18.8,0.845,57.82,0.31442,59.56,0
83.37,70.25,3.55,22.2,0.415,80.935,0.2129649999999999,77.02,1
95.18,62.69,3.21,27.8,0.834,70.74,0.2189899999999999,70.71,1
66.66,33.71125000000001,2.0,16.6,0.269,38.63,0.5163362499999999,45.15,0
90.91,66.33,3.19,28.8,0.4349999999999999,67.895,0.233685,64.22,1
90.25,77.6,3.45,24.6,0.984,76.82,0.17574,73.24,1
96.37,53.78,2.87,21.4,0.158,56.51,0.2836499999999999,67.07,1
86.82,55.37,2.48,17.5,0.396,65.295,0.290725,57.68,0
81.15,62.77,2.84,17.8,0.484,65.73,0.2898999999999999,63.47,1
80.16,73.76,3.44,21.2,0.612,71.64,0.24316,68.7,1
81.32,68.79,3.13,22.0,0.7769999999999999,81.485,0.2238949999999999,75.45,1
99.94,61.94,3.52,22.5,0.392,76.775,0.184095,72.76,1
74.61,84.49,3.66,20.0,0.357,81.41,0.20386,77.91,1
81.77,49.99,2.58,26.1,0.693,57.585,0.350195,66.51,1
66.95,63.97,2.67,24.8,0.8210000000000001,56.31,0.3713599999999999,63.24,1
95.08,53.59,2.0,20.8,0.653,52.21,0.30228,61.46,1
93.13,60.85,2.93,28.7,0.503,62.81,0.2565,75.69,1
66.56,44.14,2.12,21.4,0.963,49.44,0.4530199999999999,50.97,0
90.55,73.52,2.91,19.9,0.257,64.08500000000001,0.224985,70.27,1
85.75,73.14,3.68,20.4,0.5660000000000001,79.515,0.199035,69.06,1
85.99,62.79,3.13,22.7,0.995,64.06,0.27549,65.32,1
87.9,56.55,2.89,19.2,0.302,69.71000000000001,0.2696199999999999,67.22,1
83.97,68.66,2.61,23.4,0.519,67.285,0.256285,64.37,1
95.52,71.51,3.12,28.7,0.745,72.565,0.185695,78.12,1
75.53,46.11,2.41,21.2,0.176,58.06,0.3853699999999999,59.52,0
72.84,47.04,2.24,18.1,0.921,54.665,0.4035249999999999,51.51,0
76.13,67.44,2.64,25.6,0.7030000000000001,75.89,0.26549,70.89,1
90.15,56.33,2.59,21.6,0.954,53.995,0.308425,58.39,0
67.38,57.04,2.7,16.3,0.805,58.475,0.383935,57.62,0
97.87,59.98,3.12,16.1,0.583,64.255,0.235815,62.43,1
78.04,65.71,3.34,21.9,0.208,70.06,0.2805299999999999,67.56,1
67.5,54.17,2.52,17.1,0.432,46.94,0.42667,57.6,0
69.94,74.91,3.31,30.6,0.413,78.89,0.25884,75.74,1
66.26,43.01,2.76,25.1,0.271,60.370000000000005,0.42482,60.67,1
71.43,68.24,2.83,19.4,0.7150000000000001,68.17,0.3050499999999999,64.06,1
84.83,57.32,2.85,24.0,0.756,59.62,0.30986,63.84,1
74.47,59.16,2.31,25.3,0.394,60.150000000000006,0.34419,62.6,1
90.18,65.16,3.36,26.5,0.932,66.68,0.2437599999999999,72.22,1
89.72,75.89,3.29,18.5,0.194,82.955,0.164585,75.55,1
98.34,75.13,3.49,30.6,0.265,69.75,0.172,82.06,1
95.57,64.62,2.91,17.4,0.932,63.355,0.233795,65.76,1
92.79,64.78,3.19,25.3,0.106,70.69,0.22243,74.6,1
97.29,63.97,3.16,26.0,0.6849999999999999,72.03999999999999,0.20281,72.79,1
95.11,52.0,2.0,16.6,0.655,52.545,0.305925,56.22,0
65.79,51.72,2.5,20.0,0.3279999999999999,53.565,0.420985,56.73,0
87.01,53.24,2.25,17.0,0.851,54.175,0.329715,58.46,0
81.59,80.36,4.0,23.1,0.716,90.62125,0.1606962499999999,83.17,1
76.09,54.23,2.72,25.9,0.5690000000000001,62.67,0.34494,66.71,1
88.58,57.23,3.27,24.7,0.532,68.83500000000001,0.267485,68.04,1
93.1,33.73,2.0,12.2,0.991,36.11687500000001,0.418059375,44.03,0
71.21,45.53,2.64,22.9,0.875,54.365,0.415475,52.86,0
70.7,66.91,3.11,20.2,0.994,67.52,0.3139099999999999,64.9,1
97.77,69.06,3.35,21.5,0.354,68.52,0.19618,72.38,1
91.21,68.69,3.22,26.8,0.755,72.87,0.21048,76.52,1
70.5,58.98,2.33,18.4,0.568,57.3,0.36916,56.65,0
75.66,64.08,3.01,26.7,0.8460000000000001,59.120000000000005,0.3277599999999999,61.41,1
65.03,63.45,3.33,19.4,0.747,60.985,0.366575,59.55,0
70.34,63.99,2.55,19.3,0.416,59.48,0.3482299999999999,63.01,1
73.0,56.55,2.95,27.6,0.827,63.59,0.3475799999999999,60.2,1
74.2,45.57,2.18,14.6,0.349,42.31,0.43956,52.49,0
77.81,54.42,2.04,15.1,0.501,54.675,0.361475,62.06,1
80.79,55.66,3.63,21.2,0.783,63.015,0.3208149999999999,62.45,1
82.83,50.28,2.55,14.3,0.306,56.745,0.347605,60.16,1
90.96,57.6,3.31,16.4,0.198,58.91,0.28663,60.03,1
69.12,47.33,2.2,25.0,0.466,57.9,0.40783,60.25,1
65.87,56.01,2.85,16.1,0.4519999999999999,61.25,0.38474,57.66,0
69.89,62.57,2.08,17.8,0.151,48.58,0.38699,56.0,0
70.69,64.53,3.09,21.3,0.857,63.745000000000005,0.332415,60.5,1
73.44,59.52,3.52,22.7,0.404,71.45,0.31333,62.01,1
81.57,76.53,3.12,24.5,0.988,62.17,0.25762,63.91,1
84.36,33.71125000000001,2.51,25.0,0.8539999999999999,44.675,0.42740125,44.52,0
68.81,84.68,3.56,31.2,0.5469999999999999,71.435,0.2564149999999999,73.93,1
93.62,54.07,2.15,24.1,0.479,63.635,0.2724049999999999,67.54,1
83.45,52.82,2.55,28.5,0.483,62.385000000000005,0.3205849999999999,63.38,1
66.67,52.7,3.12,14.8,0.293,55.865,0.4076249999999999,53.76,0
73.5,46.31,2.13,17.7,0.16,54.47,0.40366,60.89,1
69.0,58.61,2.25,20.1,0.492,56.34,0.37915,58.53,0
98.66,56.08,3.0,20.6,0.591,60.16,0.25664,64.03,1
91.64,48.33,2.19,12.0,0.836,51.48,0.33401,56.29,0
98.52,58.23,2.6,21.2,0.532,62.255,0.244465,62.3,1
78.28,59.28,2.96,26.8,0.754,63.870000000000005,0.31743,62.61,1
91.59,69.89,2.91,23.9,0.492,61.925,0.238195,69.81,1
69.81,41.6,2.59,13.6,0.958,53.19,0.4363899999999999,48.19,0
77.09,76.68,3.34,19.2,0.8640000000000001,75.045,0.236465,71.43,1
82.49,68.72,3.05,24.7,0.263,60.525,0.282305,66.76,1
92.77,70.12,3.14,23.7,0.43,67.72999999999999,0.21537,76.13,1
67.96,56.73,2.86,26.5,0.394,56.39,0.3888,50.31,0
94.88,65.05,2.68,24.9,0.309,60.275,0.244505,68.75,1
82.04,73.76,2.71,25.0,0.444,69.38,0.2424199999999999,70.05,1
77.06,41.52,2.76,22.6,0.483,56.57,0.3974899999999999,57.79,0
76.89,73.09,2.93,19.6,0.245,57.93,0.29938,65.91,1
79.92,57.67,2.66,20.2,0.917,48.025000000000006,0.363235,54.06,0
78.52,55.44,2.78,24.9,0.388,61.98,0.33366,59.53,0
77.11,62.27,3.17,19.8,0.449,60.650000000000006,0.3228,64.56,1
85.37,55.57,3.37,27.6,0.324,73.82,0.27035,70.26,1
70.91,66.9,2.57,19.3,0.311,65.33,0.31967,63.85,1
70.42,66.04,2.62,20.9,0.805,56.13,0.3518099999999999,59.31,0
92.2,55.62,2.61,20.1,0.387,57.1,0.29304,59.24,0
82.1,68.25,2.89,20.6,0.926,64.58500000000001,0.273095,67.9,1
78.47,74.09,3.51,21.3,0.3359999999999999,77.495,0.231365,76.52,1
96.27,82.33,3.28,24.1,0.482,77.765,0.134635,82.13,1
87.17,71.95,3.48,30.2,0.428,74.695,0.211385,73.99,1
95.38,70.57,3.63,20.5,0.112,78.08000000000001,0.17253,74.17,1
72.31,66.97,3.23,24.8,0.865,68.44,0.30453,63.86,1
89.5,81.04,3.65,24.8,0.2779999999999999,76.3,0.1699799999999999,77.78,1
65.56,77.2,3.12,27.3,0.1149999999999999,61.21,0.3225299999999999,62.66,1
91.72,60.09,2.66,25.2,0.614,63.08,0.26361,68.23,1
84.44,65.15,2.84,25.2,0.487,64.58,0.27305,62.85,1
84.74,68.37,3.09,19.3,0.174,65.02000000000001,0.2608699999999999,72.36,1
67.99,68.93,2.64,23.9,0.13,60.06,0.34107,70.33,1
83.16,62.55,3.41,23.4,0.553,72.92,0.26095,73.23,1
79.51,74.19,2.99,27.0,0.666,71.68,0.2443499999999999,67.62,1
85.04,73.29,3.01,22.8,0.8109999999999999,66.995,0.2389849999999999,62.14,1
77.21,64.86,2.91,27.2,0.766,61.685,0.311525,66.09,1
94.81,60.7,2.89,21.0,0.996,68.215,0.2340149999999999,68.79,1
70.77,58.03,2.46,22.7,0.954,49.475,0.394405,62.82,1
95.47,53.4,2.48,13.6,0.356,56.245000000000005,0.289185,58.61,0
77.29,79.03,3.92,21.1,0.6980000000000001,82.72999999999999,0.20556,75.64,1
97.33,70.88,2.97,23.4,0.354,55.105,0.232725,63.58,1
85.55,88.19,3.04,28.5,0.8130000000000001,70.475,0.181805,77.69,1
65.36,59.66,3.07,18.8,0.239,62.705,0.371465,62.47,1
80.0,49.47,3.02,22.5,0.851,54.115,0.369245,52.3,0
92.92,89.29,4.0,32.9,0.841,85.715,0.1033049999999999,79.12,1
86.0,61.24,2.64,24.7,0.671,67.925,0.268505,65.41,1
71.69,70.2,3.11,30.3,0.954,63.075,0.3134149999999999,63.23,1
65.45,40.15,2.04,20.6,0.417,41.53,0.49316,45.55,0
85.92,52.78,2.62,20.0,0.617,62.15,0.31153,57.75,0
70.07,80.96,3.82,28.7,0.679,79.39,0.23867,75.48,1
77.24,60.29,3.0,26.3,0.13,50.865,0.3575750000000001,60.68,1
88.66,61.52,2.97,20.7,0.602,66.56,0.2611199999999999,65.65,1
74.7,45.15,2.02,17.8,0.663,43.89,0.4340799999999999,47.97,0
66.62,60.02,3.52,20.5,0.161,57.620000000000005,0.3805999999999999,61.56,1
70.76,81.47,4.0,34.0,0.912,86.51,0.2130199999999999,83.53,1
97.98,53.61,2.35,25.0,0.579,52.7,0.28915,62.5,1
67.23,57.54,2.9,16.9,0.233,49.485,0.4100049999999999,54.87,0
89.85,56.94,2.12,17.3,0.251,50.56,0.3181,60.22,1
78.15,59.07,3.77,19.5,0.271,69.495,0.3017049999999999,71.1,1
82.37,47.83,2.0,22.9,0.772,55.875,0.359405,59.19,0
81.53,66.39,3.33,28.1,0.786,66.935,0.2739049999999999,74.62,1
94.41,68.43,3.23,26.3,0.2,62.63,0.22918,76.8,1
96.02,57.07,2.43,26.7,0.995,58.37,0.2696,60.46,1
89.88,45.51,2.95,15.9,0.858,56.17,0.33544,50.72,0
94.94,66.6,3.27,19.8,0.118,64.655,0.226475,64.55,1
89.91,86.64,3.63,25.5,0.665,76.55,0.15079,74.65,1
75.97,77.45,3.43,20.3,0.55,78.83,0.22728,70.76,1
98.04,71.47,2.64,23.7,0.939,60.97,0.2105199999999999,68.81,1
70.41,48.52,2.14,15.8,0.671,42.675,0.4447750000000001,47.79,0
91.75,72.61,2.96,17.2,0.316,62.715,0.227025,68.79,1
89.87,65.54,3.11,24.5,0.497,71.745,0.2286649999999999,64.25,1
96.08,45.62,2.77,15.3,0.752,60.19500000000001,0.298235,51.52,0
74.65,50.85,2.03,17.8,0.731,56.23,0.38016,57.5,0
94.52,77.29,3.33,31.6,0.852,82.75,0.1418,80.46,1
93.7,70.12,3.16,16.7,0.771,61.045,0.2317049999999999,65.44,1
91.57,61.59,2.13,15.4,0.646,57.055,0.277785,70.25,1
68.01,63.01,3.43,22.4,0.867,71.86500000000001,0.3233349999999999,64.64,1
83.57,52.05,2.25,14.5,0.6990000000000001,61.68,0.32453,66.19,1
78.29,61.61,2.98,22.9,0.365,55.21,0.3363799999999999,65.45,1
93.15,49.02,2.43,13.7,0.1159999999999999,52.96,0.32146,61.45,1
94.96,66.43,2.98,27.3,0.154,54.405,0.2576549999999999,68.73,1
74.59,42.06,2.78,25.4,0.323,52.900000000000006,0.4167599999999999,54.34,0
82.04,65.62,3.52,27.4,0.877,59.765,0.2956849999999999,65.76,1
89.1,47.56,2.63,14.2,0.134,55.725,0.3337449999999999,58.47,0
74.32,57.67,2.63,24.1,0.47,52.07,0.3735,57.85,0
88.82,75.23,3.94,21.4,0.437,82.065,0.172835,77.16,1
81.67,77.18,3.41,29.4,0.955,72.16,0.2252999999999999,77.02,1
74.62,80.91,3.54,31.4,0.5559999999999999,76.715,0.228645,73.62,1
84.84,71.16,3.82,20.5,0.8130000000000001,72.595,0.229375,66.65,1
82.33,63.73,3.43,26.7,0.941,75.07,0.25428,68.53,1
97.78,59.36,2.99,18.8,0.407,68.425,0.225525,73.62,1
85.98,86.19,3.37,25.4,0.261,77.52000000000001,0.1649499999999999,81.43,1
76.82,69.96,3.26,28.1,0.6849999999999999,64.92,0.28808,67.07,1
82.67,76.42,3.45,19.4,0.477,73.19999999999999,0.22046,70.56,1
91.8,48.47,2.0,18.8,0.5389999999999999,53.74,0.32617,51.26,0
77.54,60.86,2.72,26.8,0.504,53.495000000000005,0.3467749999999999,65.32,1
96.79,76.96,3.43,28.6,0.259,78.45500000000001,0.1465949999999999,82.74,1
74.61,62.17,2.59,16.9,0.494,62.66,0.32707,62.54,1
87.09,56.5,2.5,18.3,0.902,61.815,0.296695,66.1,1
89.29,65.27,3.04,27.2,0.454,74.32499999999999,0.224055,72.73,1
96.42,78.03,3.25,20.2,0.282,75.92,0.15247,72.24,1
96.59,75.39,3.14,21.9,0.867,70.64,0.1755499999999999,69.9,1
97.57,67.42,3.64,28.0,0.6559999999999999,65.41,0.21123,70.76,1
72.91,72.12,3.36,29.2,0.639,74.14,0.26958,72.77,1
85.81,64.8,2.0,24.1,0.409,51.715,0.307215,56.86,0
99.45,80.77,3.95,27.6,0.499,84.105,0.1075749999999999,79.57,1
92.22,68.97,3.05,27.5,0.591,69.97,0.2143,69.26,1
83.24,60.25,2.09,20.8,0.436,50.45,0.33494,60.16,1
78.61,78.8,3.45,18.5,0.415,77.685,0.216105,72.07,1
90.6,80.78,4.0,22.2,0.389,86.325,0.136285,79.5,1
88.65,66.79,3.3,23.9,0.4559999999999999,74.695,0.2209449999999999,72.05,1
82.27,43.22,2.03,20.7,0.3319999999999999,53.63,0.38037,59.83,0
98.7,64.45,3.61,31.4,0.686,77.3,0.1799499999999999,79.64,1
99.6,59.56,3.02,28.0,0.2009999999999999,68.82,0.21646,69.02,1
92.56,58.78,2.76,26.5,0.279,61.49,0.2689499999999999,65.42,1
67.31,58.78,2.72,22.8,0.73,62.63,0.3665299999999999,63.91,1
98.37,55.7,2.64,25.5,0.1129999999999999,58.615,0.263575,69.65,1
66.97,40.81,2.74,25.4,0.593,51.51,0.45516,53.46,0
73.84,57.15,2.43,24.1,0.29,61.735,0.347985,68.88,1
86.04,61.74,2.46,17.6,0.122,48.21,0.3259899999999999,59.44,0
97.58,66.75,3.92,29.7,0.223,84.61500000000001,0.1555849999999999,80.08,1
98.68,49.68,2.0,20.9,0.444,51.44,0.3019199999999999,55.04,0
80.78,49.38,2.0,17.3,0.629,53.915,0.366995,53.5,0
73.2,64.49,3.21,18.8,0.101,65.3,0.31783,58.14,0
78.87,50.22,2.53,25.6,0.155,51.54,0.37924,59.14,0
71.72,72.13,2.9,17.4,0.741,63.99,0.30476,64.15,1
99.56,73.14,3.46,27.3,0.239,76.22,0.1536799999999999,83.28,1
85.88,72.55,3.7,19.9,0.945,76.53,0.20924,68.59,1
94.64,41.33,2.22,18.9,0.671,44.12125,0.3650862499999999,53.58,0
75.29,64.73,3.29,22.1,0.721,59.94,0.3248299999999999,66.83,1
67.52,50.31,2.37,22.9,0.143,66.47,0.37958,58.62,0
95.93,71.24,2.62,28.6,0.299,72.47,0.18515,77.43,1
82.53,66.1,2.74,17.7,0.1169999999999999,68.745,0.265345,66.44,1
68.35,71.01,3.12,17.1,0.485,63.85,0.32202,66.21,1
95.35,67.31,3.28,17.1,0.753,69.33,0.20868,65.5,1
71.18,73.57,3.46,32.0,0.564,76.64500000000001,0.2646349999999999,75.58,1
75.19,68.2,3.29,22.4,0.476,70.005,0.284625,68.08,1
95.15,60.92,2.77,25.1,0.193,60.05,0.25649,71.43,1
99.79,76.48,2.76,30.0,0.421,80.85,0.12885,82.67,1
97.23,63.64,2.45,18.4,0.5549999999999999,65.87,0.2225499999999999,65.93,1
86.45,37.92,2.19,16.9,0.263,51.83,0.3849499999999999,57.32,0
65.27,36.97,2.0,18.0,0.633,46.44,0.48869,43.84875,0
65.55,42.64,2.0,18.9,0.293,41.645,0.484945,48.18,0
89.2,61.12,2.25,22.6,0.172,58.455,0.284475,66.47,1
67.82,71.5,3.02,25.0,0.105,62.25,0.32747,66.47,1
88.44,94.50125,4.0,22.5,0.198,90.62,0.09087625,85.82,1
65.68,75.96,3.53,22.0,0.783,70.13499999999999,0.298995,67.22,1
76.92,65.72,3.18,29.8,0.861,70.17,0.2846499999999999,70.71,1
78.73,50.59,2.3,21.7,0.454,48.03,0.3892199999999999,60.25,1
94.77,57.96,2.63,26.8,0.935,59.285,0.269185,68.56,1
75.35,63.59,2.69,28.4,0.2319999999999999,68.49000000000001,0.30236,67.72,1
76.02,66.83,2.51,28.1,0.262,66.535,0.295825,66.97,1
66.86,86.2,4.0,33.6,0.36,83.945,0.222125,82.96,1
96.2,81.58,3.2,22.3,0.599,81.87,0.1248499999999999,79.37,1
79.41,66.22,2.64,28.0,0.42,59.465,0.305305,68.96,1
71.32,65.37,3.47,26.9,0.724,76.625,0.288735,66.71,1
79.05,42.62,2.88,13.8,0.769,55.06,0.39076,52.57,0
77.7,74.34,3.47,31.7,0.649,77.215,0.234535,76.24,1
79.28,69.41,2.42,17.6,0.791,60.55,0.293,66.1,1
91.86,63.35,3.19,24.0,0.898,57.055,0.2713449999999999,59.51,0
80.42,77.18,2.78,27.3,0.796,73.265,0.2269849999999999,76.73,1
68.98,75.43,3.35,23.4,0.601,78.245,0.263055,74.97,1
89.29,69.53,3.2,29.9,0.597,65.75,0.2369999999999999,69.0,1
98.77,87.87,3.76,32.2,0.5549999999999999,81.35,0.09726,78.63,1
78.45,75.77,3.75,21.4,0.76,78.09,0.22462,72.41,1
92.31,64.73,3.54,24.7,0.136,71.855,0.2210049999999999,74.36,1
73.3,45.16,2.0,23.2,0.956,39.885000000000005,0.451665,49.86,0
66.31,72.68,3.3,27.6,0.961,64.00999999999999,0.32469,65.54,1
91.3,70.01,2.94,25.9,0.817,68.17,0.2202599999999999,72.28,1
88.96,57.89,3.18,20.5,0.7849999999999999,67.11500000000001,0.269145,65.75,1
79.03,59.14,3.1,15.6,0.826,55.955,0.338595,53.87,0
78.47,58.16,2.85,14.9,0.271,60.025,0.331565,56.89,0
84.57,86.76,3.6,27.7,0.44,82.435,0.154135,81.89,1
97.5,59.41,2.29,20.4,0.651,61.435,0.247465,60.16,1
79.79,49.03,2.5,22.5,0.308,61.89,0.3480799999999999,65.88,1
81.74,54.87,2.0,13.2,0.764,56.24,0.33971,63.54,1
81.39,58.29,2.46,20.1,0.8,59.86,0.31999,60.66,1
67.44,82.78,4.0,24.5,0.266,79.25999999999999,0.24412,75.66,1
82.51,60.32,2.74,26.8,0.851,64.095,0.296715,65.75,1
66.32,75.6,3.19,24.5,0.623,65.755,0.310655,69.71,1
98.63,39.47,2.0,22.0,0.182,47.365,0.344975,57.57,0
77.09,61.45,2.32,20.5,0.624,64.155,0.3148249999999999,67.02,1
69.72,45.73,2.39,24.5,0.3279999999999999,44.835,0.4494249999999999,52.68,0
80.2,73.6,3.32,19.2,0.517,69.46000000000001,0.2500199999999999,72.96,1
91.67,54.66,2.97,17.8,0.986,53.265,0.309545,56.98,0
69.67,58.47,3.68,21.3,0.454,59.620000000000005,0.36705,62.27,1
99.0,84.7,3.95,23.4,0.107,83.735,0.0986949999999999,86.0,1
82.26,55.51,2.68,21.3,0.7969999999999999,67.775,0.3011049999999999,63.07,1
97.37,83.4,4.0,31.8,0.3419999999999999,83.32,0.1103599999999999,87.97875000000002,1
83.09,64.52,3.14,30.9,0.763,77.49000000000001,0.2416099999999999,65.71,1
73.58,89.2,3.54,32.3,0.395,89.66499999999999,0.169085,84.09,1
92.37,69.92,2.77,19.3,0.941,69.68,0.2117199999999999,68.0,1
72.35,68.15,3.24,26.5,0.419,62.995000000000005,0.317165,65.42,1
84.28,66.89,3.31,26.9,0.8789999999999999,77.325,0.230235,70.31,1
98.45,69.99,3.22,27.3,0.926,82.63499999999999,0.148325,78.84,1
65.26,46.01,2.54,23.7,0.8859999999999999,49.88,0.4512899999999999,47.28,0
66.73,64.93,3.48,21.9,0.752,65.145,0.3428549999999999,63.66,1
95.95,67.94,2.04,24.3,0.523,65.86,0.2147999999999999,72.57,1
90.09,69.22,3.46,18.1,0.625,66.595,0.2321949999999999,69.74,1
88.7,65.07,2.85,19.6,0.319,64.625,0.256115,73.22,1
85.41,89.57,3.86,33.0,0.884,84.69999999999999,0.13555,80.07,1
95.7,68.17,3.33,23.8,0.73,75.675,0.1856649999999999,70.78,1
95.01,73.27,2.87,28.6,0.836,75.145,0.1747149999999999,69.04,1
68.22,70.42,2.25,28.7,0.5690000000000001,60.02,0.3358,66.3,1
68.43,67.89,2.49,14.7,0.949,56.935,0.3518049999999999,52.6,0
80.41,47.75,2.02,19.9,0.428,47.105,0.393795,54.87,0
79.92,64.07,2.97,21.8,0.2009999999999999,61.465,0.303715,68.2,1
96.01,55.66,2.34,16.9,0.6980000000000001,57.205,0.277365,60.5,1
87.75,87.19,3.85,21.9,0.185,81.035,0.144325,82.2,1
76.86,56.66,2.83,25.1,0.99,64.15,0.33013,65.83,1
81.12,78.18,3.4,28.0,0.8720000000000001,71.825,0.2255049999999999,68.23,1
81.39,66.83,3.06,28.8,0.686,62.695,0.285865,67.48,1
85.22,56.89,2.42,22.1,0.41,51.785,0.333095,55.82,0
73.76,61.14,2.64,27.5,0.734,65.46000000000001,0.32516,63.46,1
89.16,62.2,2.6,16.1,0.646,51.34,0.30274,57.68,0
89.97,83.16,4.0,22.7,0.38,82.59,0.14287,83.39,1
90.29,58.78,2.52,24.7,0.769,62.45,0.2751499999999999,64.05,1
82.97,72.78,3.24,20.4,0.377,66.565,0.250085,69.45,1
86.77,68.01,2.71,21.3,0.869,65.555,0.252225,69.85,1
67.31,54.62,2.59,15.3,0.601,50.505,0.415385,58.58,0
94.83,57.79,2.92,26.0,0.917,58.675,0.271285,61.82,1
91.84,58.89,2.81,22.3,0.383,55.385,0.289815,61.41,1
83.2,46.14,2.55,12.4,0.883,49.3,0.3808799999999999,58.58,0
76.44,64.81,2.83,21.6,0.6519999999999999,63.30500000000001,0.309895,68.1,1
65.36,80.3,3.24,28.4,0.297,74.00999999999999,0.27563,77.22,1
65.34,59.58,2.16,25.3,0.765,58.135,0.3854949999999999,62.68,1
74.79,53.1,2.81,27.7,0.841,63.155,0.3520749999999999,63.23,1
69.08,64.31,3.0,24.9,0.737,70.355,0.319685,66.03,1
94.31,66.52,3.24,28.0,0.249,66.575,0.2234749999999999,74.0,1
86.96,45.08,2.58,24.0,0.523,61.125,0.333545,62.21,1
95.78,57.73,2.42,23.6,0.738,57.335,0.271685,63.59,1
68.91,73.1,3.33,27.5,0.6599999999999999,64.99,0.3100900000000001,70.07,1
88.26,67.41,2.99,27.8,0.399,70.575,0.233005,71.46,1
70.4,58.84,2.5,23.0,0.956,52.05,0.3857299999999999,53.93,0
89.97,70.59,3.16,21.6,0.987,69.68,0.2193099999999999,68.78,1
94.91,79.97,3.12,26.7,0.318,74.7,0.15635,82.33,1
87.25,54.18,3.44,23.8,0.434,68.475,0.283035,69.0,1
71.92,63.85,2.68,19.4,0.198,53.835,0.3592649999999999,62.53,1
97.58,66.84,3.36,30.2,0.1169999999999999,77.9,0.17546,73.34,1
96.78,64.85,2.97,20.3,0.5519999999999999,62.47,0.23092,65.34,1
71.35,74.07,2.93,25.4,0.575,71.475,0.2779650000000001,65.15,1
86.97,70.61,3.71,27.0,0.172,79.22999999999999,0.2026,75.99,1
71.98,64.76,3.61,22.2,0.722,62.93000000000001,0.3290099999999999,64.96,1
88.19,68.91,2.88,28.6,0.357,64.14,0.2480899999999999,71.02,1
92.6,65.45,3.51,26.5,0.133,72.62,0.21539,71.51,1
75.13,64.18,2.6,17.3,0.959,63.055,0.317775,59.84,0
87.8,60.74,2.07,16.4,0.38,64.39,0.27341,62.7,1
83.59,55.24,2.61,21.4,0.294,59.24,0.3222,60.16,1
65.47,94.50125,4.0,24.9,0.404,86.84,0.1940962499999999,83.1,1
96.89,51.08,2.72,22.7,0.567,64.745,0.2649649999999999,62.08,1
97.87,78.72,3.28,26.2,0.919,72.185,0.1558049999999999,72.65,1
91.95,58.76,3.2,19.9,0.101,58.89,0.27925,66.28,1
91.23,54.9,2.22,18.2,0.73,60.725,0.288205,59.98,0
97.33,56.83,2.58,15.5,0.161,52.34,0.28317,59.57,0
73.12,76.78,3.23,29.7,0.21,72.41499999999999,0.259935,71.78,1
92.51,56.36,2.42,15.3,0.194,58.7,0.28478,65.36,1
77.42,54.63,2.61,14.6,0.995,50.155,0.375965,57.4,0
75.98,68.3,3.36,24.8,0.929,69.58000000000001,0.2824399999999999,66.41,1
85.84,69.93,2.71,28.3,0.408,59.375,0.2687249999999999,68.08,1
72.11,63.71,2.71,27.0,0.224,56.075,0.352205,65.92,1
84.52,51.7,2.42,22.6,0.497,58.33,0.33183,58.17,0
80.37,60.79,3.28,21.9,0.6839999999999999,67.28,0.2943099999999999,66.35,1
97.57,51.11,2.49,20.4,0.149,59.815,0.276945,57.08,0
72.26,65.02,2.69,27.1,0.515,71.455,0.301535,67.57,1
72.88,53.53,2.65,21.7,0.8630000000000001,55.03,0.3828,60.6,1
70.29,66.11,3.05,26.5,0.208,65.925,0.322735,73.86,1
90.89,42.51,2.0,19.2,0.179,41.6,0.38411,52.85,0
65.16,38.05,2.0,14.3,0.108,40.94125,0.50238625,43.84875,0
77.19,63.86,2.28,16.5,0.353,64.95,0.30481,62.07,1
81.21,50.84,2.77,15.4,0.946,57.92,0.3488799999999999,60.78,1
74.59,67.3,2.8,28.4,0.252,62.045,0.313605,66.82,1
97.81,48.9,2.23,17.6,0.947,54.56999999999999,0.29835,60.28,1
72.4,83.44,3.44,24.2,0.102,75.805,0.2326649999999999,77.32,1
79.78,82.63,4.0,23.1,0.388,77.21000000000001,0.2013599999999999,78.09,1
80.92,45.53,2.76,18.8,0.362,43.91,0.408,51.35,0
75.9,37.93,2.99,22.7,0.645,54.425,0.4193349999999999,55.84,0
66.46,54.97,2.88,24.3,0.1639999999999999,59.625,0.390375,61.13,1
75.25,50.11,2.6,17.7,0.8779999999999999,44.945,0.4138349999999999,51.74,0
89.86,62.3,2.2,25.5,0.38,54.035,0.291555,66.6,1
91.25,57.89,2.76,17.9,0.8779999999999999,72.995,0.2423449999999999,61.47,1
94.6,45.19,2.87,20.1,0.217,63.39,0.29586,57.09,0
99.99,70.55,3.16,21.0,0.8800000000000001,71.65,0.17344,65.58,1
94.35,68.84,2.79,25.8,0.259,62.705,0.227965,68.62,1
66.71,53.82,2.0,13.9,0.843,47.825,0.4282249999999999,49.04,0
74.7,60.69,2.09,20.1,0.519,48.265,0.374335,54.57,0
69.28,66.0,3.08,27.6,0.465,69.265,0.3170849999999999,62.77,1
93.19,71.09,3.24,18.0,0.348,66.6,0.21417,70.46,1
82.67,56.92,2.4,18.0,0.253,50.625,0.3466849999999999,58.02,0
97.28,56.47,2.78,16.9,0.1,61.71000000000001,0.2563399999999999,69.34,1
72.47,44.61,2.2,22.7,0.602,55.315,0.410345,53.75,0
65.36,58.27,2.72,23.4,0.7769999999999999,66.25999999999999,0.36497,66.92,1
82.76,75.42,3.05,28.8,0.273,82.08,0.1964599999999999,80.95,1
74.04,72.46,3.84,29.4,0.788,77.265,0.254665,68.93,1
99.69,67.76,3.05,25.7,0.225,64.58,0.2042199999999999,70.29,1
82.91,51.39,2.8,18.8,0.937,60.17,0.33368,60.0,1
89.99,68.02,2.94,21.2,0.377,66.905,0.235265,69.75,1
65.05,65.62,2.0,24.8,0.16,51.27,0.38913,55.7,0
88.69,64.1,2.93,18.0,0.366,61.11,0.26961,62.75,1
77.76,70.94,3.12,26.4,0.2799999999999999,71.49,0.2616699999999999,69.82,1
71.37,74.16,3.8,29.8,0.8619999999999999,75.19999999999999,0.26644,78.36,1
87.37,84.03,3.75,26.2,0.949,83.955,0.1465649999999999,80.43,1
67.16,60.05,2.88,20.8,0.213,59.02,0.37415,59.71,0
70.61,51.97,2.23,13.4,0.4269999999999999,46.495000000000005,0.4221649999999999,49.03,0
80.2,76.13,3.61,28.1,0.186,68.095,0.246525,75.57,1
99.31,87.09,4.0,30.1,0.298,81.53,0.0968999999999999,84.23,1
76.67,62.57,2.33,17.0,0.947,54.875,0.340985,56.76,0
80.4,81.62,3.11,28.2,0.736,76.775,0.2032149999999999,71.64,1
84.24,55.89,2.04,13.7,0.961,59.045,0.3182349999999999,58.01,0
87.44,42.76,2.82,17.5,0.875,60.455,0.340595,55.17,0
67.48,50.91,3.35,21.7,0.98,56.445,0.408015,58.18,0
94.7,64.15,2.78,25.1,0.923,60.605,0.2469349999999999,69.45,1
81.33,70.27,3.08,25.4,0.575,58.455,0.288505,58.99,0
89.08,61.49,3.54,22.7,0.491,64.6,0.26541,68.69,1
91.34,73.35,2.5,20.8,0.289,66.80000000000001,0.2141899999999999,68.46,1
85.48,57.56,3.16,28.0,0.985,63.34,0.29538,60.05,1
69.74,75.92,3.69,30.0,0.161,82.15,0.24683,77.65,1
87.15,59.88,2.94,16.3,0.638,56.8,0.3013599999999999,64.04,1
77.04,45.47,2.8,17.5,0.183,59.8,0.3760299999999999,64.05,1
98.29,50.48,2.46,15.4,0.241,57.205,0.2837849999999999,59.69,0
81.4,69.74,2.96,20.3,0.76,69.255,0.257415,67.68,1
90.91,63.78,2.51,15.4,0.125,66.46000000000001,0.24564,61.43,1
73.76,54.42,2.39,21.4,0.583,48.52,0.39614,51.1,0
76.77,52.02,2.93,23.0,0.131,53.855,0.375295,55.6,0
96.93,56.0,2.7,26.7,0.3319999999999999,66.845,0.243745,71.17,1
86.26,59.37,2.82,27.3,0.516,63.92,0.28509,62.63,1
85.53,76.16,3.4,27.8,0.799,72.86,0.21082,70.0,1
83.97,59.56,2.52,18.0,0.558,53.290000000000006,0.3255699999999999,59.51,0
92.46,85.77,3.55,23.3,0.437,72.59,0.15508,73.69,1
94.19,68.09,3.33,23.4,0.7110000000000001,68.42500000000001,0.2136949999999999,66.62,1
99.4,33.71125000000001,2.0,13.2,0.6799999999999999,41.815,0.37582125,49.73,0
75.75,71.39,2.5,28.3,0.321,62.685,0.294775,74.77,1
66.8,60.74,3.2,27.9,0.5740000000000001,73.595,0.329795,66.56,1
79.25,52.98,2.67,24.1,0.1679999999999999,58.535,0.348455,62.51,1
67.43,58.63,3.18,18.8,0.8710000000000001,60.85,0.3718399999999999,58.03,0
94.66,52.98,2.23,20.7,0.132,54.14,0.3,63.14,1
90.76,78.22,2.94,20.4,0.156,66.11,0.2039699999999999,78.01,1
82.72,48.9,2.79,17.0,0.844,55.855,0.354855,58.18,0
91.61,83.76,4.0,21.4,0.469,89.455,0.1139149999999999,85.2,1
73.27,64.68,2.91,27.7,0.963,63.775,0.321555,62.61,1
81.11,82.88,4.0,22.5,0.999,70.11500000000001,0.216575,74.21,1
86.71,33.71125000000001,2.17,19.9,0.756,43.075,0.4228012499999999,52.2,0
87.8,69.22,2.44,17.5,0.683,70.795,0.228755,70.62,1
89.43,45.83,2.57,24.7,0.1169999999999999,53.955,0.342925,60.79,1
65.76,67.12,2.97,20.6,0.725,60.975,0.3526749999999999,56.85,0
82.82,65.23,2.99,28.7,0.509,64.38,0.27989,72.08,1
88.41,58.81,2.81,21.2,0.7769999999999999,65.83500000000001,0.272425,65.66,1
84.5,56.17,3.18,21.5,0.915,55.48,0.32705,61.29,1
83.96,68.63,3.37,26.8,0.111,76.9,0.22757,69.21,1
82.17,42.55,2.64,15.7,0.624,48.11,0.39934,53.11,0
95.13,54.83,2.0,20.9,0.462,44.785,0.320635,60.21,1
90.3,88.03,3.24,28.8,0.239,73.235,0.155005,80.45,1
91.1,70.29,3.14,25.2,0.1669999999999999,68.975,0.217805,74.75,1
81.59,62.29,2.58,17.0,0.192,59.99,0.3068,60.73,1
85.49,67.93,2.54,27.5,0.661,61.42,0.2699899999999999,66.59,1
99.67,54.91,2.77,21.6,0.8320000000000001,60.815,0.254145,65.22,1
85.97,53.27,3.3,24.5,0.4269999999999999,73.05,0.27716,68.66,1
66.51,83.02,3.25,26.8,0.267,75.75999999999999,0.25762,75.19,1
99.41,74.78,2.99,17.2,0.422,69.97,0.16811,66.2,1
89.24,64.92,2.56,19.9,0.146,57.935,0.2744749999999999,62.8,1
73.44,58.61,2.62,28.0,0.587,65.82,0.33295,64.77,1
81.8,53.49,2.26,20.7,0.2759999999999999,58.005,0.338315,65.27,1
98.94,72.93,3.19,28.4,0.78,69.125,0.1780749999999999,78.6,1
99.09,79.13,3.11,26.6,0.784,79.845,0.126715,78.74,1
77.14,60.01,2.56,18.8,0.968,63.145,0.321975,57.91,0
89.74,48.39,2.65,23.8,0.365,46.91,0.35514,64.16,1
92.92,82.96,4.0,25.5,0.563,83.995,0.1274549999999999,77.3,1
73.09,61.45,2.33,21.6,0.433,57.23,0.3515999999999999,61.2,1
89.41,67.57,3.46,24.3,0.554,76.755,0.209385,71.79,1
86.13,64.61,2.86,24.6,0.772,64.635,0.2677449999999999,61.31,1
69.36,72.58,3.77,22.2,0.882,75.255,0.279055,67.48,1
84.66,67.83,2.4,21.6,0.6519999999999999,52.38,0.30073,61.29,1
90.49,44.13,2.09,25.4,0.5549999999999999,58.05,0.3315000000000001,59.34,0
76.31,48.13,2.15,22.9,0.764,53.51,0.38984,53.91,0
68.49,33.71125000000001,2.79,24.2,0.37,48.55,0.4792562499999999,48.7,0
82.53,71.27,3.51,22.0,0.119,74.145,0.233635,73.44,1
77.08,68.23,3.03,22.4,0.693,70.34,0.27597,65.62,1
88.55,88.43,4.0,25.8,0.244,78.815,0.144065,84.64,1
88.97,54.45,2.76,17.5,0.4519999999999999,59.685,0.3017149999999999,62.62,1
78.16,57.03,2.24,13.9,0.441,58.645,0.340335,61.49,1
96.7,59.17,2.95,18.7,0.492,62.47,0.2482799999999999,65.16,1
73.28,69.78,3.71,21.9,0.3299999999999999,77.325,0.265565,71.31,1
96.64,69.87,3.44,22.6,0.5940000000000001,77.805,0.1704149999999999,72.45,1
72.37,66.74,2.77,23.3,0.323,72.81,0.2918699999999999,69.37,1
71.88,71.94,3.11,20.6,0.344,68.28999999999999,0.29179,74.34,1
91.63,74.99,4.0,31.5,0.258,80.43,0.16722,76.2,1
66.16,63.19,3.41,21.9,0.6799999999999999,67.67,0.34278,65.19,1
75.69,62.77,3.0,16.5,0.284,59.73,0.32974,64.78,1
77.86,59.96,2.29,20.0,0.827,50.94,0.35586,54.49,0
87.0,52.16,3.15,26.9,0.917,57.07,0.32431,61.06,1
85.27,74.88,3.27,28.6,0.384,70.91,0.22155,76.9,1
89.54,92.4,3.98,22.7,0.897,88.89,0.0979699999999999,85.03,1
76.37,79.03,3.34,21.6,0.487,79.405,0.219215,71.96,1
78.96,71.16,3.19,19.0,0.995,74.35499999999999,0.247615,69.76,1
79.35,67.44,3.36,29.9,0.794,67.275,0.278455,71.6,1
79.0,69.1,3.36,26.5,0.64,61.275,0.292875,65.88,1
94.95,57.36,2.87,26.4,0.1149999999999999,62.620000000000005,0.2602599999999999,74.72,1
80.54,61.24,2.92,16.6,0.741,63.08,0.30488,55.66,0
67.5,63.9,2.39,15.9,0.743,55.255,0.372535,54.25,0
90.17,60.16,2.98,25.9,0.296,57.825,0.285365,68.83,1
94.55,45.84,2.68,12.9,0.476,50.6,0.33248,58.26,0
91.08,46.16,2.15,23.4,0.4639999999999999,50.870000000000005,0.34459,56.36,0
92.12,55.64,2.08,12.7,0.3299999999999999,54.7,0.3005,58.74,0
95.19,68.08,3.54,29.7,0.943,74.16,0.19252,74.28,1
90.97,61.86,2.89,23.7,0.428,63.43000000000001,0.26025,68.27,1
96.23,60.19,2.66,15.8,0.1709999999999999,55.935,0.2667049999999999,64.57,1
78.64,54.05,2.96,24.4,0.493,54.665,0.359295,59.0,0
75.65,58.65,3.09,19.6,0.818,63.45,0.3311,60.64,1
70.43,53.68,2.89,18.5,0.6679999999999999,59.855,0.377675,61.2,1
71.75,73.75,3.31,24.0,0.507,78.10499999999999,0.257435,74.44,1
65.5,59.66,3.11,26.7,0.622,59.335,0.381015,63.62,1
81.2,81.2,2.92,20.0,0.91,74.595,0.207815,67.5,1
84.16,65.76,3.27,19.1,0.313,62.56,0.2784,70.41,1
82.23,63.95,2.65,25.8,0.437,68.79499999999999,0.272845,70.84,1
93.22,94.50125,3.68,27.6,0.71,92.991875,0.064640625,87.97875000000002,1
75.92,63.58,3.35,26.3,0.911,64.11,0.31325,60.09,1
73.25,79.35,2.62,20.3,0.474,61.41,0.28472,64.28,1
79.7,55.99,2.69,22.8,0.147,47.015,0.3721849999999999,55.06,0
91.92,67.98,2.87,19.4,0.659,75.995,0.2003949999999999,74.77,1
78.51,62.1,2.71,23.3,0.301,58.68000000000001,0.3236199999999999,61.88,1
92.35,47.92,2.0,19.5,0.833,51.265,0.333045,51.72,0
66.12,65.74,2.74,19.9,0.8380000000000001,57.78,0.3649599999999999,59.87,0
98.69,61.52,2.65,22.6,0.558,64.2,0.22808,70.89,1
65.34,48.41,2.64,23.0,0.773,50.655,0.4414449999999999,56.24,0
77.84,57.37,2.66,16.4,0.4389999999999999,52.715,0.3583849999999999,56.61,0
88.37,79.21,3.98,21.6,0.375,81.99,0.16292,78.59,1
82.16,73.77,3.01,28.0,0.995,71.255,0.236285,74.01,1
97.98,48.86,2.61,26.2,0.258,61.290000000000006,0.2776299999999999,63.21,1
76.14,64.58,3.47,28.8,0.358,70.52000000000001,0.2901399999999999,65.27,1
94.71,44.65,2.64,17.7,0.376,44.365625,0.354113125,53.54,0
88.44,68.66,3.08,22.6,0.584,72.455,0.222895,68.27,1
76.25,81.4,3.22,29.7,0.233,70.375,0.2396749999999999,75.52,1
73.8,70.69,2.93,26.9,0.952,67.285,0.290875,66.16,1
97.35,67.25,3.02,16.9,0.416,65.625,0.211975,72.31,1
78.77,66.11,2.85,22.9,0.272,57.405,0.314375,60.77,1
69.39,74.73,4.0,28.8,0.616,83.15,0.2488,73.29,1
99.2,76.17,3.21,24.3,0.151,70.87,0.1620799999999999,69.12,1
74.79,62.89,2.98,20.1,0.2,65.175,0.3166449999999999,65.65,1
86.91,47.87,2.71,21.3,0.109,50.15,0.3583,59.37,0
74.85,69.37,2.62,22.2,0.8779999999999999,65.975,0.2945650000000001,65.02,1
76.57,41.06,2.0,14.2,0.611,50.25,0.41979,48.91,0
83.64,56.28,2.47,15.3,0.714,50.84,0.34408,54.72,0
88.24,52.49,2.22,24.7,0.665,55.325,0.3235949999999999,58.87,0
78.3,58.0,2.81,19.6,0.433,54.58,0.34906,55.8,0
74.82,63.03,3.35,27.5,0.967,59.215,0.333985,61.17,1
91.96,64.25,2.92,29.5,0.762,66.50999999999999,0.23988,63.89,1
93.92,89.29,3.8,23.0,0.861,71.83500000000001,0.1409449999999999,76.12,1
93.12,70.07,3.17,25.2,0.78,67.52000000000001,0.2147499999999999,66.91,1
90.13,62.37,2.49,27.0,0.744,58.43,0.27708,70.97,1
85.74,76.11,3.18,21.1,0.1639999999999999,75.63,0.20182,77.19,1
80.31,71.94,3.48,22.5,0.606,65.885,0.265285,64.94,1
92.9,62.18,2.56,23.8,0.299,62.72,0.2537,70.77,1
74.32,54.33,2.22,17.9,0.128,57.36,0.36765,59.71,0
91.39,65.44,3.11,22.5,0.99,67.255,0.236355,62.23,1
81.74,62.7,3.02,21.1,0.268,67.37,0.28283,70.34,1
90.8,56.29,3.2,16.2,0.925,67.115,0.266585,65.97,1
66.64,75.75,2.89,20.9,0.648,70.5,0.29469,64.63,1
77.39,43.35,2.77,20.1,0.876,49.010000000000005,0.41336,53.1,0
78.84,64.9,3.05,19.4,0.102,74.17,0.2674299999999999,79.29,1
84.45,74.04,3.14,30.5,0.8140000000000001,75.055,0.2149149999999999,74.38,1
94.22,57.46,3.15,18.2,0.624,57.0,0.27974,58.97,0
66.54,58.86,2.47,25.1,0.982,62.775,0.3689349999999999,62.11,1
91.41,57.04,3.21,18.5,0.534,61.85,0.27769,55.3,0
92.48,42.03,2.3,16.2,0.2029999999999999,57.69,0.33092,61.22,1
95.04,66.89,2.94,27.7,0.375,59.59,0.2404,70.46,1
83.53,83.48,4.0,27.0,0.572,79.555,0.176775,75.9,1
74.23,49.55,2.83,21.4,0.8640000000000001,62.065,0.368235,54.93,0
74.71,50.86,3.15,25.6,0.745,60.135000000000005,0.368175,62.58,1
85.81,58.25,2.67,17.2,0.649,75.545,0.255375,66.22,1
80.96,66.6,2.59,21.5,0.829,73.24000000000001,0.25664,66.11,1
78.51,59.44,2.51,20.3,0.54,49.38,0.3594999999999999,59.57,0
72.81,55.04,2.09,22.3,0.762,54.08,0.3814,57.7,0
80.68,56.47,2.77,22.5,0.784,55.725,0.3406949999999999,60.31,1
93.62,58.87,2.86,16.0,0.4469999999999999,66.755,0.248645,60.28,1
67.84,75.73,2.71,19.7,0.384,59.135,0.3240449999999999,66.86,1
80.49,62.05,3.36,19.0,0.302,59.375,0.313765,62.19,1
89.28,81.73,3.13,30.2,0.757,75.19,0.17212,72.72,1
89.17,60.22,2.8,21.3,0.881,55.55,0.29601,65.09,1
93.79,73.61,3.1,29.4,0.533,69.64,0.1950899999999999,76.89,1
72.6,54.51,2.78,23.0,0.5860000000000001,61.02,0.36301,62.87,1
94.93,60.66,2.31,14.9,0.8320000000000001,60.91,0.2555699999999999,56.2,0
71.47,76.41,3.04,22.0,0.1169999999999999,63.435,0.294585,73.21,1
86.49,48.77,2.74,13.1,0.358,53.705,0.346615,57.02,0
98.14,50.55,2.26,20.9,0.974,52.725,0.2976149999999999,57.3,0
83.04,59.45,2.34,26.6,0.13,55.25,0.3237399999999999,66.56,1
86.11,65.18,3.07,30.0,0.275,69.86,0.25044,75.04,1
97.19,82.02,3.18,20.1,0.979,67.31,0.16325,71.04,1
83.07,69.42,3.43,27.8,0.592,66.75,0.25921,69.84,1
76.03,58.54,3.1,21.2,0.103,59.26,0.3424799999999999,67.45,1
81.15,68.54,3.1,21.9,0.495,70.83,0.2572899999999999,73.01,1
75.37,56.18,3.38,23.7,0.1389999999999999,63.075,0.340755,63.86,1
86.79,54.03,2.52,27.3,0.954,63.905,0.2990349999999999,66.82,1
87.0,58.64,3.2,19.6,0.414,68.38,0.27094,67.87,1
93.46,53.65,2.2,20.6,0.1159999999999999,58.94,0.28839,66.99,1
68.89,87.28,3.91,27.8,0.91,87.08125,0.20135625,74.71,1
81.91,67.84,3.16,19.0,0.621,68.515,0.2632949999999999,63.95,1
74.09,77.35,4.0,23.1,0.7030000000000001,82.58500000000001,0.2238349999999999,74.89,1
71.34,68.05,3.28,30.0,0.806,73.36,0.29041,70.33,1
65.86,59.75,3.33,19.2,0.722,49.38,0.40917,52.32,0
94.35,65.65,2.84,19.3,0.1379999999999999,65.955,0.227785,69.93,1
94.0,69.38,2.93,23.9,0.995,68.965,0.208965,67.87,1
82.26,81.86,3.37,29.0,0.25,77.72,0.1922199999999999,79.49,1
94.8,65.21,2.52,21.4,0.8699999999999999,55.53,0.25858,59.79,0
84.25,61.56,3.18,23.5,0.53,64.565,0.2846249999999999,68.49,1
93.14,89.45,4.0,28.3,0.492,88.13,0.0947,87.97875000000002,1
87.95,73.27,3.3,25.8,0.253,74.715,0.2042449999999999,76.63,1
73.89,57.62,2.97,21.5,0.954,55.23,0.36589,57.91,0
95.36,77.23,3.3,20.5,0.94,79.28999999999999,0.149,77.84,1
85.91,77.61,2.73,28.1,0.7,68.875,0.216905,74.84,1
80.07,63.02,2.94,21.0,0.968,65.72999999999999,0.29347,64.09,1
65.42,64.8,3.25,24.5,0.549,72.03999999999999,0.3278,68.91,1
74.36,69.36,3.41,25.2,0.725,76.515,0.264935,70.3,1
78.7,68.18,3.04,29.2,0.607,63.225,0.290985,67.18,1
90.16,72.45,2.95,19.6,0.82,67.485,0.219555,68.91,1
96.27,52.26,3.36,18.2,0.597,67.735,0.254935,58.13,0
85.52,64.28,2.83,23.9,0.1139999999999999,61.975,0.279155,67.3,1
80.49,65.01,3.52,27.0,0.6849999999999999,61.150000000000006,0.2995599999999999,61.56,1
66.35,70.38,2.83,26.6,0.529,67.11,0.32213,72.03,1
93.16,71.54,3.15,18.2,0.475,75.465,0.1863449999999999,74.54,1
75.82,66.15,3.24,28.4,0.6799999999999999,68.28999999999999,0.2934,66.8,1
80.34,67.82,2.6,27.6,0.423,52.89,0.31651,61.35,1
76.32,57.92,3.18,27.4,0.424,63.885000000000005,0.3293049999999999,68.83,1
75.19,69.18,3.52,28.7,0.782,59.365,0.3136049999999999,65.1,1
77.31,55.1,2.72,21.7,0.8390000000000001,55.22,0.3597999999999999,54.86,0
85.66,66.75,2.52,20.1,0.733,64.79499999999999,0.2627250000000001,67.41,1
68.16,51.21,2.51,15.3,0.361,55.595,0.406945,51.01,0
75.49,44.53,2.06,21.9,0.362,51.775,0.409125,62.01,1
99.32,65.47,3.39,24.9,0.224,76.12,0.17795,75.69,1
66.11,38.73,2.0,23.9,0.921,45.495000000000005,0.482885,46.86,0
67.27,69.81,2.61,18.5,0.734,62.755,0.333225,58.76,0
82.59,86.25,4.0,27.6,0.958,76.92500000000001,0.1801149999999999,75.46,1
84.01,56.41,2.12,20.0,0.987,55.555,0.328065,53.69,0
94.65,75.05,2.65,14.8,0.476,58.3,0.22135,67.57,1
80.12,47.35,2.46,22.5,0.404,49.6,0.3886699999999999,61.33,1
77.78,79.69,2.84,27.2,0.2009999999999999,68.76,0.2435299999999999,77.08,1
70.04,72.08,4.0,21.2,0.623,78.92,0.2668399999999999,72.14,1
96.74,81.78,3.41,24.4,0.399,69.235,0.159995,73.91,1
77.51,58.1,2.71,22.9,0.7849999999999999,70.36,0.3045799999999999,64.36,1
89.57,88.25,2.93,24.8,0.492,77.705,0.143855,79.19,1
87.84,78.08,3.04,23.2,0.885,72.225,0.197725,65.62,1
68.0,82.55,3.44,20.6,0.484,75.62,0.25349,64.24,1
82.11,65.17,2.85,25.0,0.4519999999999999,56.315,0.307105,63.43,1
77.17,65.51,3.01,24.3,0.472,65.34,0.29877,64.63,1
92.68,70.53,2.45,25.9,0.48,60.510000000000005,0.2361599999999999,65.5,1
94.72,46.73,2.05,19.5,0.7969999999999999,47.505,0.338415,54.8,0
85.64,70.06,2.98,19.4,0.298,70.10499999999999,0.236945,70.79,1
81.52,70.76,2.84,18.1,0.48,65.28999999999999,0.26577,67.67,1
88.53,64.35,3.01,28.4,0.7150000000000001,66.275,0.254005,68.14,1
93.53,42.23,2.58,21.5,0.749,57.44,0.32687,64.21,1
99.5,54.26,2.94,20.2,0.107,57.99,0.26525,64.26,1
71.91,68.96,3.09,25.3,0.145,56.365,0.3363850000000001,70.45,1
89.3,51.25,2.29,17.4,0.1159999999999999,54.265,0.326255,57.99,0
80.51,69.38,3.78,26.4,0.491,75.09,0.24455,70.05,1
75.31,59.6,2.98,19.9,0.423,56.71,0.34983,54.95,0
96.54,67.9,2.98,27.4,0.134,76.60499999999999,0.1803249999999999,76.11,1
85.9,61.14,2.4,23.0,0.321,58.885000000000005,0.2963249999999999,66.39,1
71.31,50.11,2.51,21.3,0.177,55.405,0.398215,56.0,0
72.01,58.16,3.22,23.5,0.645,58.455,0.362115,64.33,1
79.28,55.92,2.41,24.8,0.112,63.33,0.32513,61.8,1
65.48,82.04,3.38,24.1,0.265,72.42,0.2747,73.7,1
65.62,68.03,2.47,16.3,0.323,55.71,0.3662999999999999,60.23,1
84.32,54.84,2.19,16.1,0.867,55.455,0.331835,55.01,0
67.27,67.2,3.26,20.2,0.3259999999999999,61.73,0.34413,65.25,1
76.56,51.44,3.56,26.1,0.8939999999999999,61.80500000000001,0.354025,55.54,0
70.54,61.75,2.61,16.4,0.965,56.96,0.36171,54.16,0
93.97,67.94,3.28,27.9,0.718,68.445,0.214965,73.29,1
73.99,64.35,3.02,19.0,0.8460000000000001,72.435,0.293685,68.19,1
82.87,55.89,2.93,21.2,0.515,60.955,0.3179849999999999,63.0,1
92.17,81.12,3.85,28.1,0.37,81.53,0.1433699999999999,80.43,1
69.33,77.96,3.39,26.2,0.271,82.84,0.24028,81.36,1
97.31,71.51,2.52,18.5,0.441,70.845,0.1836949999999999,71.42,1
92.51,53.72,2.88,18.6,0.8160000000000001,58.08,0.29456,59.35,0
86.77,58.96,2.93,19.8,0.153,69.73,0.26685,66.02,1
97.74,58.1,2.72,27.5,0.94,66.095,0.2364549999999999,68.1,1
89.47,46.28,2.0,18.1,0.984,37.360625,0.3911981249999999,49.61,0
84.82,71.79,3.74,20.3,0.282,72.7,0.22725,76.99,1
77.12,51.21,2.83,18.6,0.572,56.99,0.36692,57.37,0
68.97,67.32,2.85,18.0,0.352,64.5,0.32866,63.4,1
76.32,56.49,2.0,13.3,0.209,56.27,0.35644,57.88,0
96.54,60.74,3.56,26.6,0.946,70.715,0.2194749999999999,67.38,1
82.08,62.58,2.54,17.2,0.794,61.11,0.30061,65.73,1
68.55,73.08,2.96,19.3,0.173,70.11500000000001,0.2962149999999999,64.9,1
74.12,69.0,2.88,21.5,0.193,61.71,0.3113899999999999,67.25,1
96.33,64.56,2.65,23.1,0.922,64.61,0.2271699999999999,65.47,1
91.62,51.88,2.18,13.8,0.4,57.945,0.304045,55.49,0
73.48,62.12,2.5,25.1,0.733,61.06,0.3365399999999999,65.67,1
73.58,59.67,3.71,19.4,0.477,74.41999999999999,0.30341,64.61,1
66.98,52.4,2.46,16.5,0.1659999999999999,59.145,0.397445,59.18,0
98.78,86.55,3.66,31.8,0.8009999999999999,87.095,0.083945,82.09,1
78.9,55.73,2.74,16.5,0.553,56.735,0.347005,55.32,0
74.79,76.68,3.35,22.3,0.994,70.55000000000001,0.2591499999999999,66.86,1
89.05,72.3,3.55,28.9,0.849,71.44,0.21258,73.51,1
70.58,54.38,2.37,26.2,0.843,51.505,0.4000249999999999,52.15,0
68.17,48.57,2.42,20.7,0.129,52.045,0.425475,60.66,1
83.09,56.63,3.02,20.0,0.503,57.73,0.32456,59.93,0
71.0,66.16,2.74,24.3,0.571,75.235,0.291815,67.99,1
92.41,63.7,2.49,27.2,0.755,61.795,0.253875,68.41,1
74.57,75.62,3.14,25.7,0.764,66.82,0.2744,70.34,1
90.18,75.13,3.73,20.8,0.989,76.53999999999999,0.18427,76.22,1
77.16,73.13,3.41,20.4,0.8320000000000001,74.5,0.24847,72.05,1
79.49,70.36,2.61,25.6,0.921,64.79,0.27659,65.45,1
70.46,47.34,2.75,18.4,0.67,47.98,0.4322,51.22,0
65.72,60.74,2.98,26.6,0.659,60.69,0.37283,61.63,1
70.46,59.09,2.8,16.9,0.749,64.78,0.34655,59.85,0
70.67,58.64,2.8,17.5,0.786,62.13,0.35501,54.73,0
74.18,63.29,3.1,26.1,0.979,60.685,0.3313549999999999,62.07,1
87.21,64.73,2.83,22.0,0.716,62.78,0.26863,67.07,1
91.38,72.99,3.06,19.2,0.706,65.265,0.219715,66.69,1
88.79,62.43,2.86,19.1,0.369,62.505,0.2700349999999999,63.85,1
77.82,66.52,3.11,18.4,0.4519999999999999,66.84,0.28864,63.26,1
75.82,51.79,2.74,18.5,0.418,61.540000000000006,0.35673,64.77,1
74.9,73.39,3.21,22.6,0.418,71.05000000000001,0.2670799999999999,70.19,1
68.86,57.61,2.61,14.1,0.999,55.695,0.384645,54.6,0
79.03,57.07,2.68,28.0,0.1689999999999999,60.575,0.330945,64.39,1
89.65,58.12,2.96,23.1,0.758,64.32,0.27408,62.62,1
99.54,73.8,2.93,27.1,0.5559999999999999,74.11500000000001,0.1580949999999999,74.81,1
80.05,55.5,2.89,15.1,0.355,56.955,0.342435,62.09,1
76.99,44.1,2.0,17.9,0.331,49.64,0.41082,55.88,0
68.58,66.8,3.07,27.0,0.4019999999999999,64.95,0.33043,68.23,1
82.35,48.12,2.18,21.2,0.1399999999999999,51.055,0.373075,57.9,0
98.79,64.06,3.01,26.9,0.912,63.605,0.2218449999999999,66.31,1
82.1,71.74,3.07,21.3,0.268,62.705,0.268265,62.97,1
70.54,54.44,2.72,22.0,0.308,56.675,0.384495,57.22,0
84.3,52.39,2.09,20.6,0.51,54.005,0.343615,63.4,1
74.85,64.6,2.94,25.5,0.523,60.14,0.32638,67.1,1
87.72,68.67,3.19,17.7,0.619,64.58,0.2493699999999999,67.73,1
93.27,58.93,3.0,19.2,0.102,60.215,0.269485,65.77,1
72.11,50.28,3.23,26.1,0.268,59.165000000000006,0.383225,63.52,1
82.64,71.6,3.25,29.7,0.208,69.88,0.245,72.93,1
72.08,73.43,3.53,23.6,0.833,81.2,0.2477899999999999,75.29,1
85.55,82.38,3.19,27.6,0.934,71.465,0.196265,74.01,1
65.53,44.26,2.02,15.9,0.969,55.745,0.437865,51.86,0
87.42,81.19,3.46,25.0,0.852,75.745,0.1795149999999999,73.26,1
93.34,76.47,3.7,27.0,0.267,72.495,0.179745,82.81,1
76.09,68.06,3.52,25.9,0.899,74.83,0.2669699999999999,80.33,1
82.89,56.66,2.7,16.6,0.282,64.95500000000001,0.3035949999999999,60.36,1
96.94,79.01,3.53,30.4,0.35,86.29,0.1163399999999999,87.97875000000002,1
81.11,77.98,3.64,25.3,0.6639999999999999,82.045,0.1954849999999999,76.62,1
65.65,65.05,3.23,21.5,0.883,58.43000000000001,0.3669599999999999,63.94,1
84.74,69.89,2.89,20.7,0.975,72.5,0.23387,67.64,1
93.95,61.67,3.1,17.1,0.837,61.445,0.254855,65.64,1
73.39,65.39,2.91,17.0,0.939,61.22,0.32661,63.2,1
80.7,35.34,2.0,11.4,0.7769999999999999,41.915,0.4454349999999999,43.84875,0
89.76,55.39,2.82,19.4,0.18,54.19,0.31222,56.48,0
89.94,79.55,2.91,30.2,0.8880000000000001,73.395,0.181405,79.26,1
99.3,73.14,3.42,27.8,0.975,63.365,0.193285,69.1,1
94.31,52.54,2.0,11.8,0.461,40.0,0.3451399999999999,59.36,0
93.21,72.7,3.28,23.3,0.548,69.63,0.20017,71.09,1
85.41,69.62,2.96,22.4,0.609,71.78,0.23416,69.87,1
94.39,78.52,3.48,20.9,0.7889999999999999,78.975,0.149955,75.5,1
73.37,58.38,2.92,20.3,0.258,62.025,0.345305,59.88,0
72.89,50.91,3.47,22.4,0.63,66.83500000000001,0.355205,58.71,0
83.9,81.18,3.65,20.4,0.7070000000000001,77.515,0.1883149999999999,74.69,1
93.02,48.31,2.41,17.8,0.908,53.905,0.321275,58.68,0
92.86,74.24,3.14,23.9,0.159,67.82,0.20238,71.3,1
74.49,64.49,3.6,19.5,0.921,63.515,0.318025,62.02,1
69.98,54.27,2.82,24.3,0.647,62.45,0.3699199999999999,54.69,0
82.82,48.38,2.85,20.4,0.7769999999999999,62.395,0.336395,58.57,0
86.64,78.19,3.28,26.2,0.526,62.675,0.230845,65.45,1
77.73,67.9,3.19,22.4,0.1679999999999999,61.485,0.3009249999999999,67.49,1
75.68,71.94,3.12,22.1,0.2009999999999999,66.53999999999999,0.28184,64.18,1
88.93,50.15,2.0,15.8,0.7889999999999999,51.795,0.3384449999999999,58.28,0
79.8,77.27,3.48,31.1,0.829,74.41,0.22576,75.18,1
89.54,55.98,2.87,22.2,0.465,56.56,0.30422,67.04,1
98.81,86.17,4.0,32.3,0.218,83.03,0.0971599999999999,85.73,1
98.92,46.41,2.0,18.9,0.828,52.205,0.308475,60.85,1
94.04,50.15,2.0,14.6,0.308,52.92,0.3146299999999999,53.43,0
88.74,43.98,2.69,16.7,0.64,59.89,0.33343,57.27,0
99.46,71.97,3.4,20.3,0.183,74.64,0.16233,76.53,1
66.91,62.38,2.63,25.1,0.5509999999999999,60.98,0.36228,67.37,1
76.45,70.93,3.43,20.6,0.877,77.11500000000001,0.250065,69.21,1
71.22,91.1,4.0,24.4,0.904,79.835,0.202315,81.04,1
92.66,42.74,2.21,13.5,0.819,60.085,0.320885,56.28,0
93.8,52.81,2.23,15.3,0.979,51.715,0.311225,55.49,0
89.67,61.88,2.87,23.4,0.245,72.98,0.2367399999999999,73.66,1
92.56,51.88,2.31,21.3,0.8480000000000001,49.14,0.3266999999999999,65.44,1
93.09,73.69,2.54,25.8,0.6980000000000001,69.61,0.19774,70.07,1
91.48,72.56,3.16,18.4,0.4,69.56,0.20772,69.03,1
80.8,67.01,3.28,20.6,0.293,66.425,0.276495,72.23,1
77.16,58.34,3.41,18.0,0.3259999999999999,68.66499999999999,0.310345,65.52,1
79.93,43.02,2.0,15.0,0.1679999999999999,50.145,0.4007849999999999,55.72,0
73.65,78.08,3.62,24.4,0.473,82.83,0.22267,77.27,1
94.14,68.56,3.26,19.5,0.367,80.305,0.1768449999999999,75.14,1
72.55,79.52,3.69,18.2,0.8210000000000001,65.87,0.27363,68.4,1
73.84,59.59,2.75,14.5,0.738,55.925,0.358095,58.75,0
98.14,64.42,3.5,27.8,0.97,63.415000000000006,0.2239349999999999,64.7,1
73.42,64.7,3.26,20.3,0.5549999999999999,61.28,0.3283799999999999,59.8,0
92.37,63.37,2.88,16.9,0.7030000000000001,64.595,0.2466249999999999,62.98,1
83.09,67.35,3.14,27.2,0.4509999999999999,63.035,0.276485,68.03,1
67.29,63.16,3.05,22.1,0.689,71.81,0.3259299999999999,68.14,1
72.6,49.68,3.05,25.2,0.696,57.565,0.387865,59.4,0
65.63,65.27,2.48,24.2,0.38,61.52,0.35711,60.96,1
69.95,68.59,3.63,19.9,0.485,75.44,0.28811,69.4,1
80.21,61.18,2.18,27.2,0.8550000000000001,68.65,0.28967,69.13,1
87.41,57.92,2.25,20.6,0.19,56.41,0.30737,62.8,1
75.94,63.53,2.55,26.1,0.986,60.985,0.322695,68.15,1
69.28,54.16,2.04,16.9,0.881,44.385,0.427245,48.58,0
65.76,73.36,2.59,16.1,0.73,57.565,0.3441849999999999,60.54,1
81.43,78.8,3.01,25.1,0.301,71.25,0.2241299999999999,75.64,1
91.13,73.08,2.78,28.9,0.6809999999999999,61.93,0.23045,70.76,1
89.43,59.23,2.96,21.3,0.8380000000000001,63.375,0.2744649999999999,61.25,1
65.95,42.99,2.64,20.1,0.631,44.235,0.474525,53.1,0
90.64,58.99,2.77,26.1,0.469,63.215,0.270825,68.32,1
71.19,67.71,3.29,23.3,0.541,69.325,0.304135,69.91,1
82.78,66.38,3.22,30.5,0.217,74.845,0.2452049999999999,75.07,1
83.72,40.71,2.46,15.3,0.494,47.900000000000006,0.3992899999999999,56.7,0
66.21,57.97,2.68,16.7,0.487,60.065,0.3810550000000001,59.6,0
82.56,66.04,2.92,19.0,0.663,68.12,0.2672799999999999,63.26,1
96.14,51.43,2.73,20.6,0.73,60.7,0.27905,55.67,0
71.29,81.35,3.96,32.0,0.208,73.485,0.250335,74.95,1
82.57,70.31,3.52,17.6,0.151,71.015,0.245745,70.58,1
85.2,65.92,3.03,25.6,0.944,72.935,0.2426349999999999,66.07,1
82.77,64.84,3.34,16.5,0.973,67.6,0.2716,63.7,1
69.58,58.43,3.1,25.0,0.178,65.31,0.35046,62.77,1
67.53,61.42,3.17,26.4,0.437,64.19500000000001,0.3530349999999999,64.5,1
73.09,65.45,3.34,18.7,0.941,70.63,0.2994,70.04,1
72.22,70.56,2.76,28.4,0.481,59.765,0.3201449999999999,63.37,1
65.35,55.21,2.75,18.6,0.491,44.705,0.438855,57.02,0
90.9,63.32,2.99,25.5,0.5780000000000001,68.75999999999999,0.2401599999999999,64.85,1
98.94,85.0,3.05,25.1,0.426,70.045,0.139105,82.57,1
77.84,56.34,2.14,17.6,0.8300000000000001,49.485,0.3711649999999999,56.59,0
83.87,40.98,2.58,17.1,0.48,59.14,0.36416,61.78,1
70.09,62.42,3.45,19.2,0.432,61.795,0.346995,57.69,0
93.33,82.93,4.0,31.5,0.914,89.025,0.1108149999999999,77.56,1
73.22,63.54,3.09,24.8,0.446,57.290000000000006,0.34463,64.44,1
98.64,46.93,2.59,13.7,0.192,45.905,0.326935,52.72,0
94.27,75.86,2.75,16.1,0.184,67.355,0.193275,75.36,1
91.28,67.67,3.54,33.1,0.882,84.555,0.1782049999999999,78.0,1
82.46,67.59,2.7,16.3,0.889,69.10499999999999,0.260075,66.27,1
82.19,67.28,2.25,26.3,0.398,65.375,0.273275,73.89,1
98.47,82.9,3.43,26.3,0.298,80.89,0.1147499999999999,83.3,1
98.37,67.95,2.64,19.6,0.299,67.11,0.2013399999999999,66.13,1
83.56,63.5,2.61,23.1,0.8029999999999999,65.66,0.2782799999999999,67.6,1
80.55,58.24,2.57,26.3,0.841,74.44,0.27976,67.49,1
77.19,65.17,3.1,22.4,0.567,65.09,0.30046,64.15,1
70.28,62.03,2.87,19.2,0.444,66.1,0.3344899999999999,64.81,1
93.27,56.59,2.96,20.7,0.382,55.93,0.28936,64.21,1
78.16,61.85,2.42,15.1,0.365,61.995000000000005,0.315825,63.67,1
94.7,71.78,3.41,19.1,0.919,71.645,0.190925,68.82,1
73.48,51.15,2.82,15.2,0.603,58.765,0.376335,55.67,0
87.9,53.72,2.42,20.5,0.541,57.98,0.3132999999999999,57.99,0
70.33,49.17,2.5,17.3,0.77,46.635,0.431265,53.66,0
76.81,53.04,2.28,23.4,0.419,50.015,0.3835949999999999,57.45,0
98.04,45.6,2.18,20.3,0.662,42.8,0.3426399999999999,52.86,0
97.12,62.02,2.57,13.7,0.726,57.445,0.2531249999999999,63.13,1
91.09,82.72,3.76,22.0,0.8699999999999999,78.945,0.150645,74.4,1
65.93,58.53,2.19,17.1,0.638,54.77,0.3963799999999999,60.58,1
79.06,73.36,2.92,21.1,0.897,68.345,0.258645,62.95,1
71.92,74.1,3.48,26.7,0.653,79.9,0.25032,73.86,1
99.8,65.35,2.93,28.8,0.345,68.515,0.199205,74.02,1
92.03,54.9,2.95,15.8,0.257,59.63,0.28829,68.19,1
86.28,44.66,2.37,25.9,0.746,51.83,0.3654099999999999,58.08,0
79.92,72.48,4.0,19.1,0.591,72.69999999999999,0.24478,75.17,1
67.71,63.85,2.9,17.4,0.283,54.925,0.372835,58.72,0
95.06,57.7,2.58,14.7,0.727,58.49,0.27119,62.8,1
71.16,81.53,3.59,23.8,0.8480000000000001,76.155,0.242305,67.59,1
80.0,60.51,2.06,25.6,0.86,58.475,0.323045,64.88,1
72.37,57.19,3.38,19.3,0.589,61.47,0.3545399999999999,56.39,0
89.75,74.29,3.34,24.0,0.5740000000000001,71.36,0.2040499999999999,72.71,1
65.99,66.07,2.88,25.6,0.493,57.175,0.366305,58.77,0
80.78,58.0,2.77,15.8,0.636,58.535,0.327275,60.89,1
86.29,57.09,2.02,26.8,0.123,54.69,0.3194999999999999,61.79,1
88.78,75.1,3.03,32.1,0.8460000000000001,86.85499999999999,0.159015,77.91,1
73.05,51.98,2.31,21.5,0.5,54.305,0.388945,58.09,0
78.52,76.27,3.91,26.9,0.4019999999999999,72.925,0.238335,71.63,1
73.74,54.08,3.01,24.2,0.518,58.645,0.3668650000000001,59.15,0
86.6,67.97,2.68,19.7,0.499,61.515,0.2651450000000001,63.27,1
96.59,72.25,3.54,29.4,0.865,87.09,0.1356199999999999,79.52,1
98.79,62.22,2.83,24.4,0.408,61.15,0.23473,68.46,1
92.75,59.82,2.73,25.2,0.316,61.355,0.265475,61.83,1
77.93,54.8,2.4,22.3,0.221,56.565,0.354185,61.29,1
95.38,68.23,3.7,23.1,0.507,82.265,0.166995,77.8,1
67.39,62.97,3.77,19.2,0.508,74.3,0.3186299999999999,62.35,1
73.85,70.38,3.34,30.6,0.805,66.635,0.293555,61.34,1
67.36,68.04,2.88,30.4,0.905,72.41499999999999,0.309195,69.17,1
80.64,63.45,3.0,17.6,0.873,73.625,0.266215,66.62,1
83.72,49.6,2.0,11.4,0.483,47.285,0.374465,54.62,0
82.19,58.56,2.88,21.3,0.262,64.495,0.302075,63.31,1
89.78,90.44,3.62,29.9,0.4019999999999999,83.64,0.11864,83.85,1
70.5,68.0,2.84,25.5,0.608,68.745,0.307765,76.06,1
71.56,43.35,2.54,19.0,0.693,58.89,0.4070399999999999,54.99,0
80.57,77.4,3.21,18.4,0.577,68.94,0.2387,71.54,1
71.01,54.49,2.8,26.5,0.693,66.11,0.35416,58.25,0
71.24,56.01,2.62,13.3,0.4669999999999999,51.955,0.3911450000000001,56.02,0
80.29,38.51,2.13,17.2,0.865,37.46125,0.45092625,43.84875,0
92.28,61.63,3.1,16.2,0.947,67.7,0.2428899999999999,64.66,1
78.06,71.27,3.04,25.4,0.919,62.885000000000005,0.2852949999999999,69.21,1
78.17,88.41,3.36,29.7,0.915,79.955,0.182225,75.28,1
75.59,63.02,3.31,21.9,0.636,63.875,0.316955,64.74,1
89.37,67.91,2.88,25.7,0.413,53.875,0.2771649999999999,65.78,1
65.0,61.43,2.91,21.2,0.987,65.765,0.358415,58.73,0
80.01,52.51,2.51,24.6,0.54,60.72500000000001,0.3402549999999999,58.55,0
68.73,51.61,2.65,24.8,0.126,58.145,0.395815,64.16,1
91.23,58.47,2.9,26.7,0.269,67.97,0.25576,69.73,1
93.74,60.63,2.68,19.1,0.32,63.78,0.25181,61.73,1
83.94,42.77,2.32,21.9,0.231,54.53,0.3723399999999999,56.07,0
66.9,64.16,2.98,25.7,0.602,56.33,0.37093,62.83,1
87.85,52.93,2.89,22.3,0.519,67.555,0.287145,70.02,1
94.49,53.71,2.0,16.7,0.503,52.625,0.303035,63.57,1
67.33,69.93,3.0,19.2,0.8880000000000001,58.905,0.344175,61.84,1
78.78,52.92,2.81,17.1,0.7929999999999999,68.55000000000001,0.32047,60.87,1
93.03,62.17,2.71,21.7,0.4559999999999999,66.345,0.242335,68.28,1
87.5,63.16,3.0,18.8,0.2779999999999999,69.895,0.250835,65.56,1
73.07,67.26,3.47,22.6,0.636,64.07000000000001,0.3137299999999999,68.87,1
76.66,75.87,3.03,17.6,0.359,69.725,0.256575,72.76,1
96.61,80.73,3.14,23.8,0.416,79.11500000000001,0.1340249999999999,80.24,1
98.05,75.47,3.0,18.3,0.8859999999999999,62.35,0.19434,70.24,1
98.08,56.33,3.07,26.8,0.26,58.06,0.26451,70.15,1
97.74,59.44,2.73,26.0,0.579,64.815,0.236275,70.9,1
70.97,60.87,2.89,25.0,0.657,62.28,0.34667,63.62,1
98.04,66.06,3.29,21.6,0.533,82.5,0.1621599999999999,74.58,1
90.37,67.92,3.28,27.3,0.4669999999999999,75.345,0.2087249999999999,72.29,1
86.23,62.83,2.7,22.4,0.5700000000000001,60.16,0.28611,63.18,1
80.93,75.31,3.04,27.0,0.603,70.46000000000001,0.2389699999999999,71.33,1
98.68,61.11,3.34,28.5,0.252,69.03999999999999,0.2148299999999999,74.19,1
69.12,80.84,3.61,29.7,0.523,69.655,0.2720349999999999,74.22,1
80.2,58.65,3.01,25.2,0.375,64.32,0.31029,60.33,1
88.49,50.45,2.32,14.3,0.7110000000000001,52.975,0.335765,58.21,0
82.15,63.83,3.5,24.3,0.478,69.17,0.2724,72.1,1
96.43,90.98,3.79,26.2,0.187,84.245,0.0886049999999999,81.22,1
92.38,60.77,2.26,18.3,0.86,51.79,0.2928,56.1,0
94.71,63.62,2.73,21.2,0.122,58.86,0.25372,67.19,1
79.12,42.66,2.43,15.0,0.106,53.775,0.3942149999999999,54.52,0
78.57,73.57,2.9,23.1,0.365,66.87,0.2644,65.45,1
94.06,54.75,2.79,17.8,0.157,62.275000000000006,0.2726849999999999,69.24,1
91.85,52.26,2.53,20.6,0.958,51.745000000000005,0.320585,56.42,0
85.66,62.47,3.17,24.4,0.474,61.19,0.28638,66.57,1
95.72,76.63,3.24,29.2,0.842,79.33500000000001,0.149225,81.3,1
74.4,44.32,2.48,22.7,0.429,54.760000000000005,0.4051599999999999,52.84,0
80.04,85.41,3.95,22.2,0.583,81.335,0.179605,72.72,1
74.26,57.48,2.95,17.2,0.118,58.77,0.3542099999999999,61.2,1
95.86,59.86,2.2,20.5,0.624,53.65,0.27603,59.09,0
87.85,67.52,3.17,25.5,0.8019999999999999,64.28999999999999,0.25317,66.48,1
82.16,69.45,2.76,16.7,0.868,61.59,0.27824,64.81,1
75.04,65.3,3.71,20.0,0.987,65.05000000000001,0.3087899999999999,65.91,1
71.87,61.04,3.09,16.2,0.625,60.225,0.348725,57.72,0
98.03,68.32,2.35,17.2,0.3279999999999999,65.44,0.2066,65.81,1
79.21,42.94,2.66,22.2,0.758,45.23,0.41865,52.58,0
76.15,60.09,2.87,14.8,0.671,50.495,0.3636449999999999,56.05,0
81.21,90.77,3.71,28.1,0.541,83.16499999999999,0.153355,78.79,1
76.65,67.45,3.47,29.8,0.756,79.13,0.25366,73.42,1
77.87,71.09,3.45,25.8,0.883,72.315,0.2583049999999999,73.01,1
89.93,49.44,3.37,17.9,0.853,57.995,0.3179749999999999,57.43,0
84.22,60.32,2.45,17.1,0.339,60.735,0.299955,63.83,1
95.05,58.32,2.46,21.4,0.712,55.135,0.279435,57.04,0
80.71,86.1,3.04,27.7,0.8310000000000001,79.84,0.17934,78.28,1
81.57,61.59,2.69,23.3,0.497,58.885,0.312295,59.64,0
99.79,54.78,2.92,21.3,0.7,63.35,0.2464499999999999,64.98,1
77.19,67.55,2.85,25.5,0.544,65.29,0.29272,65.74,1
83.99,60.63,2.21,19.9,0.8119999999999999,64.53,0.28856,60.89,1
94.74,76.85,3.98,23.0,0.746,80.015,0.150445,71.51,1
79.09,84.58,3.34,32.6,0.669,73.03,0.21081,76.36,1
86.25,88.28,3.53,24.2,0.151,87.85499999999999,0.126595,82.29,1
90.83,65.21,3.57,29.7,0.706,72.99000000000001,0.2220799999999999,70.97,1
99.9,90.04,3.86,24.7,0.453,78.67500000000001,0.0942549999999999,81.54,1
84.7,79.59,3.17,26.5,0.927,77.13,0.19104,77.74,1
72.56,76.15,3.35,24.9,0.875,83.935,0.2295049999999999,74.86,1
94.57,66.43,2.87,21.1,0.5589999999999999,67.0,0.22143,70.96,1
76.56,66.03,3.16,17.1,0.126,65.405,0.2994549999999999,68.57,1
69.29,76.43,3.59,23.1,0.1669999999999999,66.025,0.2954749999999999,70.85,1
69.52,53.51,2.7,18.3,0.224,51.59,0.40662,59.0,0
72.58,56.74,3.76,21.9,0.413,68.24000000000001,0.33474,66.29,1
75.54,56.6,3.12,21.5,0.4049999999999999,53.495,0.3675549999999999,58.16,0
78.42,52.54,2.0,17.1,0.58,52.8,0.3703,57.17,0
72.5,64.71,3.46,20.7,0.5940000000000001,53.98,0.35393,63.45,1
72.07,53.03,3.09,27.1,0.366,59.67,0.37362,69.25,1
77.54,55.56,2.49,17.3,0.331,67.975,0.319235,64.76,1
98.59,60.1,2.6,17.1,0.3359999999999999,60.885,0.2426849999999999,63.59,1
88.3,65.0,3.1,22.4,0.6849999999999999,59.59,0.27303,65.78,1
76.27,46.09,2.38,21.6,0.472,47.81,0.41322,55.91,0
91.38,53.62,3.09,20.9,0.4389999999999999,65.55000000000001,0.2769699999999999,68.31,1
89.62,64.2,4.0,27.6,0.103,77.93,0.2151299999999999,78.59,1
65.83,73.4,3.77,29.7,0.929,70.36,0.3054,66.71,1
94.27,40.93,2.14,13.2,0.858,58.75,0.32388,57.2,0
77.22,79.44,3.13,32.6,0.177,73.255,0.233035,79.22,1
79.57,55.38,2.77,23.8,0.783,57.91,0.34185,63.04,1
69.98,63.89,3.38,26.4,0.1669999999999999,65.435,0.332105,69.37,1
99.52,74.02,3.32,28.7,0.7969999999999999,90.94125,0.10703625,81.13,1
88.99,76.18,3.38,24.7,0.959,73.095,0.196215,70.38,1
89.78,71.17,2.93,18.2,0.901,70.58,0.21563,72.29,1
70.45,60.79,3.16,19.8,0.673,63.94499999999999,0.343995,58.27,0
74.01,60.13,3.51,25.3,0.949,60.7,0.34147,62.66,1
66.33,68.91,3.13,28.7,0.931,63.34,0.33793,64.8,1
78.36,62.23,2.75,25.4,0.8560000000000001,58.285,0.325015,62.35,1
77.56,53.4,2.92,21.1,0.989,64.185,0.337005,56.08,0
71.66,77.54,3.61,30.3,0.623,71.15,0.2672899999999999,73.54,1
67.55,48.98,2.42,18.6,0.5349999999999999,60.91,0.40013,56.37,0
88.68,62.18,2.82,26.7,0.807,66.27,0.25993,60.67,1
79.35,52.89,2.4,22.7,0.292,51.71,0.3688,57.37,0
76.55,69.25,3.72,29.3,0.266,64.69,0.29198,70.16,1
89.63,64.82,3.59,18.0,0.239,59.935,0.267215,67.87,1
93.3,63.67,2.8,16.2,0.778,63.7,0.24469,67.13,1
90.71,62.53,2.74,22.5,0.753,65.025,0.254495,72.17,1
98.38,72.19,2.79,27.1,0.24,77.675,0.156885,79.41,1
75.06,65.21,2.63,17.1,0.237,65.35,0.30808,63.41,1
67.26,61.55,2.67,23.8,0.567,68.1,0.34201,66.04,1
96.13,74.02,4.0,28.9,0.82,73.775,0.172095,81.43,1
67.31,41.9,2.86,16.2,0.486,49.58,0.45632,49.09,0
69.36,84.16,3.7,31.4,0.18,75.88,0.24244,80.14,1
80.99,52.04,2.67,24.5,0.807,50.16,0.36944,57.28,0
76.36,62.12,2.65,19.0,0.216,59.17999999999999,0.33066,64.21,1
91.51,59.05,3.34,17.5,0.358,65.31,0.26088,63.88,1
91.35,58.51,2.28,25.1,0.762,58.58,0.2833300000000001,63.53,1
72.41,59.78,2.51,17.0,0.446,54.36,0.36794,57.16,0
92.79,65.93,3.17,23.2,0.465,66.565,0.2313549999999999,69.17,1
92.56,69.33,3.19,26.4,0.638,74.03,0.19968,72.52,1
82.7,59.43,3.36,21.9,0.544,59.97,0.311,65.13,1
99.31,63.0,2.96,25.9,0.579,70.005,0.203745,67.29,1
79.77,67.24,3.38,19.6,0.324,70.68,0.26716,68.2,1
90.8,75.41,3.34,30.0,0.529,69.13,0.20318,71.33,1
78.04,47.1,2.03,22.9,0.6950000000000001,62.23,0.35985,58.08,0
69.26,64.61,3.04,23.3,0.476,69.235,0.3214249999999999,71.44,1
74.28,57.47,2.65,22.3,0.8550000000000001,57.865,0.356875,58.29,0
71.0,55.09,2.7,18.3,0.26,52.290000000000006,0.3938599999999999,51.52,0
71.03,63.22,3.28,22.0,0.787,76.045,0.298085,71.24,1
78.02,68.45,2.66,25.0,0.8019999999999999,59.2,0.30497,66.58,1
87.17,70.01,2.82,31.1,0.8009999999999999,72.49000000000001,0.2238199999999999,74.02,1
71.12,51.81,3.14,26.7,0.951,68.53,0.3545,64.29,1
95.64,48.05,2.08,24.2,0.149,64.73,0.2790999999999999,68.25,1
79.46,78.84,3.06,17.6,0.595,66.58,0.2459,61.47,1
70.38,62.46,2.96,17.1,0.988,65.6,0.3343,64.38,1
70.46,56.85,3.02,21.2,0.123,50.38,0.39647,55.21,0
73.29,55.32,2.81,24.6,0.631,56.68,0.37084,59.17,0
86.75,58.97,3.15,29.8,0.162,71.055,0.2629249999999999,76.65,1
76.75,62.9,2.74,16.1,0.154,54.5,0.3408,55.25,0
96.24,55.45,3.32,20.8,0.913,62.73,0.2605,59.87,0
97.52,70.14,3.07,22.3,0.8019999999999999,60.88,0.21686,70.44,1
70.58,57.43,2.31,18.3,0.8029999999999999,54.16,0.38291,59.86,0
85.99,78.07,3.24,31.2,0.49,76.37,0.19272,79.87,1
94.96,70.3,2.66,27.2,0.196,74.61000000000001,0.1854299999999999,70.15,1
78.61,61.39,2.96,28.6,0.8220000000000001,65.575,0.3046649999999999,64.42,1
67.28,46.44,2.41,24.5,0.106,57.875,0.417935,60.35,1
90.43,84.99,2.71,29.6,0.454,79.72,0.14415,78.19,1
94.22,62.06,2.35,16.2,0.8859999999999999,53.17,0.27743,62.94,1
99.16,68.51,3.51,22.1,0.702,69.03999999999999,0.19071,69.72,1
70.17,44.37,2.23,11.6,0.37,45.59,0.4494399999999999,49.39,0
90.36,70.25,2.85,28.8,0.323,63.77,0.2365,74.78,1
72.89,60.34,3.29,25.9,0.375,66.89,0.32675,68.35,1
69.67,69.43,2.85,24.5,0.187,73.695,0.2919449999999999,69.44,1
94.06,75.74,3.16,25.8,0.687,60.2,0.21594,67.59,1
79.62,60.35,2.54,25.3,0.418,59.77,0.32116,63.13,1
85.75,85.6,3.4,25.0,0.1709999999999999,82.965,0.151305,78.15,1
86.02,79.22,3.41,20.4,0.157,61.225,0.234585,71.74,1
94.5,58.97,2.64,19.7,0.393,61.24,0.26137,67.47,1
73.76,70.07,3.06,26.9,0.63,60.545,0.313115,61.7,1
78.93,70.98,2.84,20.8,0.633,72.045,0.2552049999999999,75.94,1
79.46,60.36,2.69,19.6,0.8380000000000001,51.23,0.34739,55.17,0
74.68,72.35,3.0,22.1,0.884,70.38499999999999,0.273075,65.96,1
94.26,60.86,2.38,25.1,0.5349999999999999,53.13,0.2809899999999999,63.05,1
79.64,53.48,2.91,14.6,0.103,61.71000000000001,0.3358699999999999,57.82,0
75.37,75.31,3.31,19.2,0.967,72.275,0.2557649999999999,64.53,1
66.75,48.42,2.38,25.1,0.517,53.405,0.427525,57.12,0
65.18,56.14,3.14,16.8,0.514,54.565,0.4071649999999999,56.59,0
92.11,52.41,2.66,26.5,0.3279999999999999,58.195,0.299745,67.73,1
73.07,69.67,3.17,24.7,0.339,62.44,0.31139,69.49,1
71.52,70.81,3.43,24.2,0.613,85.645625,0.244553125,81.88,1
84.19,70.49,2.59,19.2,0.768,69.65,0.24282,70.71,1
95.02,43.5,2.33,18.4,0.749,48.905,0.342705,53.35,0
88.85,53.33,2.86,25.9,0.175,57.035,0.313505,60.95,1
90.15,68.25,3.0,28.3,0.5269999999999999,73.35,0.2146,77.57,1
72.64,67.83,3.3,18.7,0.505,68.57000000000001,0.3002399999999999,67.65,1
89.09,72.78,3.15,27.0,0.123,70.685,0.2132449999999999,75.79,1
93.38,59.21,3.4,22.7,0.8300000000000001,70.475,0.237425,70.31,1
70.98,45.27,2.99,20.1,0.6990000000000001,51.685,0.4252149999999999,52.79,0
80.69,49.76,2.72,25.7,0.619,47.650000000000006,0.3850099999999999,60.92,1
76.9,61.51,2.33,25.0,0.94,66.31,0.30894,67.82,1
76.21,66.09,2.2,18.6,0.876,55.01,0.33186,61.9,1
78.56,55.65,3.35,28.8,0.938,69.925,0.309035,65.67,1
75.07,54.23,2.95,23.0,0.242,61.645,0.352095,62.08,1
68.04,61.83,2.25,15.4,0.4009999999999999,50.89,0.3896799999999999,63.43,1
75.79,36.38,2.0,15.0,0.661,48.13,0.44331,50.85,0
86.47,80.38,2.87,24.6,0.575,76.08,0.18474,78.32,1
81.48,82.53,2.78,18.4,0.348,70.97,0.2135799999999999,73.72,1
72.63,78.11,2.84,17.3,0.309,71.09,0.26188,69.75,1
95.2,83.57,3.4,21.9,0.5589999999999999,80.71000000000001,0.12636,78.2,1
69.27,60.04,2.86,22.1,0.319,54.455,0.379435,63.71,1
95.03,66.0,3.01,23.5,0.19,56.435,0.252575,67.69,1
92.59,87.79,3.38,26.5,0.65,81.85499999999999,0.120705,81.12,1
97.01,66.45,3.1,19.6,0.6719999999999999,59.06,0.2354299999999999,61.69,1
82.12,57.82,3.57,22.7,0.48,58.405,0.3228449999999999,63.13,1
89.78,74.34,3.59,27.7,0.938,77.645,0.184925,71.19,1
92.91,50.91,3.0,19.2,0.644,52.15,0.31918,60.39,1
85.47,47.5,2.88,14.2,0.106,50.255,0.364855,54.5,0
69.82,85.6,3.31,27.7,0.149,80.86,0.22134,76.24,1
70.06,50.81,2.23,20.4,0.508,49.905,0.4176149999999999,56.16,0
67.0,93.63,3.56,32.9,0.2339999999999999,76.24,0.22239,85.63,1
70.98,65.11,3.09,20.6,0.927,66.52000000000001,0.3211899999999999,65.79,1
72.72,72.51,3.34,19.8,0.761,74.995,0.266605,68.76,1
81.05,76.22,3.61,22.7,0.8779999999999999,74.175,0.224615,75.51,1
94.45,44.33,2.05,15.4,0.347,42.31,0.3622799999999999,53.07,0
90.89,59.46,2.33,20.9,0.567,65.905,0.260345,71.57,1
95.96,74.39,3.3,23.3,0.5429999999999999,70.255,0.182225,80.78,1
71.41,56.47,2.51,25.8,0.505,52.95,0.3861,60.07,1
67.85,47.45,2.73,26.5,0.395,44.795,0.451865,50.27,0
98.52,63.05,2.55,21.0,0.998,71.70500000000001,0.201655,73.24,1
69.83,71.88,2.95,24.2,0.39,76.81,0.2746099999999999,69.08,1
78.58,61.48,3.06,19.3,0.454,62.900000000000006,0.31254,63.39,1
81.59,62.81,3.26,25.1,0.634,59.795,0.3058249999999999,60.64,1
92.22,57.27,2.61,21.1,0.516,51.06,0.30613,54.51,0
93.42,58.21,2.64,25.0,0.383,59.8,0.27229,67.02,1
68.74,57.45,2.55,16.6,0.995,53.39,0.39252,56.05,0
69.56,81.1,3.47,27.6,0.352,78.28999999999999,0.24359,77.85,1
87.52,59.88,2.76,22.8,0.35,60.205,0.289665,58.66,0
70.02,59.77,2.78,19.9,0.78,55.13,0.37522,58.51,0
85.34,68.11,3.28,27.0,0.979,69.305,0.2463949999999999,67.22,1
91.97,60.51,2.76,24.3,0.27,68.18,0.2460499999999999,63.37,1
74.96,62.2,2.61,17.3,0.442,69.00999999999999,0.3065300000000001,68.53,1
98.49,68.9,2.59,27.7,0.853,65.155,0.203875,66.75,1
72.44,67.06,3.23,21.9,0.985,62.385,0.321905,65.51,1
95.01,68.73,2.77,29.4,0.217,71.545,0.1991349999999999,74.66,1
99.91,74.46,3.45,25.6,0.754,74.56,0.1533,75.98,1
80.26,38.01,2.78,16.9,0.215,55.025000000000006,0.399855,57.95,0
87.85,55.21,2.63,17.6,0.174,55.870000000000005,0.31536,61.33,1
95.48,62.15,3.48,19.9,0.892,71.98500000000001,0.2156749999999999,63.92,1
70.16,77.46,4.0,27.9,0.883,80.155,0.246515,76.33,1
78.38,62.98,2.76,27.1,0.241,62.595,0.309755,60.62,1
65.23,75.25,2.96,24.2,0.483,72.85,0.29478,71.93,1
97.11,61.74,3.2,18.8,0.72,73.03,0.20725,67.74,1
92.53,56.63,3.09,16.6,0.752,59.07,0.28278,63.46,1
69.38,45.41,2.0,16.5,0.807,45.65,0.4493000000000001,51.03,0
80.02,71.48,2.78,20.2,0.592,61.02,0.28242,62.58,1
84.48,71.73,3.17,27.8,0.6799999999999999,71.92,0.2311299999999999,71.38,1
89.34,47.33,2.46,25.4,0.196,56.010000000000005,0.3326199999999999,61.98,1
99.46,68.85,3.37,22.4,0.761,75.87,0.168,70.82,1
99.66,65.57,2.96,18.8,0.819,68.305,0.199735,68.63,1
91.33,55.0,2.45,27.1,0.778,59.34,0.29166,67.08,1
93.39,76.52,4.0,30.3,0.525,92.41625,0.11963125,76.77,1
67.23,83.39,3.61,29.5,0.994,84.44999999999999,0.22756,74.95,1
91.54,60.1,2.81,18.6,0.5860000000000001,61.765,0.2682449999999999,66.01,1
69.31,72.13,3.12,26.6,0.2339999999999999,72.33500000000001,0.289365,72.03,1
74.85,58.39,2.52,15.3,0.8160000000000001,56.655,0.355465,59.78,0
80.93,72.79,2.82,21.1,0.844,74.965,0.2330149999999999,67.52,1
66.44,63.55,2.31,20.8,0.484,63.0,0.35459,61.56,1
78.84,62.8,3.34,19.9,0.325,61.78,0.3109,62.75,1
87.78,66.85,3.66,25.1,0.8949999999999999,59.755,0.269065,63.26,1
75.66,52.53,2.15,23.7,0.829,46.1,0.40147,52.21,0
80.12,66.3,3.07,23.1,0.485,72.515,0.2630749999999999,70.19,1
90.2,62.17,2.77,22.5,0.183,59.895,0.273005,66.11,1
68.4,85.3,3.93,26.2,0.246,85.485,0.2140449999999999,77.53,1
98.58,64.13,2.98,21.3,0.805,73.83500000000001,0.1917849999999999,69.7,1
88.0,58.75,2.95,19.5,0.3259999999999999,58.55,0.2961,60.09,1
94.75,62.06,2.81,21.6,0.363,71.045,0.221685,71.05,1
83.39,66.54,2.62,15.9,0.799,61.89,0.2811499999999999,63.18,1
96.82,84.04,4.0,30.8,0.683,90.560625,0.088918125,80.64,1
66.34,70.07,3.55,25.7,0.3279999999999999,73.705,0.303315,69.35,1
75.17,68.34,2.14,23.3,0.8109999999999999,61.37,0.3101899999999999,61.08,1
92.68,84.2,4.0,23.7,0.554,85.36500000000001,0.1205849999999999,80.65,1
89.12,55.54,2.86,23.0,0.754,63.44500000000001,0.2865649999999999,64.77,1
89.08,71.99,3.03,27.4,0.149,77.265,0.195915,71.68,1
99.86,41.12,2.34,17.9,0.103,55.6,0.3104,59.93,0
97.6,60.02,2.24,18.5,0.869,49.0,0.2825399999999999,54.15,0
82.63,43.92,2.55,25.7,0.9,52.025000000000006,0.3816449999999999,50.75,0
84.21,52.29,2.81,15.1,0.327,59.260000000000005,0.3285099999999999,55.93,0
77.37,53.02,2.91,17.8,0.197,60.295,0.3505749999999999,61.44,1
76.39,51.89,3.18,26.9,0.177,54.905,0.374055,60.3,1
91.76,66.26,3.41,20.4,0.426,71.045,0.2210449999999999,70.96,1
