student_id,attendance_percentage,quiz_score_avg,assignment_score_avg,midterm_score,historical_gpa,study_hours_per_week,participation_score,subject_difficulty_score,semester_number,final_score,pass_fail,attendance_tier,gpa_tier,ca_avg,rule_risk_score,midterm_relative
510845f3-fec3-423e-84ba-12422f4f8058,78.11,55.8,54.96,59.2,2.31,15.7,75.8,0.374,6,51.65,0,1,1,55.379999999999995,0.34382000000000007,-13.415999999999997
85fe2085-7fc6-41a7-9819-9062e3f12102,66.63,69.04,64.4,69.31,3.19,23.5,83.34,0.505,2,69.1,1,0,3,66.72,0.32539,8.75200000000001
a1e6e199-b45e-408a-b633-2cc2656dab41,98.21,60.37,57.75,71.17,2.69,15.0,71.54,0.918,4,65.41,1,3,2,59.06,0.21647,8.32333333333333
ed75ac0f-5371-4900-b7fa-b59e8978a2ec,79.88,59.76,50.62,44.16,2.34,26.4,72.74,0.613,4,60.38,1,1,1,55.19,0.38242999999999994,-17.300000000000004
2bcfaf42-2ff8-45b6-9975-e8f668e78fe8,66.58,45.49,57.01,49.74,2.12,20.6,72.96,0.227,7,49.1,0,0,1,51.25,0.43071,-0.7899999999999991
44cee260-078f-4d43-98ee-1262bc732822,75.27,56.14,54.23,54.6,2.43,21.2,72.83,0.434,6,57.83,0,1,1,55.185,0.369565,-10.648571428571422
0779ce7c-1b9d-4332-8b4e-58c12d656735,76.38,78.05,71.01,77.46,3.4,27.8,74.84,0.605,7,71.23,1,1,3,74.53,0.23851000000000003,6.475999999999999
289bbf8f-35ab-451b-adbc-86d197e383b3,80.38,68.3,66.79,83.03,2.78,25.8,82.38,0.5860000000000001,5,69.44,1,1,2,67.545,0.22675499999999998,16.308999999999997
a5486bf4-ddc0-4ad3-85a4-5d5e16a7fcd0,73.01,59.41,63.88,68.21,2.94,17.9,82.52,0.903,3,59.82,0,0,2,61.644999999999996,0.318395,4.031666666666666
e2f9d00a-8f8e-455b-b260-5243c60a830c,77.47,59.59,62.83,52.2,2.49,17.3,69.52,0.7230000000000001,2,66.68,1,1,1,61.21,0.34989,-10.199999999999996
ea52a31e-5d5f-4151-ab4c-7ea7c54c6d8a,76.82,64.59,71.74,63.18,2.96,28.1,79.4,0.327,2,66.34,1,1,2,68.16499999999999,0.29868500000000003,0.43888888888889
404905ab-087f-4827-95cb-fb0f3ba62e35,99.92,69.4,70.45,77.81,2.71,25.9,60.01,0.5980000000000001,7,77.27,1,3,2,69.92500000000001,0.15711499999999995,13.44285714285715
acf69442-dc25-4105-9741-437cd8fdfba7,88.52,62.67,53.96,65.71,3.05,21.1,91.14,0.181,1,67.16,1,2,3,58.315,0.273845,-0.4114285714285728
9b392407-652b-44f7-8cdb-0890a038d41f,89.35,53.05,58.41,57.75,2.16,23.7,74.24,0.946,8,59.16,0,2,1,55.73,0.30216,-0.9299999999999997
3f9f8e46-ea20-4850-9069-b5f5d2d0a20b,78.54,55.62,60.76,48.95,2.69,21.0,90.46,0.318,8,60.84,1,1,2,58.19,0.3644199999999999,-14.43666666666666
9f6ec5db-62fb-4a72-adae-fcb7c157f250,95.89,68.39,66.57,75.3,3.3,28.3,87.37,0.866,1,72.28,1,3,3,67.47999999999999,0.18810000000000002,4.634
1e2e1db8-1fd7-4ec1-8741-ec23e7013980,70.66,69.37,66.07,57.94,3.36,19.5,90.6,0.741,1,59.57,0,0,3,67.72,0.34038,-1.9962500000000034
ba2aec6f-feae-4fa9-b3a0-71426797364b,77.83,68.28,68.49,66.05,2.37,22.6,69.45,0.631,6,68.07,1,1,1,68.38499999999999,0.285375,4.6058333333333294
029f42cd-07eb-4a46-8ab5-27bd0f2939e0,78.76,70.94,66.71,75.25,2.99,19.2,100.0,0.75,3,74.77,1,1,2,68.82499999999999,0.25273500000000004,3.9399999999999977
bfc0f654-45cb-4d63-93c9-4d1aa944e43b,66.53,65.99,67.25,70.1,3.01,26.7,78.98,0.597,7,67.74,1,0,3,66.62,0.32372,8.333333333333329
51ee5b9c-85e4-4a87-8fa0-bcb37efb6db0,98.73,67.12,67.44,59.48,2.48,22.2,75.9,0.943,2,68.17,1,3,1,67.28,0.22479999999999997,-0.6200000000000045
834aba40-4d2c-4d20-aa59-19eabc9758c7,77.55,50.13,48.66,58.68,2.36,15.2,83.6,0.367,2,62.39,1,1,1,49.394999999999996,0.36557500000000004,-2.6600000000000037
528dcd2f-33b1-41f8-b72d-5e11e0e9fa48,93.35,90.4,73.48,77.09,3.45,28.8,85.21,0.404,4,75.91,1,3,3,81.94,0.14951,8.115340909090904
aadbd4ed-0613-4190-9f1e-93b04b813e79,88.52,79.21,81.67,81.58,3.97,21.3,82.84,0.394,8,72.74,1,2,3,80.44,0.15986,15.671666666666667
e8e8bd20-a92d-4c8a-b63b-f4f522476440,91.95,64.88,82.72,81.53,3.59,30.0,86.63,0.5650000000000001,6,77.73,1,3,3,73.8,0.16621,20.04714285714286
2db028fa-ad5b-4a47-a479-131ae1f64d59,80.17,55.86,63.87,70.04,2.54,15.6,79.08,0.316,6,66.84,1,1,2,59.864999999999995,0.28960499999999995,6.635000000000005
6c1668cf-89b0-4715-bc1f-9c1d59774d71,90.01,59.24,64.21,59.09,2.0,17.6,76.13,0.782,1,60.06,1,2,0,61.724999999999994,0.277515,-1.152000000000001
28439eb6-f92f-4dc9-93cd-7f85d4b445dd,68.3,63.87,63.33,57.41,2.21,23.8,77.4,0.1139999999999999,3,65.12,1,0,1,63.599999999999994,0.36377000000000004,-12.543750000000003
63696b2c-16ea-4cdb-a973-b8316704857b,82.61,73.08,67.29,68.51,3.31,24.5,81.01,0.449,4,71.12,1,1,3,70.185,0.25347499999999995,2.4366666666666816
a2b1f844-5635-4806-b69d-2727b3695d14,93.72,69.8,65.54,55.9,3.01,18.9,75.64,0.135,2,63.43,1,3,3,67.67,0.25441,-10.219999999999992
46f25401-029b-432f-a5e7-a5597b912604,88.91,61.5,60.37,67.99,2.97,23.7,74.46,0.89,4,66.24,1,2,2,60.935,0.257585,-0.6150000000000091
a474566b-362c-4af8-9e69-c6911daa4773,84.18,72.81,54.59,73.33,3.08,17.5,83.94,0.8800000000000001,8,61.49,1,2,3,63.7,0.2521899999999999,0.9379999999999882
fce41c49-709f-443f-82f8-934478d1e9dd,95.04,78.53,78.5,81.98,3.61,30.5,87.45,0.388,3,82.6,1,3,3,78.515,0.13835499999999995,18.028000000000006
99aeaedb-302a-489a-b9ec-ea3f1aa95575,88.69,57.97,47.26,70.41,3.54,18.5,94.51,0.972,1,63.8,1,2,3,52.614999999999995,0.276165,5.719999999999999
a377bc70-da99-4112-a54c-e587ad2e369a,91.65,60.07,59.13,54.23,2.46,15.1,81.86,0.988,8,60.33,1,3,1,59.6,0.29190999999999995,-9.809999999999995
25c79b7e-982c-403e-8530-8e0fa030afc9,85.72,70.3,58.36,48.74,2.77,24.7,73.67,0.491,5,59.18,0,2,2,64.33,0.31790999999999997,-12.73222222222222
54253147-b406-42e8-9acb-977a8d8584d1,65.4,55.93,62.42,60.61,2.81,19.2,80.71,0.357,8,52.73,0,0,2,59.175,0.37904499999999997,-7.545999999999992
c74d27ac-a24f-4e45-a48f-a299514e7cf6,93.07,76.97,78.41,74.67,3.4,30.8,78.66,0.726,1,77.65,1,3,3,77.69,0.17064000000000004,5.334285714285713
ec7c7ec5-3239-4f8c-bf65-60ee9e462bac,83.31,82.85,88.95,73.66,3.82,20.1,81.47,0.353,8,77.08,1,2,3,85.9,0.18808,8.47666666666666
33c057fd-2a86-4877-b804-39711343a3aa,68.74,52.47,54.77,49.85,3.17,17.5,73.61,0.3339999999999999,3,51.0,0,0,3,53.620000000000005,0.41462999999999994,-1.2324999999999946
736b6639-f36d-4855-bc8b-11fd753037f1,89.44,50.51,50.29,52.4,2.37,16.8,91.81,0.939,2,52.9,0,2,1,50.4,0.33384,-9.123333333333342
a8f808fe-7310-42c3-9248-1b946c9838d7,79.39,65.58,73.54,62.06,3.46,27.2,74.45,0.133,7,69.72,1,1,3,69.56,0.28757999999999995,-9.554000000000002
e6c36e2a-229c-4256-b649-1f3bed8fc261,74.57,63.97,61.35,67.24,2.63,28.4,78.86,0.646,6,66.8,1,0,2,62.66,0.3120200000000001,3.184999999999988
6688172d-648b-4780-a660-ee8da350236a,66.64,49.56,65.88,64.3,3.43,27.8,83.31,0.532,7,66.77,1,0,3,57.72,0.36738,5.458888888888893
0ff3fc79-5c90-4f70-b3ba-9538c6895fbf,91.43,84.01,77.34,77.38,3.06,25.3,91.55,0.914,4,71.45,1,3,3,80.67500000000001,0.16011499999999995,9.22666666666666
29a9b218-e7c0-4b87-82d0-3d9fc57e540d,96.87,85.78,75.16,90.33,3.97,26.7,83.69,0.16,5,85.96,1,3,3,80.47,0.10011999999999999,20.028333333333336
782b795e-906a-48b3-acbd-4f736949baf5,99.3,48.34,40.64,50.1,2.19,13.4,72.48,0.411,3,54.58,0,3,1,44.49,0.31903,-13.032499999999999
e664ebc8-c3a3-4c09-8a43-7e8684be4a03,99.06,70.19,79.06,73.19,3.71,23.1,80.41,0.581,4,73.5,1,3,3,74.625,0.160315,3.938888888888883
42fc212f-02c1-45e9-96e1-60f97a2d7308,72.22,52.44,63.29,64.03,3.13,17.2,89.64,0.8859999999999999,7,60.63,1,0,3,57.864999999999995,0.345435,5.948392857142856
f05d69c2-184c-4686-99b0-da7711b1076f,83.78,65.21,65.27,65.87,3.44,25.5,83.2,0.86,3,64.46,1,2,3,65.24,0.27155,-0.1280000000000001
2a13f934-c105-4368-b543-3689d2c8e128,83.62,59.11,55.41,64.36,2.67,16.0,68.62,0.39,7,61.4,1,2,2,57.26,0.30066,2.1060000000000016
0b2b297c-5a2b-4622-a700-ca886a85bc61,73.16,53.85,44.64,62.97,2.19,20.1,92.5,0.602,8,60.22,1,0,1,49.245000000000005,0.370715,4.613636363636367
3abcc91e-e464-4442-8ded-607dfc6de8d1,80.11,57.68,67.56,52.43,2.21,27.9,87.53,0.645,1,62.98,1,1,1,62.620000000000005,0.33440999999999993,3.9299999999999997
1731d35d-e6db-4397-bbcf-35ecf7c91745,94.78,47.09,49.19,43.56,2.13,19.9,84.53,0.5820000000000001,2,58.22,0,3,1,48.14,0.34578000000000003,-21.45125
1be53165-b373-41ad-b0ea-bd1b520f1855,74.8,60.61,53.56,46.29,2.18,15.9,80.38,0.65,8,55.35,0,0,1,57.085,0.39067500000000005,-16.628750000000004
ccf5fe0f-6754-4339-9276-06babefefbcd,97.62,63.67,49.69,52.87,2.0,21.0,68.8,0.716,4,60.74,1,3,0,56.68,0.28087,-3.976000000000006
4fe2489c-773c-4ff8-9bf3-4a24c8401f37,73.91,77.4,70.21,88.62,2.88,30.7,71.74,0.8480000000000001,4,76.63,1,0,2,73.805,0.21708499999999997,21.11857142857143
763e9955-1acf-4b40-8b77-0af37d66bec2,99.68,63.61,59.0,65.68,3.0,16.3,84.63,0.775,4,67.2,1,3,2,61.305,0.2203249999999999,9.737500000000004
001aa61a-e916-49f2-ae40-e379329e5971,70.73,64.55,68.23,79.31,3.38,22.0,77.39,0.835,7,68.97,1,0,3,66.39,0.27997999999999995,7.527500000000003
2df511d7-532b-4a72-8c2e-304b20c5baf0,86.84,56.55,75.34,56.36,3.37,21.8,74.02,0.306,7,65.71,1,2,3,65.945,0.285725,-7.402000000000001
737eb938-50bf-4a8c-8e73-7ab467f23455,69.09,67.2,60.06,62.09,3.17,23.3,89.98,0.905,4,65.85,1,0,3,63.63,0.34647999999999995,-6.342500000000001
3f9791bf-72f2-4da2-a30d-5d107f7e275d,70.01,72.78,65.2,79.77,3.24,19.1,62.04,0.511,4,69.41,1,0,3,68.99000000000001,0.2736799999999999,4.0719999999999885
742135a3-41fe-44a3-b393-bb627e7d4209,78.91,62.22,63.69,54.09,3.02,24.0,90.85,0.588,3,67.2,1,1,3,62.955,0.333225,-9.799999999999997
44566aba-7434-4203-88b6-7487252778ed,98.57,64.62,66.38,59.22,2.92,24.9,77.85,0.753,3,65.83,1,3,2,65.5,0.23156000000000002,-1.1679999999999993
919d1508-275b-452f-b944-4a029cced108,97.62,86.13,84.08,85.52,3.77,28.2,70.88,0.482,5,80.87,1,3,3,85.10499999999999,0.09764500000000002,9.492499999999993
7ab3ccbe-877c-4e48-b7c6-1c821460f773,71.52,56.4,63.31,52.07,2.52,22.7,91.18,0.285,1,59.58,0,0,2,59.855000000000004,0.378145,-11.298333333333332
1994a20b-f80f-4fbe-be04-285032569f48,65.16,44.89,57.06,53.24,2.14,23.2,69.64,0.507,3,55.89,0,0,1,50.975,0.426715,-11.800000000000004
be6f161e-77fd-4efa-9557-2d997e6d6384,70.79,45.76,53.31,44.36,2.11,19.0,79.7,0.602,6,53.39,0,0,1,49.535,0.43515499999999996,-13.996363636363633
717e52a1-4cdb-414c-b7ab-bb3ad0eb3143,67.99,63.5,59.38,63.7,2.72,27.7,85.39,0.285,5,61.06,1,0,2,61.44,0.35262,0.33166666666667055
1b2fa5f4-f774-42ae-a4d6-995305256b04,94.28,71.58,83.13,80.9,4.0,26.5,75.49,0.7889999999999999,4,66.12,1,3,3,77.35499999999999,0.148115,14.582222222222228
2e17c0c0-bf18-42e6-9a14-0a5e770eb602,71.37,46.65,44.44,60.14,2.64,13.0,90.17,0.3,8,55.43,0,0,2,45.545,0.39746499999999996,7.649999999999999
a1a6ae8b-9839-4452-b599-dbc3b77cb001,85.83,56.74,42.29,51.9,2.65,22.0,90.0,0.966,4,57.88,0,2,2,49.515,0.352435,-13.122000000000007
27221d03-c736-4924-acb6-900fd8a3c580,88.38,55.16,50.71,69.12,2.3,19.4,73.47,0.631,4,60.24,1,2,1,52.935,0.28031500000000004,7.675833333333337
e072347c-1f51-4c88-8431-5a6d1083bc40,92.08,80.2,73.35,72.83,3.45,25.8,79.84,0.264,2,77.54,1,3,3,76.775,0.182865,15.645714285714284
5afeaec5-0139-4739-a62e-36f29ad31a74,65.79,56.59,58.63,69.99,3.13,29.5,78.53,0.5730000000000001,5,67.05,1,0,3,57.61,0.35403999999999997,4.0179999999999865
3d65b366-3c94-4b55-af88-873c7dcc8ef1,93.79,83.67,77.27,71.87,3.43,24.0,94.49,0.196,6,79.25,1,3,3,80.47,0.16781999999999997,4.80285714285715
5980b9b9-1288-4aad-921d-9c6efb95e7e5,69.79,85.41,73.12,81.6,3.58,24.9,86.45,0.567,8,76.74,1,0,3,79.265,0.238245,18.917499999999997
264acdfc-60cd-4157-b94b-4e07e18212a3,71.45,62.89,60.95,66.96,2.86,25.1,84.33,0.457,8,65.86,1,0,2,61.92,0.32756,-5.186666666666667
6b1daf36-a339-49ac-b61f-3e6ac29f67c2,97.79,62.94,55.42,58.27,3.36,18.3,79.23,0.794,5,58.85,0,3,3,59.18,0.25648999999999994,-5.001428571428562
07f6c63c-04ff-4a6d-b94e-2e7dd04f4419,79.45,56.29,59.7,46.4,2.37,13.8,87.89,0.966,1,53.6,0,1,1,57.995000000000005,0.369015,-18.622000000000007
809d934c-728a-4faa-b6fb-59b80c3b64b1,98.26,54.23,59.36,53.88,2.64,21.4,84.95,0.7230000000000001,6,66.28,1,3,2,56.795,0.274935,-8.519999999999996
b7d5e94b-320a-4fa0-adcd-d182849d2206,66.81,70.23,72.82,65.05,4.0,22.5,82.86,0.273,8,66.45,1,0,3,71.525,0.323035,-5.185000000000002
8be90761-a80d-4d34-b4c9-0e636545d6ca,98.99,70.4,66.25,65.7,3.21,16.4,75.87,0.637,3,65.58,1,3,3,68.325,0.201965,-0.3224999999999909
4e899037-7c60-484b-857e-d60f46a5bc21,95.97,76.75,93.09125,94.50125,3.43,32.5,96.34,0.764,1,87.97875000000002,1,3,3,84.920625,0.077854375,30.961136363636363
3855c8ad-a854-4db4-9504-36073ac900d4,96.01,57.68,57.06,52.93,2.75,18.0,74.53,0.532,1,55.93,0,3,2,57.370000000000005,0.28506,-5.911111111111104
36773f1a-fb71-4092-91af-0a8c1f2f7d33,78.94,68.12,66.07,79.77,3.24,17.4,65.11,0.868,2,65.52,1,1,3,67.095,0.243645,7.097499999999997
eb8c24da-070c-4772-b597-c3cab78c2d15,73.18,64.34,70.81,56.99,3.23,28.2,78.29,0.521,5,65.0,1,0,3,67.575,0.3335849999999999,-10.499999999999993
29f977e8-403a-45cc-aacf-db4128df9f64,94.32,63.8,57.23,56.61,2.64,26.9,83.75,0.667,7,66.79,1,3,2,60.515,0.271345,-9.436000000000007
99e186fc-cad2-480c-97cd-c7be7e9de977,95.93,57.66,66.6,68.3,2.9,18.0,76.99,0.301,7,67.27,1,3,2,62.129999999999995,0.22498999999999994,2.1333333333333258
20edc20a-22b2-4218-8b1c-25efc1c2fb3c,78.69,73.53,65.77,74.26,3.37,30.8,72.75,0.327,6,75.24,1,1,3,69.65,0.25350999999999996,11.518888888888895
998e68e6-7118-4232-aac4-99c53f754c32,74.09,72.29,60.59,64.43,2.93,22.2,89.51,0.633,2,71.73,1,0,2,66.44,0.3110299999999999,6.595000000000006
0e951232-fb49-413a-959e-0e8e20d1153d,84.03,74.54,75.55,78.89,3.31,21.2,77.87,0.4009999999999999,5,73.44,1,2,3,75.045,0.202075,9.235
02c22f6b-1e7e-4393-87d6-606421078591,89.41,82.65,71.52,77.51,3.26,28.1,73.33,0.245,4,82.11,1,2,3,77.08500000000001,0.17857499999999996,11.329999999999998
e511ccd3-6cc2-40c7-af56-2a603d4725a0,74.05,69.96,57.24,65.0,2.83,16.9,78.23,0.355,7,64.35,1,0,2,63.599999999999994,0.31800000000000006,2.3116666666666674
f5b58b5e-5609-4521-a89e-4ac75aca05c8,83.94,65.63,66.82,64.6,2.78,19.7,81.55,0.737,6,65.01,1,2,2,66.225,0.27176500000000003,6.042499999999997
1c14a752-f9ec-4572-aff3-e51fd046c3e6,67.03,89.28,76.23,70.2,4.0,21.3,76.41,0.837,3,74.2,1,0,3,82.755,0.27301500000000006,6.83625
cb9b0fc8-cf7c-467f-8b76-3805f9169f1c,88.92,48.5,43.2,47.5,2.43,14.8,87.9,0.174,6,54.19,0,2,1,45.85,0.3642699999999999,-9.52666666666667
cda4653d-f63c-492c-bf7f-14b51fe5289f,95.38,65.77,63.94,60.07,3.27,19.2,89.31,0.771,3,63.54,1,3,3,64.85499999999999,0.24370500000000006,-2.9810000000000016
56cb556f-e403-49f7-b11a-30f8d46a7678,66.09,58.37,50.41,57.3,2.53,23.0,83.65,0.86,4,58.53,0,0,2,54.39,0.40057000000000004,-8.698000000000008
b2e826d8-1e81-4729-b850-8017fae4a60e,98.86,64.21,57.35,54.86,3.02,22.6,75.41,0.686,5,62.29,1,3,3,60.78,0.25764,-13.135000000000005
39d21919-33ab-48ba-8645-b1659ae286f7,74.41,62.93,56.21,57.2,2.63,20.7,74.49,0.64,8,63.33,1,0,2,59.57,0.35205,-6.537999999999997
aaa9999c-1600-45e0-9f17-fe623e24a1b2,98.34,75.22,75.69,69.23,3.39,19.1,77.41,0.534,4,73.19,1,3,3,75.455,0.172585,4.665000000000006
963e3de8-51c3-487a-8505-4077094ba89a,89.59,64.08,64.32,50.59,2.78,15.9,74.54,0.1709999999999999,6,64.76,1,2,2,64.19999999999999,0.29727000000000003,-19.83
45ecc64b-2d2c-403d-9b81-32dde60052d9,93.75,58.26,55.32,57.24,2.8,21.7,67.73,0.942,8,62.45,1,3,2,56.79,0.28291,-8.600000000000001
34deb5b1-d78b-4cf0-abb4-02594782590f,89.99,66.23,60.55,65.14,2.65,23.0,90.54,0.5740000000000001,2,73.03,1,2,2,63.39,0.25445,-1.7175000000000011
4928e2eb-34aa-4b56-bc9a-d65025c1fb29,85.76,59.73,71.4,50.81,3.07,21.0,84.57,0.49,8,65.05,1,2,3,65.565,0.30783499999999997,-9.041428571428575
c18c0391-d896-4a51-8129-36d482d23abf,82.44,82.6,80.85,81.55,3.86,21.1,71.82,0.128,1,76.86,1,1,3,81.725,0.18041500000000002,14.811428571428564
6fb981b0-7cf7-4836-be31-d1e58aee84bb,98.63,76.12,68.35,77.55,3.32,26.8,100.0,0.563,1,78.98,1,3,3,72.235,0.156125,6.1200000000000045
70d2bd45-2b89-4763-ae11-601c219b94bc,80.35,72.51,55.09,59.59,3.15,18.5,81.43,0.661,8,61.52,1,1,3,63.800000000000004,0.30843,4.605000000000004
bc5ba9b1-2c0b-4587-ae19-4145f5e42dad,92.16,80.21,63.78,62.88,3.64,24.2,74.37,0.493,6,69.89,1,3,3,71.995,0.22673499999999996,0.730000000000004
4a063195-9c41-4df2-a0cf-efb3dfac1499,95.48,59.52,79.02,62.52,3.17,30.5,71.04,0.3319999999999999,5,71.51,1,3,3,69.27,0.22270999999999996,1.7283333333333388
24f396df-00db-404e-8951-1fae521f3b4b,85.95,57.52,61.27,66.29,2.82,21.5,75.27,0.702,1,57.82,0,2,2,59.395,0.279145,1.1950000000000074
4f134ba5-404f-4d77-9585-ca76c070eb95,80.08,63.39,66.09,73.36,3.48,23.7,89.78,0.86,4,71.43,1,1,3,64.74000000000001,0.26538,7.361999999999995
71b298d7-3e89-4400-b627-76ff1bca001e,84.53,61.15,63.46,55.48,3.07,18.0,93.73,0.458,2,66.21,1,2,3,62.305,0.308525,-5.3940000000000055
92c16406-fb92-49a2-9297-6e1b89b12446,98.78,77.3,80.02,57.3,3.96,20.0,78.88,0.127,5,71.28,1,3,3,78.66,0.19700000000000004,-10.64
76904561-da84-42ad-8be0-a7faf1fdeaee,71.59,64.18,70.34,72.84,2.8,29.9,79.18,0.32,2,70.24,1,0,2,67.26,0.29333999999999993,8.747500000000002
1b8cc8ce-ae73-4f90-9b51-71c3f9b45659,95.41,63.11,62.84,63.93,2.44,23.5,85.35,0.454,5,62.83,1,3,1,62.975,0.23764500000000002,0.3509090909090915
431ce89c-37a5-4673-a80a-b07af72d6ef2,70.58,63.51,76.55,70.11,3.41,22.0,82.42,0.7889999999999999,4,64.78,1,0,3,70.03,0.29725999999999997,3.7922222222222217
f7af3781-7f4b-4262-8a25-3012710f285c,88.37,74.64,69.31,78.83,3.16,24.5,81.0,0.105,7,79.97,1,2,3,71.975,0.194105,12.416666666666657
61a50988-9da7-4527-b387-9b360bf3270c,84.72,83.86,68.83,86.08,4.0,25.6,80.33,0.252,6,77.99,1,2,3,76.345,0.17384500000000003,19.37222222222222
39b9b745-2cb7-4610-af6b-a693ee97f104,86.68,41.85,44.25,49.83,2.0,15.0,79.84,0.442,2,48.0,0,2,0,43.05,0.37464,-11.238571428571433
4e9c28f0-eeca-462a-aba6-473eaf3f7d9b,81.68,71.4,55.07,70.94,3.32,23.2,77.84,0.907,5,69.44,1,1,3,63.235,0.27075499999999997,2.8900000000000006
73d826a9-dfff-44fa-9b3d-74b9b3bd8c50,96.43,67.59,63.38,64.96,2.49,20.0,79.21,0.377,7,75.99,1,3,1,65.485,0.222945,-4.640000000000001
80de157f-d76f-4d31-8d1c-6550f9f5fb37,68.14,67.95,79.73,65.86,3.38,29.5,75.68,0.366,1,71.66,1,0,3,73.84,0.30833999999999995,3.3899999999999935
d112dfde-aa7e-4830-8c31-eb31f86cfe82,84.86,77.43,74.97,78.28,3.68,27.2,81.11,0.837,6,78.78,1,2,3,76.2,0.19712,14.916249999999998
b43d3ef9-a1af-412e-b7a9-c61d275c8561,87.63,67.13,63.66,69.87,3.21,24.2,73.14,0.759,4,64.32,1,2,3,65.395,0.243685,5.598571428571432
a8392ec8-9a08-4afe-9754-dfeb31e36432,79.83,59.81,53.7,70.39,2.31,24.0,82.48,0.877,7,59.37,0,1,1,56.755,0.299245,-2.1883333333333326
f27f0288-daa3-46c3-ac5f-e6c5d6893f1a,75.93,61.69,61.85,57.02,3.24,24.6,85.34,0.708,2,57.96,0,1,3,61.769999999999996,0.33991,-7.655000000000008
3002fb3c-e343-4ae6-8d4c-8f3e537a5c10,79.99,78.81,74.85,70.17,2.87,19.4,84.51,0.177,1,68.33,1,1,2,76.83,0.23904000000000003,12.482678571428579
d6838dc4-d582-468a-ac97-cd8c9448ac7f,77.84,84.21,70.98,86.39,3.55,28.5,81.57,0.344,8,76.86,1,1,3,77.595,0.19668499999999997,23.490000000000002
fcaf6fe4-dda8-4026-856a-c1bcf8eb4a54,87.78,49.59,52.61,38.38,2.61,17.3,83.35,0.154,4,59.51,0,2,2,51.1,0.38043999999999994,-24.485
ba779e12-5724-451c-a770-e62be37ae4ac,70.97,61.61,60.51,55.75,3.09,19.2,86.92,0.319,6,63.9,1,0,3,61.06,0.36569,-9.362857142857152
0d656153-89d1-4103-a894-7ba97ee9d885,83.23,59.37,54.94,59.3,2.79,23.4,84.66,0.133,1,62.26,1,2,2,57.155,0.31771499999999997,-12.314000000000007
434c0b60-15cd-497e-b82e-ba8531c82f68,78.33,47.58,49.41,60.42,2.47,16.8,83.59,0.617,4,55.06,0,1,1,48.495,0.35993499999999995,-2.4599999999999937
0865d952-8017-41a0-8399-db53d8d74a19,94.8,66.96,71.34,64.52,3.06,26.5,82.57,0.374,1,70.48,1,3,3,69.15,0.21978999999999999,-8.096000000000004
b77cc91f-8f37-4147-9ce2-2ec33978abc7,98.51,65.94,61.93,56.3,3.51,18.8,71.81,0.908,6,64.02,1,3,3,63.935,0.245255,-3.272500000000001
11d10619-1981-423d-86e3-e29d38c33809,71.12,40.76,37.64,33.71125000000001,2.04,15.6,80.43,0.381,6,44.13,0,0,1,39.2,0.49678625,-26.643906249999993
a58ad6db-1b8e-4b2b-9f23-c1436dc3ce7c,94.8,64.13,78.18,78.42,2.61,20.0,79.37,0.779,7,67.99,1,3,2,71.155,0.172075,2.9200000000000017
3beab038-bdd3-4c7b-b2af-0d759679d027,89.33,58.87,57.64,60.07,2.74,25.1,80.02,0.654,4,65.19,1,2,2,58.254999999999995,0.287705,-1.2099999999999937
bd7b26d9-54ec-409f-aba7-6cb46a7a2bb0,94.68,61.84,59.71,65.89,2.2,18.1,64.45,0.259,5,73.29,1,3,1,60.775000000000006,0.24128499999999994,-1.8019999999999925
8990533d-fd01-48a7-a1bd-11461a6a7bdb,91.93,65.15,63.39,64.81,3.2,17.7,73.63,0.5820000000000001,1,68.37,1,3,3,64.27000000000001,0.2450399999999999,-0.2012500000000017
1cc7d7a1-4aff-45d5-81e3-fd753aa9f270,87.03,60.5,58.25,64.86,2.35,21.3,74.5,0.214,2,63.86,1,2,1,59.375,0.27917499999999995,-3.6000000000000085
5c7e8154-9036-4fd6-bd95-7f8c8c9c8481,76.36,70.96,55.29,52.29,3.32,27.2,78.33,0.96,1,62.38,1,1,3,63.125,0.34831500000000004,-7.5760000000000005
977ea0a2-4810-419c-a141-d62b79ded6e6,93.31,67.01,65.46,66.41,3.07,26.6,79.85,0.448,6,74.25,1,3,3,66.235,0.228825,-1.2219999999999942
f59cbf44-3d1f-434e-a77d-835935823327,87.28,60.67,53.12,58.96,2.71,23.3,93.78,0.1379999999999999,1,67.96,1,2,2,56.894999999999996,0.303315,4.993125000000006
695db9fe-d0b5-41b2-8731-b962855372e4,93.07,65.34,78.19,78.51,3.46,31.6,71.39,0.595,6,70.05,1,3,3,71.765,0.17689500000000002,2.469999999999999
5536af64-c526-4ce6-848d-3310923be5cb,91.75,71.44,67.82,83.75,3.27,26.4,77.99,0.7969999999999999,1,74.09,1,3,3,69.63,0.17286,21.18181818181818
6da286b2-e9f3-45f9-b472-ef3ec7b84599,96.35,68.22,69.69,65.09,3.17,23.7,80.33,0.655,2,72.53,1,3,3,68.955,0.21246500000000001,2.510000000000005
768000bd-58a9-449f-bf94-78735fa53776,69.48,66.88,65.18,60.61,2.66,25.3,64.42,0.949,6,61.92,1,0,2,66.03,0.34215999999999996,-7.555000000000007
08a8badf-4dce-4d9a-a50e-9f4bd0ddc967,82.36,63.4,74.96,67.06,3.33,24.3,70.07,0.981,6,68.18,1,1,3,69.17999999999999,0.2618400000000001,-6.222499999999997
8f68442d-1025-4ebb-bae6-cce0c73852bd,90.5,77.91,72.57,63.63,3.35,28.2,74.79,0.292,3,72.09,1,2,3,75.24,0.22139000000000003,-2.9499999999999957
eea80061-da0a-4092-99ff-e21f25c57500,79.47,59.98,59.6,49.77,2.63,15.7,81.3,0.889,5,54.54,0,1,2,59.79,0.35344000000000003,-6.2024999999999935
26d96dde-e84f-4005-aee9-b9200dd781b6,70.6,60.74,64.87,55.1,3.23,18.1,76.62,0.6,8,60.98,1,0,3,62.80500000000001,0.363885,-4.854999999999997
8172569b-53aa-49fb-b7e6-bed8d8f99840,89.08,79.98,65.33,83.48,3.47,29.8,86.62,0.7110000000000001,8,79.39,1,2,3,72.655,0.175275,15.70375
f2329c86-b130-449a-96ac-af5e9526b67f,70.21,67.67,78.42,67.56,3.32,22.8,87.46,0.471,8,68.43,1,0,3,73.045,0.297345,0.4437500000000085
a644f560-4fda-4acd-a1a2-fffceb3ebc40,78.57,65.48,58.89,70.66,2.8,16.4,85.87,0.148,8,63.79,1,1,2,62.185,0.28718499999999997,-0.7700000000000102
192ed622-c966-4148-ab32-5dd7608f1d38,88.68,64.32,59.36,66.74,3.02,23.7,74.81,0.8099999999999999,8,58.35,0,2,3,61.839999999999996,0.25954,-2.4283333333333417
116190e2-31c1-452b-8ddf-242fc8e630c7,69.28,61.83,70.29,62.98,3.05,27.3,86.18,0.369,1,69.56,1,0,3,66.06,0.33576,-0.4933333333333394
16665953-882e-411e-9456-41c5e047b0dc,79.74,78.36,74.47,69.94,3.35,26.4,88.71,0.629,1,74.45,1,1,3,76.41499999999999,0.24197500000000005,4.679999999999993
8455df29-a533-4e92-b116-8fa4b00a1027,70.79,67.15,71.93,73.62,3.19,28.2,76.71,0.4389999999999999,8,71.79,1,0,3,69.54,0.28735999999999995,6.980000000000004
f72c5bcf-0860-4cec-947d-44cd166dffcd,71.51,68.45,55.83,61.0,2.93,22.0,76.97,0.493,1,61.03,1,0,2,62.14,0.34453999999999996,-1.1499999999999986
c909600a-84f0-4e4e-8bcb-1bc1d7d655ec,78.96,60.96,64.9,54.85,2.52,25.4,79.47,0.486,1,64.13,1,1,2,62.93000000000001,0.33082,-2.432000000000002
00ab222f-136f-458c-acf3-7f9e64783c5f,92.18,62.4,53.34,70.32,3.16,16.2,77.75,0.697,4,67.47,1,3,3,57.870000000000005,0.24670999999999998,3.4399999999999977
83b0d741-5111-44ec-8127-b1514671e523,92.57,62.47,73.96,56.61,2.97,19.5,82.46,0.971,5,64.54,1,3,2,68.215,0.25524500000000006,-8.474999999999994
1f6ea7c3-063a-4231-bc8c-c57e32caf366,68.99,56.3,62.05,56.11,3.08,16.5,100.0,0.874,2,63.37,1,0,3,59.175,0.37818500000000005,-6.849999999999994
1a3bdf06-52cf-40a2-b46d-e435d91431e7,84.21,60.33,69.43,65.02,3.38,18.3,71.01,0.188,8,68.13,1,2,3,64.88,0.27346000000000004,2.1099999999999923
9acfc624-5881-49d8-bc18-e8fe102e03dd,79.41,80.27,70.03,65.52,3.16,18.2,91.0,0.808,8,71.69,1,1,3,75.15,0.26035,-1.6583333333333314
535029f3-7235-433a-9b13-c7ec64146c85,84.07,65.82,65.34,55.08,2.94,18.5,80.69,0.776,1,64.49,1,2,2,65.58,0.30174000000000006,-14.22666666666666
1c055ea6-c6c8-488f-9b21-e489d022ebb9,65.95,58.16,62.36,67.3,2.63,24.4,79.96,0.8400000000000001,2,61.5,1,0,2,60.26,0.35352000000000006,-0.3200000000000074
ef1cf858-4f1d-4dfc-b3e8-0ab022e99441,71.85,61.74,51.47,49.1,2.24,22.2,58.80000000000002,0.602,2,58.1,0,0,1,56.605000000000004,0.39548500000000003,-9.25636363636363
1204a66c-42d4-4669-a55e-2b1b9d139b54,76.09,58.88,55.82,62.94,3.43,16.3,71.46,0.8939999999999999,4,55.58,0,1,3,57.35,0.33476999999999996,-1.051111111111112
5cdc58e1-47cc-4dfb-89b1-9b8275f952aa,99.59,72.43,77.04,71.39,3.78,31.7,83.12,0.184,4,76.34,1,3,3,74.73500000000001,0.16326499999999997,10.354444444444454
56e27234-41c7-42ba-93e7-f192acb62022,90.18,61.76,59.24,59.11,3.15,18.2,82.81,0.524,7,59.65,0,2,3,60.5,0.2804499999999999,-13.773333333333326
ef75904b-cc22-4c66-9212-68a23cb1b583,73.9,74.0,74.17,64.04,3.45,20.1,81.95,0.478,2,67.09,1,0,3,74.08500000000001,0.2900249999999999,-1.957499999999996
cb342429-3427-4c14-8bc6-fd4dc869631d,77.18,77.0,85.07,88.35,3.93,26.0,76.55,0.981,3,75.85,1,1,3,81.035,0.183125,15.067499999999995
df40aae2-383f-437c-9f34-b0b54aacd532,65.13,51.58,58.61,61.24,2.55,17.2,75.25,0.787,5,55.53,0,0,2,55.095,0.390475,-9.081428571428567
c880cece-b36f-450d-a34b-ab5d055ac288,87.86,75.53,65.86,76.74,3.34,25.0,85.2,0.2,8,71.09,1,2,3,70.695,0.20625500000000002,9.933333333333323
a8313ee4-2a8a-4480-b1a5-3d4da6875cde,78.36,57.85,53.51,57.69,3.13,14.8,76.76,0.97,6,56.13,0,1,3,55.68,0.34645,-5.518333333333338
0bdf3fb7-31ad-4e03-be9f-feb86316378f,95.04,70.08,74.5,74.12,2.88,28.0,88.69,0.353,7,72.1,1,3,2,72.28999999999999,0.18061,8.936666666666667
ab8e37cf-aadc-4263-ac6c-c0fb2ff3b14d,69.21,59.92,59.36,60.92,2.67,19.1,85.96,0.639,3,57.96,0,0,2,59.64,0.36147999999999997,-8.183333333333337
c9a38d35-ca9e-494f-b29b-2d668635bdcb,96.6,75.34,74.71,71.06,3.35,17.5,74.81,0.625,8,73.1,1,3,3,75.025,0.175345,7.819062500000001
4c367679-c6e9-4888-b8e2-5604910e2164,88.06,74.21,74.63,88.51,3.51,26.2,71.04,0.407,4,77.24,1,2,3,74.41999999999999,0.15897000000000003,24.74000000000001
2c0b7773-75ed-4d39-bf64-8c9898bf2be0,80.52,85.66,87.55,83.98,3.65,21.2,67.18,0.446,5,77.78,1,1,3,86.60499999999999,0.166165,14.25
688462aa-5db1-4dc8-b69a-24bb5255454a,99.43,48.55,42.41,49.78,2.07,23.6,78.52,0.505,5,52.76,0,3,1,45.48,0.3165,-10.777999999999992
20337126-a567-4376-8ead-a46620ac9af8,81.87,62.65,64.18,64.51,3.08,17.2,80.05,0.297,3,63.82,1,1,3,63.415000000000006,0.288745,-6.1299999999999955
45651fb4-8bf5-465d-81ea-73812a77b42c,81.2,64.41,70.02,68.51,3.24,21.5,75.35,0.836,5,68.73,1,1,3,67.215,0.26802499999999996,4.521250000000009
d5afb7b6-0557-473b-9773-1eb16f12b21b,77.08,73.85,83.43,73.67,3.19,24.1,67.89,0.47,8,69.22,1,1,3,78.64,0.23475000000000001,12.365000000000002
7c036aeb-9936-4280-a47a-df765a5d8315,88.61,78.57,68.16,77.75,3.46,18.5,76.98,0.6990000000000001,1,73.76,1,2,3,73.365,0.19221500000000002,18.1075
101179d7-2d74-432b-ad49-376fa3f058dd,80.97,55.12,63.61,52.62,2.73,22.6,78.65,0.7110000000000001,2,60.76,1,1,2,59.364999999999995,0.340165,-15.156250000000007
68d55fd3-c301-45c1-8287-af355e8e0be2,82.58,71.6,71.47,81.02,3.56,25.1,84.47,0.579,3,76.86,1,1,3,71.535,0.21201500000000004,13.091428571428565
f3b2f3d2-6034-431e-8b69-e4a058f8e304,82.01,60.33,60.1,52.77,3.1,23.2,73.07,0.861,6,58.74,0,1,3,60.215,0.33300499999999994,-13.79571428571429
ade48e6a-bd38-4208-a273-371c1a2f5319,67.72,78.0,73.53,64.72,3.54,23.6,97.53,0.783,7,65.47,1,0,3,75.765,0.307665,3.8700000000000045
ec7d433a-b686-4268-ba11-a30b1f06b024,76.16,53.26,54.49,50.67,2.0,13.8,91.86,0.487,4,56.12,0,1,0,53.875,0.381725,-12.534999999999997
588aad10-a973-40d2-b8e7-b9b94e85dd9e,83.1,75.21,66.11,63.25,3.19,28.0,89.78,0.622,6,70.76,1,2,3,70.66,0.26587000000000005,-0.00999999999999801
3e9a9929-d514-4d25-a2ec-a9a49f43fc2c,80.89,59.47,54.36,56.23,2.77,19.1,80.05,0.135,6,61.1,1,1,2,56.915,0.337005,-9.889999999999993
7d68ff06-8ce2-4b89-a19e-01667cdd3e09,78.84,66.76,68.74,64.38,3.25,28.6,68.77,0.5269999999999999,6,62.99,1,1,3,67.75,0.28824999999999995,-2.9350000000000023
2bbb2f43-56db-4b89-b81f-781235da6256,86.1,44.13,53.17,37.6,2.36,19.3,70.56,0.786,3,49.5,0,2,1,48.650000000000006,0.39685000000000004,-18.189999999999998
33bb05c5-51c8-4e3a-b424-b912888ee642,93.94,71.47,78.2,87.38,3.4,21.5,81.37,0.249,7,82.59,1,3,3,74.83500000000001,0.137595,19.506
6cb6c4ae-a615-4329-b242-2160b812faf6,69.87,77.05,69.75,81.18,4.0,29.0,95.67,0.281,5,76.58,1,0,3,73.4,0.25677999999999995,16.335000000000008
a8d0f5d0-ba5d-49f4-8ad9-f6e7f3dd87fd,89.88,73.54,72.4,60.61,2.29,16.3,82.61,0.152,8,74.72,1,2,1,72.97,0.23974000000000004,-2.3188888888888926
f3b8b0c2-fc85-4e9b-9a4e-43815e37fc7b,74.65,56.71,62.32,64.61,2.97,20.6,88.37,0.357,1,58.64,0,0,2,59.515,0.32902499999999996,-3.5459999999999923
659b46b3-0d84-4ea6-a0d5-f228ebe7e740,86.2,81.75,86.44,86.43,3.86,26.6,96.88,0.632,7,78.96,1,2,3,84.095,0.14362499999999997,18.224000000000018
21d7e0b3-c91e-42ec-84f8-e9e56548831d,98.46,64.74,63.59,70.75,3.05,23.7,58.80000000000002,0.934,8,73.06,1,3,3,64.16499999999999,0.20141500000000007,1.3374999999999915
57575bbe-d025-41b7-8a54-f8730f0e8afe,87.56,67.13,74.48,70.44,3.66,27.4,89.67,0.162,5,70.38,1,2,3,70.805,0.226025,-2.242500000000007
e10bb077-a429-4a0f-873b-ff308a309784,91.37,78.39,75.01,74.53,3.01,24.0,81.69,0.1699999999999999,8,78.29,1,3,3,76.7,0.18082999999999994,15.76583333333334
bf6ef607-5895-437c-b0b0-47983c76722c,87.12,57.49,51.04,49.24,2.41,13.0,76.21,0.53,2,58.02,0,2,1,54.265,0.34100499999999995,-15.524999999999999
bafb28c5-89dd-4fb7-8192-c7e3f6e34234,67.55,44.35,43.81,41.68,2.52,16.3,78.45,0.529,1,43.87,0,0,2,44.08,0.47251999999999994,-24.633999999999993
b0345aad-334b-4e3b-bed7-54d1bfa506b2,66.18,62.71,58.04,60.88,3.23,26.0,78.91,0.8390000000000001,6,64.01,1,0,3,60.375,0.371515,1.0450000000000017
b7a28ebc-0a9a-4ccb-80e7-cbbff937738e,67.51,56.59,56.57,55.5,2.56,20.1,90.96,0.229,7,58.07,0,0,2,56.58,0.39372,-11.50666666666666
7fd75cf0-30a1-4403-abbe-3bf3de427eb1,70.55,72.28,82.32,72.78,3.54,22.2,85.65,0.634,1,74.51,1,0,3,77.3,0.26756,8.37166666666667
db9e2f95-d523-42b5-a650-8e4d28454b4b,67.19,65.67,67.1,68.82,2.89,28.9,73.45,0.382,4,61.6,1,0,2,66.38499999999999,0.32562500000000005,4.25
0a0849fc-c1d7-4078-86bb-52115461972c,97.77,52.72,56.91,54.83,2.28,25.2,83.69,0.225,5,67.06,1,3,1,54.815,0.279985,-12.069999999999993
cb39193c-d7d3-4d1f-b08e-09c032e20e0c,89.96,68.06,61.91,73.19,3.09,24.8,77.72,0.143,5,64.29,1,2,3,64.985,0.22563500000000006,6.796666666666667
6b4ff757-21f2-4a9d-9b92-fafa9bd9a551,95.3,61.54,65.45,72.86,3.13,16.0,77.71,0.597,4,68.67,1,3,3,63.495000000000005,0.20973499999999998,11.093333333333334
2da1236e-8108-4cc9-a5bc-b00d09d6b82e,94.76,66.62,76.99,70.99,3.41,25.4,71.43,0.366,8,73.55,1,3,3,71.805,0.19257499999999997,8.519999999999989
26e49096-2310-48aa-ab2d-623957cb0179,81.39,57.61,61.96,61.56,2.71,25.9,81.84,0.19,2,70.19,1,1,2,59.785,0.31040500000000004,-1.7999999999999972
0f0ec7e9-af82-4ed9-b47f-f73e8f8abcbe,65.51,42.93,47.09,33.71125000000001,2.54,20.1,60.72,0.109,3,51.07,0,0,2,45.010000000000005,0.5017962499999999,-23.44395833333332
819b8c52-5f5d-4df5-b602-091266c51dc8,80.92,55.35,55.56,54.22,2.76,19.7,70.99,0.492,8,56.87,0,1,2,55.455,0.347295,-14.13666666666667
7def0077-23da-4657-91fd-cf2bd8f175e5,75.27,72.45,58.39,55.7,3.04,27.3,80.41,0.121,3,67.26,1,1,3,65.42,0.33555999999999997,1.6750000000000043
818585c3-6a85-4ae4-b36a-a174b372e350,75.19,71.8,72.43,76.38,3.6,31.0,75.04,0.154,4,81.53,1,1,3,72.11500000000001,0.253755,13.514999999999993
76dd483d-2c6e-4d72-aa45-87f6e3ac728d,67.02,67.65,66.64,63.96,2.98,19.1,75.22,0.6599999999999999,2,59.52,0,0,2,67.14500000000001,0.33860499999999993,-1.8557142857142779
bdd271bc-482c-4d60-8b74-94588284592e,99.36,63.47,58.03,59.55,2.25,24.3,78.79,0.752,1,66.57,1,3,1,60.75,0.24166,-1.9785714285714278
22169f4e-072c-47ba-b2d2-38d37539731e,96.15,64.8,58.97,75.08,2.33,21.7,81.48,0.712,5,70.93,1,3,1,61.885,0.204505,4.887142857142862
9b61a487-09d7-4d78-b012-f8c54b371c40,91.63,61.37,68.28,80.67,2.56,27.7,87.63,0.7070000000000001,1,72.89,1,3,2,64.825,0.196995,7.819999999999993
a731a546-e93d-4030-9c86-bfafffaeab63,99.34,73.29,70.95,72.22,3.01,24.8,67.06,0.1659999999999999,6,76.03,1,3,3,72.12,0.16961999999999997,11.802500000000002
6b67b123-da7d-4b77-b880-6a7072e31e2d,77.43,66.77,78.92,77.33,3.17,27.9,71.54,0.512,1,70.31,1,1,3,72.845,0.23975499999999997,10.77000000000001
6fd1f018-5717-44d5-af22-30c54861445d,70.69,78.24,75.41,77.31,3.2,23.7,84.84,0.8630000000000001,8,70.2,1,0,3,76.82499999999999,0.25483500000000003,14.468888888888884
8eb793a4-5917-4596-b902-a322c7373709,73.6,74.81,69.46,70.62,3.45,24.5,98.05,0.182,6,72.26,1,0,3,72.13499999999999,0.27733500000000005,16.395000000000003
d7617564-1ab1-4a6b-9a23-59e1a29371e5,97.14,70.92,73.16,63.13,3.11,20.9,67.36,0.6910000000000001,2,70.22,1,3,3,72.03999999999999,0.20593,-3.7071428571428626
10ac45df-cab4-4d35-b457-17f599b76c25,73.0,63.94,73.06,79.71,3.07,24.9,65.4,0.8560000000000001,5,65.72,1,0,3,68.5,0.26337000000000005,12.885555555555555
52d0efa0-9cac-4bdb-9cb2-f6a6d249ce70,77.36,67.01,61.47,70.99,2.44,23.2,79.9,0.268,3,66.78,1,1,1,64.24000000000001,0.28487,5.997499999999988
1c43466f-d5c7-486e-a7e6-07b0f1a054cb,87.26,59.34,61.22,64.9,3.3,17.4,87.2,0.417,4,67.47,1,2,3,60.28,0.27541999999999994,0.30000000000001137
acbce25d-d77c-4983-8694-1d4cb9991c18,70.31,69.29,61.2,54.08,3.2,17.0,59.53,0.976,7,59.85,0,0,3,65.245,0.36078499999999997,-8.870000000000005
5665b7d8-8423-41fd-ba24-341765cd79f9,66.82,58.09,56.27,65.99,3.28,21.0,84.73,0.906,5,64.09,1,0,3,57.18000000000001,0.36321000000000003,-2.6100000000000136
baa6e840-088c-421b-b175-e1674e7278af,89.94,64.12,64.96,59.03,2.58,22.6,91.38,0.6950000000000001,3,70.89,1,2,2,64.53999999999999,0.26953000000000005,-3.0288888888888863
ba94c5e6-c8f9-4564-95ee-fbb880dd7470,65.72,58.48,49.02,62.38,2.32,21.1,83.8,0.669,3,57.78,0,0,1,53.75,0.38873,0.34200000000000585
249b2486-a429-4c65-a86d-dba9caf9396e,91.57,61.75,54.35,66.42,3.29,22.1,87.96,0.929,7,63.96,1,3,3,58.05,0.26031000000000004,2.3358750000000015
d408ef2b-4b29-488d-af83-a8e8ea2477b8,66.82,60.07,59.68,56.38,3.06,17.4,85.9,0.492,8,62.85,1,0,3,59.875,0.383955,-11.976666666666667
b7745205-f03b-4e68-a61b-7e3d849720bd,82.37,53.09,57.74,58.85,2.4,24.3,79.43,0.11,2,66.34,1,1,1,55.415000000000006,0.32772499999999993,-1.88428571428571
4cf514b5-c03a-4081-9065-cccfb6ee2729,68.41,66.3,80.83,68.17,3.66,23.9,65.77,0.534,8,65.64,1,0,3,73.565,0.30115500000000006,3.605000000000004
a76b0e3b-bc03-4ec3-a15e-2a49a296ff87,71.27,72.32,60.45,63.79,2.72,27.9,71.9,0.705,5,64.26,1,0,2,66.38499999999999,0.32439500000000004,-0.13600000000000279
1a843b5a-b335-4987-b772-28a99eceaa3a,97.74,56.2,65.34,58.9,2.63,15.1,70.18,0.47,6,61.63,1,3,2,60.77,0.25003,-2.405000000000001
3f261af7-55f0-4cfc-8c42-a9fdbdd05ae0,76.69,66.01,55.23,47.38,2.35,15.2,89.89,0.437,4,57.26,0,1,1,60.620000000000005,0.3692399999999999,-20.938333333333325
a2a401e9-1a7c-4791-beec-37a85fdb17a2,92.33,71.78,75.54,68.33,3.01,29.5,80.9,0.981,1,69.5,1,3,3,73.66,0.20471000000000003,-4.952500000000001
f24f9b6c-7afa-44f0-8de1-53d15bc809ca,90.83,68.85,53.94,48.94,2.43,20.7,74.7,0.3419999999999999,4,67.61,1,2,1,61.394999999999996,0.30567500000000003,-15.661428571428573
3181879a-f8c9-4fac-b56e-cfffafa219a0,70.04,61.48,69.31,78.29,2.97,23.1,80.92,0.6769999999999999,6,65.14,1,0,2,65.395,0.28878499999999996,13.835000000000008
6027fd05-712e-4da0-8e37-e2acf2fc13cc,98.78,68.88,78.14,82.89,2.95,25.7,72.66,0.8789999999999999,1,75.09,1,3,2,73.50999999999999,0.13568000000000002,19.986666666666665
56b0ee5c-cfa9-471e-877a-56a3717c707e,86.43,49.18,62.7,55.83,2.38,18.6,80.56,0.946,2,60.68,1,2,1,55.94,0.31897,-2.8500000000000014
7019ecec-8ac4-43a4-8ece-5cf56de9a2b2,78.97,62.98,56.15,59.35,2.88,20.7,81.52,0.333,5,54.4,0,1,2,59.565,0.32737499999999997,-0.6766666666666623
efbe4584-5aee-4a42-90b7-ed7ad67c49ef,99.87,74.04,64.41,78.9,3.51,20.1,88.48,0.145,4,77.66,1,3,3,69.225,0.15614499999999998,5.294000000000011
b1bf7bdb-0da5-479f-8ed8-eebe7341e77e,65.48,51.82,50.54,50.03,2.6,23.6,74.27,0.646,3,48.71,0,0,2,51.18,0.43445,-14.025000000000006
d7d328a0-9e19-4c21-b9c6-f57ad1b3d29f,76.66,74.12,80.2,64.94,3.47,29.3,82.64,0.3279999999999999,3,65.84,1,1,3,77.16,0.26706,4.866
cc510087-5380-4e35-b4a6-80962c5b74ea,83.25,60.22,63.63,67.15,2.36,20.3,82.28,0.906,1,67.02,1,2,1,61.925,0.279775,-1.4500000000000028
e1192c00-03e8-45d1-b571-54a52971e4dd,87.33,63.45,69.22,55.54,2.88,25.6,80.02,0.807,2,56.95,0,2,2,66.33500000000001,0.285055,-5.5489999999999995
656ed17c-e622-4975-9b73-2b9fd17c60ac,65.77,53.0,62.66,58.68,2.81,24.6,91.55,0.3339999999999999,6,62.11,1,0,2,57.83,0.38739000000000007,7.597500000000004
315dd2af-8151-4f93-a70f-d5a0c4cb26db,92.53,61.39,59.04,63.77,2.46,13.7,79.17,0.5980000000000001,1,65.5,1,3,1,60.215,0.25792499999999996,-0.597142857142849
3d83e62c-b682-4184-9fa6-11c6bce6dc6f,77.49,71.23,70.38,79.85,3.05,25.1,69.09,0.947,1,71.6,1,1,3,70.805,0.23807500000000004,12.549999999999997
e808444e-7d36-4833-848b-577575dd4408,67.72,57.7,65.21,68.7,2.86,26.8,75.92,0.473,7,58.45,0,0,2,61.455,0.338655,-4.689999999999998
1bb4ad4a-7080-4420-b838-e725ba8fa456,86.37,65.09,72.18,63.67,3.02,19.3,77.64,0.102,2,73.27,1,2,3,68.635,0.2576049999999999,-5.793750000000003
416fddb7-015c-439d-b5e7-1a2fee7a901c,75.39,54.95,67.91,74.52,2.84,27.8,82.51,0.624,2,64.93,1,1,2,61.43,0.29059,12.139000000000003
7869e61f-3c76-424c-a3dd-7a6525e0685c,83.17,55.22,50.58,47.15,2.13,25.1,74.41,0.655,5,61.28,1,2,1,52.9,0.36717,-15.43
492b96cf-bbce-4113-a3ac-319ed62c65d3,95.5,58.06,69.95,56.18,2.93,19.1,97.89,0.12,7,72.58,1,3,2,64.005,0.25744500000000003,-11.621999999999993
dbdce3be-bc01-4d71-a4dd-f077939229d1,69.04,55.8,49.75,51.57,2.26,18.9,85.21,0.906,7,55.87,0,0,1,52.775,0.41080500000000003,-17.03000000000001
2039df1d-63de-4267-b1d5-ff7367c0ea79,95.01,74.23,87.04,76.74,3.62,28.5,82.8,0.728,8,80.36,1,3,3,80.635,0.14783499999999997,5.7819999999999965
298f3246-c6bc-4e9e-8f8e-cc04c3059c64,94.26,71.58,58.87,67.78,3.03,19.3,91.44,0.869,5,67.07,1,3,3,65.225,0.22394499999999998,3.3577777777777698
2d9ee0f7-8062-47a0-8e36-3532bae8045f,79.34,59.82,60.66,63.67,2.77,18.3,85.31,0.591,1,64.39,1,1,2,60.239999999999995,0.31091,-1.653333333333336
4208614a-6f69-49b5-b52d-7d784c1e503b,67.59,70.98,64.56,78.0,3.26,23.7,70.48,0.162,6,65.12,1,0,3,67.77000000000001,0.29233,5.3174999999999955
29902e82-7d8d-4d71-9908-0c4c32230a1c,66.59,52.82,48.5,55.91,2.24,23.6,91.57,0.186,8,54.65,0,0,1,50.66,0.41393,-9.870000000000005
77118d4b-15ef-4587-ad8c-ce46852a1944,84.19,79.77,81.53,81.57,3.19,28.1,80.46,0.658,5,82.85,1,2,3,80.65,0.17658000000000001,16.764444444444436
2b878000-1173-48c6-890f-63ca42210438,77.14,48.67,51.79,56.98,2.05,19.0,84.24,0.587,6,58.23,0,1,1,50.230000000000004,0.36980999999999997,-7.651999999999994
0c764b77-6b52-49a7-9da4-234aad69e2cb,70.48,78.27,75.75,76.5,3.38,23.1,73.72,0.482,4,74.97,1,0,3,77.00999999999999,0.25755,0.4724999999999966
8bce037e-7604-4641-b600-0d9cef66c623,84.53,67.72,74.0,61.8,2.69,30.5,92.41,0.58,3,64.86,1,2,2,70.86,0.2639,2.862499999999997
82a80e95-0aa8-4f37-9b05-add699888813,97.87,59.91,48.95,48.48,2.05,20.3,85.61,0.3379999999999999,7,62.95,1,3,1,54.43,0.29979,-7.846000000000004
b897a0f4-5d76-4972-9b82-f9ab3b8a3025,81.15,73.13,73.37,66.72,3.02,23.3,75.51,0.9,7,63.61,1,1,3,73.25,0.25549,4.714999999999996
4cb77903-c8ab-40bc-9d55-2f485032dc70,84.51,64.72,69.03,63.55,2.89,27.9,85.85,0.997,6,67.95,1,2,2,66.875,0.270685,-2.355000000000004
1e582393-7ce9-4663-b5c4-44a9172280fe,93.44,75.32,56.35,55.21,2.44,27.6,78.47,0.172,5,68.41,1,3,1,65.835,0.26310500000000003,-10.973999999999997
cabc0407-576d-4045-8b0e-f044b3e42438,73.12,78.63,81.23,88.25,3.8,26.8,82.64,0.623,5,81.99,1,0,3,79.93,0.20297999999999994,15.194305555555559
5914555f-dc54-4053-ae8a-84e4354a7c8f,88.66,74.16,67.36,78.87,3.35,22.8,91.12,0.67,5,69.35,1,2,3,70.75999999999999,0.19647000000000003,16.506666666666668
dadcf7ef-4ceb-45ad-8f81-cb91032c33e7,99.85,77.53,69.47,72.73,3.8,26.3,75.95,0.436,7,76.07,1,3,3,73.5,0.16191000000000003,6.569999999999993
c7156bbc-9348-4b50-86bb-07b89beaa99a,66.9,69.3,69.01,69.52,3.0,27.3,77.16,0.284,6,72.69,1,0,2,69.155,0.31637499999999996,3.989999999999995
afa8b210-86c0-448d-9ce4-e550be1042c6,80.93,75.58,75.84,81.22,3.6,28.7,84.0,0.965,3,76.21,1,1,3,75.71000000000001,0.20548999999999995,12.398333333333326
eadab021-c263-42c0-9706-eb063a8709a7,95.86,74.01,68.86,62.99,3.07,26.0,81.55,0.732,5,68.3,1,3,3,71.435,0.21328499999999997,-1.4450000000000003
0c6a1540-86a4-4b10-9ed9-0189d791ef4b,79.82,62.44,60.35,69.59,3.22,20.2,73.57,0.8220000000000001,3,61.64,1,1,3,61.394999999999996,0.287765,3.8880000000000052
06bc7bab-5dc6-40a5-a995-9e55e4a5fe90,89.19,68.28,66.38,56.68,2.42,20.1,93.09,0.903,5,62.49,1,2,1,67.33,0.27121,-7.498333333333328
98f2ec8c-43bd-4def-a194-893dbd3c941f,67.98,55.81,53.22,52.17,2.15,15.7,78.15,0.251,5,57.05,0,0,1,54.515,0.40802499999999997,-6.760178571428575
f30121f8-3e49-4331-b983-d8aa766d728f,70.81,61.25,60.87,55.74,3.13,16.3,76.41,0.418,5,62.69,1,0,3,61.06,0.36635999999999996,-8.503999999999998
bb912340-2616-4f16-9da5-63cca1504323,67.19,65.15,66.17,62.87,3.19,21.4,73.21,0.607,8,62.47,1,0,3,65.66,0.34565000000000007,3.728181818181824
8c567746-1e97-4c3d-95dc-9f22e19d4378,92.32,49.99,48.65,52.58,2.75,25.9,92.37,0.354,2,59.11,0,3,2,49.32,0.32502000000000003,-12.825000000000003
9812cb75-e331-4eaf-90f8-7fc22030099f,81.05,77.74,75.04,73.4,3.05,24.3,86.45,0.8560000000000001,1,72.79,1,1,3,76.39,0.22642999999999996,6.575555555555567
81273b11-f41e-475a-9d55-7b6b8950f690,81.48,65.29,70.86,67.31,3.19,16.7,77.56,0.729,3,66.42,1,1,3,68.075,0.26792499999999997,1.2000000000000028
732ef059-e643-4024-8a4f-cebdff18ac89,91.69,62.56,72.84,72.59,3.51,18.4,78.73,0.597,1,66.87,1,3,3,67.7,0.21237000000000003,10.823333333333338
d830d098-a88a-47e2-8c74-a0a9b429b79c,69.61,70.52,73.11,72.01,3.71,23.6,81.71,0.619,7,71.71,1,0,3,71.815,0.290085,7.033333333333331
15708f08-2408-43d9-a802-d34f6c59dc2f,84.99,57.12,58.86,68.31,2.84,26.1,73.24,0.8160000000000001,6,64.37,1,2,2,57.989999999999995,0.28114000000000006,7.583636363636366
df883af3-91ac-4d31-9a56-e554d4aa0755,83.27,57.44,51.62,56.41,2.75,12.7,69.45,0.339,1,55.69,0,2,2,54.53,0.33410000000000006,-2.8716666666666697
df4e1017-96ce-44e4-b223-fdb7318f4d72,77.29,59.27,58.9,59.42,3.02,22.0,78.5,0.52,1,64.32,1,1,3,59.085,0.335325,0.0
7b5a2065-507b-42a9-982f-39e8e12f235d,91.61,89.35,80.41,78.7,3.77,28.9,96.19,0.787,8,80.69,1,3,3,84.88,0.14282,8.378571428571433
9a3cf189-ac7d-4ffa-9011-e17055c62421,76.91,86.84,86.49,92.15,3.77,22.2,80.01,0.596,4,82.83,1,1,3,86.66499999999999,0.15591500000000003,22.89500000000001
a24e2443-5543-43b2-b3a9-5528fa358aa3,72.54,68.06,60.16,71.31,3.29,20.3,81.8,0.65,2,66.88,1,0,3,64.11,0.30357999999999996,8.39125
0f5bc8e5-c8f1-4118-989f-662b11fc0cc7,78.72,61.28,55.38,63.28,2.93,26.8,94.79,0.449,2,69.08,1,1,2,58.33,0.32028999999999996,-2.7933333333333223
248dbe53-e986-4b6e-b814-ba523044db52,80.09,55.91,54.21,46.11,2.41,18.4,89.67,0.688,8,61.79,1,1,1,55.06,0.37613,-15.445
13a49b9f-5146-4f7e-99e9-8db7e4c4c020,76.11,69.57,62.02,60.91,3.39,24.9,88.31,0.991,2,62.36,1,1,3,65.795,0.31544500000000003,3.272500000000001
352871c2-8b0b-44d7-a502-2a124dc5c24c,75.96,60.05,60.77,51.07,2.7,17.1,86.38,0.346,7,57.23,0,1,2,60.41,0.36172,-10.6875
52cdfa89-1f74-429d-b6c8-df28f37b6f60,98.88,53.14,66.33,56.92,3.35,26.0,86.22,0.62,3,64.07,1,3,3,59.735,0.25451500000000005,-0.9128125000000011
b082b4c7-4a68-4299-86c3-c62d17ee94a4,97.95,63.09,70.5,60.1,2.98,24.5,76.93,0.782,4,70.36,1,3,2,66.795,0.22751499999999997,-0.142000000000003
1eb01d4d-8aa0-4df6-ad94-f2c90ac75e2e,75.99,58.58,50.87,50.04,2.24,24.2,64.92,0.208,6,54.7,0,1,1,54.724999999999994,0.381745,-20.451
cdb5c1bd-6593-4fbc-805c-7f47bbe95f5f,88.88,69.37,71.77,53.69,3.35,20.5,80.34,0.195,3,67.01,1,2,3,70.57,0.27170000000000005,-10.030000000000001
a2c9b447-8984-4b44-bd0b-e3be0e6a89fe,84.83,73.26,63.36,65.75,3.22,25.3,80.75,0.518,8,69.74,1,2,3,68.31,0.2585,3.9457142857142884
dfe66f11-96c6-4c00-a19c-3516aef76a0c,72.92,56.86,56.85,60.59,3.05,25.2,83.48,0.8109999999999999,8,59.64,0,0,3,56.855000000000004,0.355985,-9.844444444444434
95a50682-c2d9-4d9b-b7c2-f8c38a5958f8,75.37,65.47,60.87,62.03,2.96,21.8,77.59,0.304,7,61.21,1,1,2,63.17,0.32291999999999993,-4.493750000000006
60dad477-07b8-42c8-b865-82dc1fe59963,89.11,69.22,69.58,64.1,3.17,17.2,70.53,0.851,8,66.09,1,2,3,69.4,0.24305999999999997,1.9371428571428524
3b4498b3-de89-4b9c-bf4f-23b200b99209,81.87,63.48,66.2,57.08,2.64,20.9,89.23,0.373,3,65.05,1,1,2,64.84,0.3067599999999999,-3.344000000000001
569d770c-22d6-4a04-a53c-a5822cffe63d,86.06,57.7,59.87,61.91,2.26,22.2,84.31,0.86,7,62.09,1,2,1,58.785,0.293675,-4.088000000000008
d033b248-93c6-4dd4-8f28-e302c6adcfb3,79.62,62.31,67.55,69.45,3.0,23.8,74.96,0.4629999999999999,8,66.9,1,1,2,64.93,0.27837999999999996,9.630000000000003
571f5186-043e-428b-a408-6be30deb2a32,80.34,69.9,59.72,75.23,3.41,18.9,74.36,0.601,8,64.14,1,1,3,64.81,0.25851999999999997,7.642499999999998
b92a60c5-2fdf-4402-a000-ff40fd889e09,93.96,63.11,57.43,66.43,3.44,28.2,80.15,0.298,8,68.96,1,3,3,60.269999999999996,0.24406,-4.854285714285709
33bb5455-4e5e-48f6-adaf-af1777c5218b,78.29,52.74,53.09,56.06,2.5,15.0,76.09,0.5,6,60.64,1,1,1,52.915000000000006,0.3599149999999999,-2.3999999999999986
e2a76be4-c76b-46a7-90ac-36aeb355375e,70.13,70.66,63.28,71.46,3.23,19.6,78.29,0.86,8,59.7,0,0,3,66.97,0.30419,5.461999999999989
2fab1f7e-7680-437c-829d-177afb1bee3a,96.56,71.93,68.33,76.64,3.17,26.1,71.48,0.311,3,78.1,1,3,3,70.13,0.17345,6.183333333333337
060df8d8-56cd-407e-9ea8-db6c9dfaff21,77.1,76.36,72.96,77.19,3.18,31.4,86.84,0.123,4,76.63,1,1,3,74.66,0.23605,10.774999999999991
d0027105-0f0b-4518-8d73-38a79f9a3a48,80.08,47.42,48.32,50.28,2.0,24.6,76.37,0.609,7,56.35,0,1,0,47.870000000000005,0.38522999999999996,-9.556666666666665
eee0369d-09ac-425c-9cc4-5abfa41f41c8,91.5,57.54,52.05,59.15,2.48,25.3,75.94,0.934,2,60.45,1,3,1,54.795,0.292165,-10.26250000000001
7608ee1f-dca6-480f-8045-36fb132deaf2,95.03,63.07,70.99,70.19,2.62,20.7,79.04,0.156,3,71.44,1,3,2,67.03,0.20822,7.74666666666667
61db5cf4-dc7e-4e81-83e7-8192c7382bdc,89.83,68.9,74.05,56.77,3.12,28.0,75.18,0.825,5,64.47,1,2,3,71.475,0.25594500000000003,-1.1571428571428584
48b9605e-d569-4644-a3e4-68703127d96b,68.07,55.7,52.22,48.52,2.3,18.3,86.73,0.783,5,55.44,0,0,1,53.96,0.42028000000000004,-12.329999999999991
7a611410-c41e-4a8c-b495-5e37f93af998,76.7,58.21,71.37,63.02,3.42,19.6,85.71,0.2339999999999999,6,63.0,1,1,3,64.79,0.30977,-4.188749999999992
2da29c46-b6b9-47df-ae67-9eb7744b43fa,69.39,49.21,44.73,35.61,2.5,22.3,69.65,0.381,1,45.73,0,0,1,46.97,0.4747,-24.74515625
252708c9-e8c1-4750-89a3-1d8cb134cf30,73.05,47.75,54.51,52.32,2.63,17.6,84.18,0.241,6,54.17,0,0,2,51.129999999999995,0.39745,-0.21749999999999403
742d4984-3a2e-4f77-b649-1a0710d77f14,66.22,64.3,48.44,70.74,2.77,22.8,77.07,0.502,2,66.4,1,0,2,56.37,0.35379,5.885555555555541
4586a085-b737-429b-ac66-51bdd6667e47,76.56,75.33,79.14,77.9,3.87,19.0,82.36,0.837,7,69.38,1,1,3,77.235,0.228355,14.536250000000003
c1fab4bf-5365-4189-aff9-c6fb3432145f,71.83,40.0,36.08,34.85,2.0,14.9,78.9,0.184,3,44.97,0,0,0,38.04,0.49401000000000006,-26.185555555555545
2a241262-c68f-4d6b-9c23-d50575c560fb,94.64,71.46,85.37,85.97,3.67,24.4,94.25,0.348,1,81.56,1,3,3,78.41499999999999,0.128285,9.471999999999994
ddd960bb-b59b-4805-8c54-bae2712ebd39,98.01,69.66,56.54,54.72,3.02,23.6,77.12,0.731,3,63.86,1,3,3,63.099999999999994,0.2545,-8.00875
c6f38582-cc2b-4287-972c-0e61bcbca432,90.7,52.95,61.76,65.52,2.73,16.4,79.82,0.333,4,68.61,1,2,2,57.355000000000004,0.268575,5.493333333333332
b415f879-3e63-4aae-a075-3afb4c0298e6,88.55,64.63,73.28,70.94,3.06,20.9,83.08,0.249,7,75.36,1,2,3,68.955,0.22611499999999998,3.0660000000000025
c4b21874-7065-490a-8af5-8c0ccad87604,82.51,55.15,48.02,52.86,2.38,15.8,74.13,0.5730000000000001,8,58.22,0,1,1,51.585,0.35662499999999997,-13.112000000000009
26196880-40a9-4d98-8bfa-a52fc90e8826,86.51,53.31,62.86,58.47,2.78,26.8,73.58,0.498,6,62.11,1,2,2,58.085,0.304295,-4.215000000000003
b7c303a9-2014-4d72-ae2f-c266ac4b6e1f,90.51,70.33,66.52,80.49,3.21,24.0,82.3,0.756,3,74.58,1,2,3,68.425,0.19121499999999997,14.396527777777777
07b20664-fec3-4745-b0a7-8eac75e30bc5,65.48,62.3,49.87,67.4,2.88,20.2,75.68,0.532,4,55.92,0,0,2,56.084999999999994,0.36762500000000004,8.558888888888902
5c16dd93-a226-4877-845f-fe34007944c5,68.38,63.09,82.47,78.48,3.18,24.6,71.4,0.705,6,74.83,1,0,3,72.78,0.2727,14.554000000000002
994e2847-6626-4cd9-90e3-f73e68f98f48,77.76,75.46,77.32,72.46,2.98,21.2,77.41,0.995,3,73.76,1,1,2,76.38999999999999,0.24241000000000007,5.69076923076922
00b7a13a-3628-488b-b7a5-41179a60cb72,86.67,52.67,65.93,62.35,2.67,27.4,78.08,0.197,2,63.34,1,2,2,59.300000000000004,0.28836999999999996,-4.990000000000002
1dddad55-20d8-4c2b-8a85-a76af3667063,92.0,62.75,58.97,55.83,2.68,14.6,79.41,0.939,2,59.78,0,3,2,60.86,0.28192999999999996,-5.693333333333342
8e3942b8-9c59-4cc4-95f9-5d0d18e4a381,82.43,59.21,58.84,44.48,2.97,18.1,84.59,0.6769999999999999,5,55.65,0,1,2,59.025000000000006,0.35976499999999995,-19.975
74e662d0-eb45-445f-a14a-9d44a1965340,97.96,86.29,78.34,73.87,3.7,31.4,85.01,0.708,2,80.63,1,3,3,82.315,0.139605,9.194999999999993
3ce92d69-61d5-4f1f-bcff-df4eb9268660,79.43,61.48,65.73,68.07,2.99,23.1,76.05,0.246,6,64.21,1,1,2,63.605000000000004,0.287255,-5.060000000000002
08cceb58-dfa1-4fda-a213-76cc713bd623,68.99,64.37,62.71,58.02,3.61,21.2,61.8,0.757,1,55.59,0,0,3,63.540000000000006,0.35936,-7.427142857142847
7b1d10b0-996a-40e1-8540-fbfebab304e3,98.41,60.59,72.94,75.94,2.41,17.5,71.81,0.453,2,70.82,1,3,1,66.765,0.17824500000000001,5.5859999999999985
be316a83-d5f5-4477-a832-3ff502112cc9,89.44,58.31,60.11,58.96,2.62,18.8,95.91,0.633,1,64.93,1,2,2,59.21,0.28773000000000004,1.125
c83c48e2-c0b8-43ab-b1b7-1ec615789f12,78.87,55.19,55.74,49.59,2.4,26.4,81.38,0.78,7,54.03,0,1,1,55.465,0.3693549999999999,-13.626666666666665
2322a676-e787-4c3f-8e8a-5f3c688b9f65,76.03,57.05,58.78,67.29,2.65,20.2,92.33,0.8220000000000001,3,57.98,0,1,2,57.915,0.32026499999999997,1.588000000000008
9ff35b1b-eb39-49a4-ac13-54ca10884f70,83.07,71.73,69.84,83.14,3.03,23.4,76.78,0.6799999999999999,5,72.21,1,2,3,70.785,0.20594500000000004,18.41609375
cbebca78-6316-4f20-83c0-15d1bac872f1,91.32,52.68,46.06,48.28,2.14,19.3,79.54,0.501,5,58.76,0,3,1,49.370000000000005,0.34177,-12.8125
c19d6db4-f9b2-4ac0-9885-7705b41909bc,79.49,67.77,57.9,67.48,3.3,18.5,95.48,0.154,7,65.83,1,1,3,62.834999999999994,0.29109500000000005,4.615000000000002
6c1f562c-ba00-4942-8963-55e0a7a1136c,94.3,64.0,78.19,76.8,3.14,21.4,66.68,0.869,5,74.98,1,3,3,71.095,0.17911500000000002,12.377777777777766
4f4419eb-23ca-4c7f-86a8-07d70764730e,81.92,72.7,74.71,67.61,3.92,30.0,95.18,0.602,5,75.6,1,1,3,73.705,0.24837499999999998,9.253636363636367
ea0a6b11-6a88-4d8f-b154-8b55eebf7d16,96.6,58.46,77.86,76.16,2.65,23.2,85.71,0.986,4,71.32,1,3,2,68.16,0.18064000000000008,8.290000000000006
e6def393-6889-4521-b46d-1dd664625a87,69.31,48.76,49.19,48.0,2.16,19.3,71.9,0.1689999999999999,4,57.04,0,0,1,48.974999999999994,0.431835,-14.885714285714286
9ce757c6-fedd-4942-b331-91ac26dd6dce,79.48,62.63,66.47,60.13,2.66,15.7,69.71,0.146,2,63.31,1,1,2,64.55,0.3080399999999999,-3.352499999999999
e33b6637-1e79-4d5e-8adb-d229b76e69d3,92.91,80.72,74.61,69.91,3.11,21.8,77.15,0.8039999999999999,3,76.4,1,3,3,77.66499999999999,0.18563500000000005,5.207999999999998
5892a181-9751-49f9-a9c4-eb6ddbff6daf,98.66,56.87,64.78,63.35,2.7,21.3,75.16,0.758,1,67.59,1,3,2,60.825,0.23283500000000001,6.727142857142859
fd946270-0311-4d26-8b0b-f92b0ed8403b,94.14,71.09,69.88,66.48,3.02,23.9,71.44,0.462,7,68.58,1,3,3,70.485,0.212545,7.408571428571435
ced1c2e0-2d09-4d3f-bea9-5df6e1093433,87.15,57.86,75.45,64.24,2.69,20.9,88.59,0.731,8,64.54,1,2,2,66.655,0.258715,1.5112499999999969
fbb48a02-67b7-407c-9144-7837ddaa9c87,77.52,86.89,77.4,70.69,4.0,22.3,92.76,0.768,8,73.89,1,1,3,82.14500000000001,0.231415,4.707999999999998
568bb801-eafe-429b-b306-b0acbfb1bab3,66.52,42.24,53.08,43.35,2.71,14.5,71.22,0.496,4,49.1,0,0,2,47.66,0.46088999999999997,-17.395000000000003
369c19d3-3ec8-4636-8bd6-b9bd193a2e8a,74.15,72.54,71.2,81.5,3.71,24.1,78.18,0.761,5,69.47,1,0,3,71.87,0.24328999999999998,11.567142857142855
d069f706-70cd-42ca-b5ef-bdc1dd1fe11c,69.5,56.77,60.59,54.62,2.72,18.5,69.25,0.545,6,59.81,0,0,2,58.68000000000001,0.38209999999999994,-6.572500000000005
8eb6bf69-7ef4-4526-8c69-b6fe83a6a886,85.2,71.82,65.44,74.55,3.14,24.0,81.55,0.263,2,73.92,1,2,3,68.63,0.22966,16.291111111111107
4da2e299-da34-4237-ae34-e31efa14ca9a,78.47,69.22,51.86,54.27,2.75,25.4,84.48,0.795,1,59.08,0,1,2,60.54,0.34169,3.325000000000003
8d1a6233-4d02-46df-8661-943b58fb6c63,72.49,49.09,63.25,63.44,2.62,21.6,88.0,0.697,2,58.44,0,0,2,56.17,0.35121,-3.4399999999999977
5db09fed-d111-4bb8-b75a-a9f842a4dff7,69.65,61.98,74.68,58.56,2.92,29.5,80.12,0.712,4,63.59,1,0,2,68.33,0.3407299999999999,-11.632857142857134
8af3e4cb-d596-4282-a105-582ed121be5e,72.34,64.21,62.7,65.94,3.17,25.1,85.88,0.969,4,63.88,1,0,3,63.455,0.322455,5.830000000000005
c69d58ad-eef3-4cc1-a385-328fead61232,87.12,65.87,76.52,67.12,3.02,21.2,70.05,0.106,6,75.58,1,2,3,71.195,0.23657499999999998,8.798888888888897
d4473cb9-ce9a-40f0-869c-d9fbd5c0e1ea,71.95,64.66,70.97,60.09,2.54,17.1,70.74,0.538,8,61.38,1,0,2,67.815,0.328485,8.560000000000002
f772695d-f910-47ee-845c-e40762d2c083,84.11,84.11,92.51,85.83,4.0,22.7,70.88,0.319,6,83.54,1,2,3,88.31,0.14114000000000002,20.717142857142846
9cf69c97-aa34-4ff5-9a62-d9014d5a5a96,75.92,68.81,73.17,59.63,3.33,29.2,84.72,0.382,3,67.07,1,1,3,70.99000000000001,0.30445999999999995,-4.939999999999991
16d68874-ffd3-4cc3-8061-795502bbe659,87.64,74.62,73.44,71.24,2.9,28.9,79.51,0.275,3,74.88,1,2,2,74.03,0.21363,4.094999999999999
3c359223-d4a2-44a5-baa4-1ba8ec5f5ae8,94.28,55.6,53.78,63.36,2.13,23.5,98.36,0.8470000000000001,4,63.99,1,3,1,54.69,0.26872999999999997,0.16166666666666885
426ac45b-f390-4e86-82ec-e1854f90b812,81.41,72.97,71.71,67.95,2.99,19.4,67.58,0.393,7,71.24,1,1,2,72.34,0.25349,7.024285714285718
15e37544-e0d5-45dc-96f3-1e03777d8c44,98.65,84.15,71.83,71.07,3.36,28.6,82.46,0.454,8,78.33,1,3,3,77.99000000000001,0.15821999999999994,7.490909090909085
38fc4ab8-5326-4131-9bf5-9f41d11a5b0c,71.01,47.37,41.15,43.0,2.21,17.1,59.05,0.882,6,43.84875,0,0,1,44.26,0.4541799999999999,-18.057999999999993
3bed40d9-7065-43ab-9c4e-ae6a2888b6b4,79.53,75.11,79.79,74.48,3.24,25.3,94.62,0.331,2,77.0,1,1,3,77.45,0.22608999999999999,16.402000000000008
503a96fb-00ae-4193-b2cd-32605303f943,91.12,75.34,68.27,77.0,2.59,23.5,85.56,0.353,2,83.64,1,3,2,71.805,0.18910499999999997,11.816666666666663
65d6ced9-24e0-4a41-accb-f2c42f92c0f0,70.87,66.87,61.14,65.09,2.43,21.6,81.43,0.659,4,66.03,1,0,1,64.005,0.32923499999999994,3.0114285714285742
fd9a4b0f-03c6-4a6d-8fc0-4c624d518ea9,97.12,58.39,56.68,52.79,2.89,22.2,79.25,0.765,3,59.1,0,3,2,57.535,0.280545,-8.47625
f51412e9-3197-4179-9969-e1f041ba02d3,88.65,76.18,74.83,84.82,3.43,31.6,82.37,0.779,6,79.16,1,2,3,75.505,0.16442500000000002,9.319999999999993
9f1444a2-2f4c-482b-a78a-0052fdadd971,78.95,64.48,69.61,73.09,3.09,20.8,69.29,0.485,1,67.99,1,1,3,67.045,0.263795,8.350000000000009
d4da2cdb-978c-4c33-9d82-78aa3bca1b8a,75.2,41.16,36.11,45.42,2.14,15.5,77.39,0.388,1,45.47,0,1,1,38.635,0.44703500000000007,-18.531999999999996
216a7d26-ec7d-4621-bc4a-f5a98bf3273d,76.42,81.43,72.2,72.06,3.04,24.7,77.42,0.853,8,70.37,1,1,3,76.815,0.247695,4.61571428571429
f89b47a4-05c6-4117-b91c-4f22cdef8278,96.82,56.82,55.97,50.77,2.96,16.5,62.13,0.722,2,56.89,0,3,2,56.394999999999996,0.291225,-13.262222222222213
a11ab6e0-d26e-4c1e-93e7-1e483886d946,94.04,49.3,61.95,47.58,2.48,18.0,74.93,0.267,7,61.48,1,3,1,55.625,0.314225,-27.027500000000003
14ae54d8-a0e5-4efd-a106-3e3d2e562172,74.59,59.62,57.98,52.68,2.67,27.8,82.15,0.4429999999999999,6,66.32,1,0,2,58.8,0.36719999999999997,-4.329999999999998
842a6de5-6b69-4154-a27f-868698490676,87.0,60.48,74.35,73.45,2.96,26.4,83.77,0.8380000000000001,5,71.03,1,2,2,67.41499999999999,0.22940500000000003,11.60666666666667
65aa1b05-c5e4-4991-a0de-06aef3f19ef5,75.98,57.88,52.08,43.63,2.23,14.4,89.45,0.277,7,58.37,0,1,1,54.980000000000004,0.40024999999999994,-23.484999999999992
8b60a87e-2d8e-4dd1-9c18-3ada61103c00,97.65,88.21,93.09125,89.02,4.0,23.1,62.39,0.44,2,77.77,1,3,3,90.65062499999999,0.07038812500000001,15.9225
64750bb4-1d93-446c-9eb0-574d3bb0a162,95.93,73.02,76.42,77.13,3.08,24.1,84.73,0.173,8,78.39,1,3,3,74.72,0.16072999999999996,0.6919999999999931
5255d78b-614e-4b8c-a944-44a937b25a8e,73.11,48.99,55.39,53.9,2.17,17.0,81.39,0.623,2,52.62,0,0,1,52.19,0.38929,-19.155694444444443
ef9936a3-a41e-4d7c-b893-99a0955a7196,90.95,75.78,82.63,89.21,3.23,30.3,76.57,0.395,1,81.69,1,2,3,79.205,0.13095500000000002,19.597142857142842
023c8681-9167-41b3-a0f5-19ec01c27e26,85.41,60.62,63.76,62.81,2.28,18.4,95.63,0.3359999999999999,1,66.11,1,2,1,62.19,0.28336,1.946000000000005
2e5517e2-fc04-440f-8353-414d14a8697d,80.57,44.01,44.43,48.07,2.24,15.2,84.66,0.49,7,53.75,0,1,1,44.22,0.40085,-11.781428571428577
8f1b365d-3018-433e-ab66-5517a2027409,76.87,73.01,76.39,74.14,3.99,19.4,78.73,0.625,7,68.82,1,1,3,74.7,0.24599999999999997,10.8990625
2f48cd6a-1151-4e19-ae1c-3392d2e42ca7,77.49,56.34,54.76,62.58,2.28,23.0,72.55,0.534,7,60.87,1,1,1,55.55,0.33565000000000006,-1.9849999999999994
4909976b-27b2-4949-8091-8b78b0e92628,78.85,61.76,57.28,68.18,2.75,22.5,81.1,0.486,8,71.08,1,1,2,59.519999999999996,0.3015,10.898000000000003
b0d36433-add9-45ee-a2ce-f097aaf71d3c,66.37,73.41,65.66,72.89,3.55,27.8,92.22,0.7929999999999999,4,64.26,1,0,3,69.535,0.30724499999999993,11.5625
5a50c4c2-520c-4085-bd47-206f3e1dcee9,97.79,57.31,77.7,60.85,2.96,18.5,81.94,0.626,4,63.53,1,3,2,67.505,0.22377499999999997,-9.086666666666666
a9ddb1e6-98e1-47d5-8b34-97721af3d64d,95.44,66.97,65.32,68.63,2.63,25.4,77.99,0.5820000000000001,7,68.78,1,3,2,66.145,0.21391500000000005,3.6187499999999915
f7816322-9163-4195-aed0-d2817430387f,83.13,61.83,60.28,59.79,2.7,23.9,71.31,0.727,6,59.69,0,2,2,61.055,0.304945,-8.791999999999994
6994555d-afa8-4cd3-a061-9d6bcaa5f352,83.47,61.36,60.48,47.17,3.3,16.7,90.33,0.442,6,61.09,1,2,3,60.92,0.34184999999999993,-13.89857142857143
ba84d627-da72-419c-be48-3462fe74a99d,69.34,72.73,68.11,68.19,3.02,24.5,67.31,0.223,4,65.97,1,0,3,70.42,0.30680999999999997,5.862222222222215
80d2eb1b-b16f-4292-b866-0f553d1e9af8,71.91,61.12,57.71,53.23,2.5,18.3,95.46,0.602,2,55.34,0,0,1,59.415,0.374425,-5.126363636363635
77f4eedb-fb86-4456-89c9-4ecbb227876f,90.36,59.61,58.66,62.44,2.48,14.6,81.11,0.157,3,62.75,1,2,1,59.135,0.273835,-4.597000000000008
d18a1976-6a31-4a82-9580-b6d581d1ed99,67.99,65.22,56.09,66.53,2.15,17.0,74.96,0.196,8,64.48,1,0,1,60.655,0.346485,-0.5371428571428538
f1c0d4d6-bb3c-4a25-9240-a3337bf7490a,78.23,59.28,60.87,56.03,3.12,20.2,91.8,0.593,1,59.65,0,1,3,60.075,0.3387649999999999,-2.039999999999999
97de6814-9155-4be8-8ee7-f9849c7b1f24,94.54,54.09,60.76,57.14,3.24,19.1,94.75,0.384,5,63.69,1,3,3,57.425,0.278145,-12.138999999999996
242fdd73-df13-4285-bac1-f9a3c2b78290,79.15,71.62,81.7,68.75,2.58,28.0,70.86,0.281,3,76.03,1,1,2,76.66,0.24717,3.905000000000001
1578c3d8-8a1b-40fc-80fe-96ec95f44feb,74.87,67.28,68.31,64.32,3.23,24.3,86.13,0.325,5,68.47,1,0,3,67.795,0.304175,2.84097222222222
377e199e-4da6-4835-921b-032c75a2ea44,68.58,50.91,49.72,49.62,2.81,23.5,88.53,0.411,7,55.29,0,0,2,50.315,0.42587500000000006,-13.512500000000003
41334a50-36bc-4ad1-8e83-fac0e0187aaa,85.36,67.93,61.8,64.77,2.81,16.5,86.47,0.379,2,72.7,1,2,2,64.86500000000001,0.269655,2.1499999999999986
7a347c3b-2c60-4b95-b477-46ff8927f444,79.08,66.34,54.09,58.87,2.52,18.0,82.52,0.996,5,60.16,1,1,2,60.215,0.32642499999999997,1.92285714285714
1ec709f6-6a11-4f4d-81ae-78882fb2eab3,81.4,59.69,63.9,56.22,3.29,15.3,64.71,0.131,4,56.63,0,1,3,61.795,0.320355,-5.984999999999999
fffb0ceb-d01c-4004-88ce-c58c3e10fa51,66.31,41.57,54.85,62.09,3.02,15.4,74.98,0.8320000000000001,3,44.47,0,0,3,48.21,0.40385999999999994,-5.072499999999991
a1ad61b2-052c-4e9d-bb45-0ceb329985b1,97.84,52.88,62.9,61.66,2.76,14.6,86.49,0.449,3,61.08,1,3,2,57.89,0.24999,-4.413333333333327
4087a4f2-dfe7-4758-ab8e-8ee68099dfc5,73.37,55.36,54.05,49.66,2.43,19.0,69.71,0.634,5,57.41,0,0,1,54.705,0.393425,-14.748333333333335
dfb0e3a1-cffc-47da-918b-f139f0e625d3,86.29,78.25,78.99,68.93,3.5,25.1,71.68,0.152,3,80.29,1,2,3,78.62,0.21218999999999993,6.001111111111115
b8d3e221-e61e-402c-b3c9-b845ba92a823,65.58,75.03,66.92,68.97,3.16,25.5,80.95,0.218,6,69.26,1,0,3,70.975,0.317845,9.695714285714281
379f3da8-673d-4fd2-873f-71bb996915c6,66.34,63.63,64.34,47.83,3.09,23.9,83.87,0.818,7,61.06,1,0,3,63.985,0.39919499999999997,-12.870000000000005
6c1e8ea1-0c0f-4bd1-b442-2c29cb82352a,75.32,71.09,62.03,67.42,3.04,28.7,72.39,0.127,4,68.53,1,1,3,66.56,0.29678000000000004,-0.519999999999996
fee09c42-7ffa-437c-b59b-24142b1ca32d,95.72,69.21,67.77,71.13,3.17,21.0,83.84,0.522,5,75.06,1,3,3,68.49,0.19826000000000005,5.939999999999998
c877a83d-4812-4be7-bd6a-d94de3d6057b,71.15,86.41,78.35,84.99,3.47,19.8,64.16,0.147,2,74.58,1,0,3,82.38,0.21329,20.701428571428565
6afc9067-34c5-4e6f-8a1b-8d3241d9186c,81.11,60.83,54.74,48.13,2.15,14.0,95.48,0.805,1,58.17,0,1,1,57.785,0.357815,-14.449999999999996
5bf53fb4-7d9a-48ad-94ca-6b9294d6b740,84.9,57.52,48.1,56.29,2.6,20.2,87.78,0.3359999999999999,5,61.09,1,2,2,52.81,0.33309999999999995,-4.573999999999998
15d35385-5fa8-4f64-a4f7-cc0f51de6315,85.29,51.58,56.16,51.31,2.68,17.0,58.80000000000002,0.385,5,55.68,0,2,2,53.87,0.3433,-4.305
44f3d145-b2ac-437f-9094-8726e3fbe33c,89.95,68.51,72.36,82.29,3.23,26.7,81.43,0.613,2,76.31,1,2,3,70.435,0.18202499999999996,20.830000000000005
41d67c45-7200-4434-8b9f-5a2882e64df4,98.63,64.53,61.74,52.93,3.14,28.2,87.23,0.359,3,69.35,1,3,3,63.135000000000005,0.257285,-13.369999999999997
1fc4cb4a-1d88-4690-a5d5-8bf4057b878f,68.39,59.61,59.19,58.02,2.64,16.4,73.26,0.867,3,57.97,0,0,2,59.4,0.37418,-7.809999999999995
6ae7e3b7-7e55-4f2a-aaac-1f176c2133cf,70.97,43.18,55.66,46.01,2.73,19.7,79.37,0.408,4,50.79,0,0,2,49.42,0.42983000000000005,-19.03000000000001
e1c7fe9c-3e32-45dd-a3f1-4b65a88b381b,91.27,68.74,69.04,67.96,3.06,24.1,87.78,0.885,2,73.79,1,3,3,68.89,0.22437000000000004,-3.8525000000000063
8e99595b-ee39-4a1e-97f3-7415dbdb1951,95.38,84.6,77.53,79.77,2.96,31.2,72.78,0.32,7,84.16,1,3,2,81.065,0.13597500000000004,15.677499999999995
71540424-8921-48a6-a888-858db9e8b20b,82.99,89.02,87.5,89.61,3.77,23.3,75.65,0.208,5,80.9,1,1,3,88.25999999999999,0.13443000000000005,19.119
2f59d808-b6c8-4f8e-99a5-bbc3f97b42b2,66.81,58.71,54.59,54.93,2.29,18.2,79.19,0.379,4,62.22,1,0,1,56.650000000000006,0.39802,-7.689999999999998
f13b3c3a-b7cf-4061-a0a8-8eeb6ed1d182,83.29,71.69,68.27,62.94,3.29,22.6,79.97,0.988,3,65.58,1,2,3,69.97999999999999,0.26808,-1.0999999999999943
e51ab9c2-2b84-45ca-ab74-f6c8e85115f1,72.38,68.13,59.77,59.86,2.72,23.7,71.04,0.5900000000000001,4,63.18,1,0,2,63.95,0.33905,-2.720000000000006
a6d6fbdc-e47b-484e-bc67-716d2ea9d76e,74.49,63.28,63.65,58.8,2.67,16.6,68.53,0.373,8,54.79,0,0,2,63.465,0.335245,-1.6240000000000023
3473e0f2-3655-4591-9f6a-88845f2e0898,76.09,55.58,66.62,66.34,2.85,25.0,88.05,0.382,3,64.22,1,1,2,61.1,0.31332,1.7700000000000102
de6b0f63-9bab-4fb6-9fa4-c9d555d08173,71.16,68.73,75.18,76.76,4.0,23.7,69.52,0.612,3,63.68,1,0,3,71.95500000000001,0.2692149999999999,11.073999999999998
e09ab0a7-dc80-4053-8be8-f161023ed5f8,81.61,63.47,73.3,78.16,3.41,18.7,98.23,0.31,7,74.03,1,1,3,68.38499999999999,0.23392500000000002,13.942857142857136
c3f5e9b7-b049-4bd2-9372-fefdeb64637e,69.36,58.93,61.89,72.74,2.29,19.4,70.13,0.374,6,62.91,1,0,1,60.41,0.32311000000000006,0.12399999999999523
0d8056ed-0f47-41ec-a175-d473b21f2358,92.16,75.05,72.73,65.95,3.28,25.8,89.56,0.513,7,75.78,1,3,3,73.89,0.21183999999999997,4.390000000000001
114b31c6-376f-4931-9262-2f55193fb4ef,67.98,57.74,63.2,51.27,2.45,20.3,81.53,0.54,2,55.9,0,0,1,60.47,0.39286,-9.528333333333322
e55f5813-b817-4955-8ea6-3a1c9e71808f,83.49,55.89,59.99,57.21,2.67,14.7,88.86,0.2009999999999999,3,61.22,1,2,2,57.94,0.32059,-10.413333333333334
0c132c5f-24b4-4ef7-9b0c-cbbcaf4c9520,96.48,52.23,47.51,54.32,2.0,19.9,78.09,0.518,8,55.24,0,3,0,49.87,0.30150999999999994,-7.484285714285711
dcffc88b-31ce-40c6-adeb-dbc509b18f95,74.77,78.15,76.12,80.28,3.14,27.0,82.79,0.984,1,75.2,1,0,3,77.135,0.228675,14.427500000000009
f58cde7f-b012-40c4-b1d8-e9926e788c45,72.44,82.84,79.01,76.91,3.92,29.8,85.4,0.404,8,76.85,1,0,3,80.92500000000001,0.23673499999999997,7.935340909090897
e97665cc-12b1-4f1e-83d0-1f73455e272d,77.6,42.75,49.03,50.32,2.0,14.8,87.36,0.213,3,55.7,0,1,0,45.89,0.4009700000000001,-13.577499999999993
2fe1a332-fb47-4dfa-8b5f-229b71b0634e,99.05,60.88,61.63,61.37,2.83,20.8,71.39,0.944,8,64.27,1,3,2,61.255,0.23592500000000002,-2.970000000000006
ba377dd7-39d1-425c-8b3f-6c71d29cd47d,73.51,52.43,53.48,54.41,2.0,19.8,73.91,0.182,2,60.16,1,0,0,52.955,0.38386499999999996,0.18499999999999517
0a5a2e39-ba47-4dba-a4cd-4ee99d96b4f3,95.44,73.14,68.46,73.62,3.51,19.8,72.1,0.283,5,72.7,1,3,3,70.8,0.18497999999999998,4.592000000000013
435413b5-1219-49c5-8063-e08639ed1477,76.44,65.27,77.75,82.54,3.88,27.4,84.16,0.285,4,78.27,1,1,3,71.50999999999999,0.23209000000000002,19.171666666666674
93bab747-d9af-458d-a244-05eb9e2c9198,75.7,57.12,60.2,53.18,2.24,17.8,87.85,0.39,5,55.13,0,1,1,58.66,0.36168,-9.073999999999998
54587ffd-39d8-4442-baa5-7b9fdce182d0,92.35,76.54,71.29,77.89,2.89,30.5,88.43,0.13,6,81.09,1,3,2,73.915,0.175185,11.266999999999996
8646cfce-bdb6-4f3f-ab60-472dc778e88f,92.11,63.37,53.31,58.99,2.49,14.7,74.61,0.778,3,58.31,0,3,1,58.34,0.27957,-2.911999999999999
a2e71bcc-2244-477a-8a80-2c01e128e9cb,73.15,63.3,75.13,71.08,3.0,22.4,65.12,0.986,2,59.98,0,0,2,69.215,0.28651499999999996,3.210000000000008
1c4dece9-8ad5-4be6-ab93-0b9fc099d6fe,95.76,66.68,57.03,64.26,2.38,24.2,80.74,0.522,3,63.37,1,3,1,61.855000000000004,0.2386149999999999,-0.9299999999999926
dcd26627-8836-44b8-8924-c27b6f2a3b82,75.63,57.68,59.92,63.92,2.98,18.1,72.82,0.188,4,61.81,1,1,2,58.8,0.32932,1.009999999999998
cd356673-da5a-43fd-bcfe-5144f57e1221,70.77,59.34,56.35,56.46,2.64,16.1,77.91,0.5589999999999999,3,54.07,0,0,2,57.845,0.37400500000000003,-10.478000000000002
37a9712d-cb74-4aae-81bb-3cacc4a6c025,94.13,82.43,70.65,80.65,3.35,28.8,81.11,0.919,8,75.12,1,3,3,76.54,0.15190999999999996,12.203000000000003
68c4f001-9a9a-4b61-8354-bd3f2611eea8,72.62,37.64,35.681250000000006,34.38,2.0,21.2,76.17,0.8880000000000001,6,49.9,0,0,0,36.660625,0.49639812499999997,-27.202000000000005
2eec9503-d003-4cc3-b853-1a9fa1ba27c9,96.93,83.77,83.64,73.27,3.51,27.5,77.6,0.231,4,82.94,1,3,3,83.705,0.14135499999999998,14.401666666666657
6b135bdb-dd17-45f8-856d-7933a49753b8,71.21,63.84,60.87,57.97,3.24,17.5,84.97,0.99,5,63.3,1,0,3,62.355000000000004,0.354185,-1.015555555555558
a5b8fbb7-1edc-40d8-8da0-5cc74ed2803a,98.75,58.51,60.28,58.02,2.6,15.9,89.32,0.408,6,66.1,1,3,2,59.394999999999996,0.252755,-7.020000000000003
3b50b787-585a-48ff-9b60-4c31a0fa8f19,89.81,44.2,36.07,44.86,2.05,12.8,78.66,0.157,2,45.63,0,2,1,40.135000000000005,0.385775,-22.177000000000007
125ee2fe-8593-4df1-bfbe-c055f5583ebb,90.62,56.56,58.1,61.83,2.92,27.8,62.63,0.5269999999999999,6,62.27,1,2,2,57.33,0.28003999999999996,-5.484999999999999
440d3069-3dbe-42b8-b295-3fb955d90f85,78.66,67.6,76.74,70.79,3.36,26.6,76.88,0.411,5,66.3,1,1,3,72.16999999999999,0.25648000000000004,7.657500000000006
e2e04b7a-5df9-4337-affd-025ef4c3ee67,76.2,52.76,50.68,57.81,2.25,13.1,83.32,0.118,2,61.04,1,1,1,51.72,0.36660999999999994,-10.987272727272725
2ce91353-de1b-44b7-8864-76c6019ec355,71.99,43.89,42.96,33.71125000000001,2.0,14.3,74.08,0.62,5,44.39,0,0,0,43.425,0.48063125,-24.121562499999996
550c87b8-1c1d-42ae-975b-ff6990bb3efa,74.04,71.27,63.71,49.63,3.27,21.6,70.24,0.996,2,56.16,0,0,3,67.49,0.35247999999999996,-7.317142857142855
58a80487-9c96-40fb-9df2-6bb4656ff7bb,75.18,66.23,69.38,66.03,2.72,21.6,85.96,0.673,3,66.48,1,1,2,67.805,0.2977749999999999,2.818333333333335
58c09f72-5fae-4cc5-8136-15522e45c283,69.53,54.49,50.91,67.92,2.41,16.2,85.5,0.466,5,58.64,0,0,1,52.7,0.36001999999999995,5.505714285714291
6e951f99-4789-4bfe-98b2-96c54c31a3ac,65.99,52.05,58.57,62.09,2.82,19.3,83.75,0.104,5,60.62,1,0,2,55.31,0.38384,-0.7985714285714209
c9f3f6c9-40bb-4947-a590-2e3d00d6a010,96.24,61.97,71.34,59.21,2.54,18.6,85.32,0.353,4,65.59,1,3,2,66.655,0.23744500000000002,-5.973333333333336
e6030cc0-e87f-4a47-bb0b-9e42a1064ebf,89.58,58.21,58.23,64.12,2.82,23.8,82.49,0.909,6,61.02,1,2,2,58.22,0.27466,-2.6700000000000017
c98c6c09-fde0-47b9-bc35-59613434cd12,91.94,68.92,61.29,64.9,2.75,26.7,92.45,0.917,8,65.22,1,3,2,65.105,0.24222499999999997,6.288888888888891
bfbca393-2a2b-4e2d-bbbf-fccee035aaa4,93.48,61.88,52.45,47.36,3.01,27.0,74.57,0.985,4,54.78,0,3,3,57.165000000000006,0.312505,-14.15428571428572
d685391e-d4b2-4271-9155-b11acf9d3bba,66.56,69.55,74.39,72.7,3.26,23.7,77.57,0.549,6,66.4,1,0,3,71.97,0.29975,5.1000000000000085
dc134ae9-8d30-48e8-b24a-e6780821d40c,91.79,66.3,63.7,69.57,3.5,28.1,83.93,0.175,3,68.39,1,3,3,65.0,0.22912999999999997,6.502499999999998
d5109702-f67b-4a54-96c0-1ba683b73a03,83.14,63.46,70.23,62.42,2.1,26.3,81.03,0.219,2,71.94,1,2,1,66.845,0.27964500000000003,-1.06666666666667
794f5155-2ee2-44a7-8510-81a02d0842ab,74.12,67.91,69.03,63.1,3.14,17.5,83.5,0.913,7,64.08,1,0,3,68.47,0.30881000000000003,1.6400000000000006
570c67cc-a27a-49e6-9727-779e0642c0c8,73.18,55.39,54.85,53.43,2.12,18.5,82.0,0.245,2,61.96,1,0,1,55.120000000000005,0.38162999999999997,-12.750000000000007
ff530a8e-2599-41ec-b2d9-3291d1097980,85.35,52.86,61.38,65.78,2.23,23.2,75.25,0.825,6,65.72,1,2,1,57.120000000000005,0.28990000000000005,7.85285714285714
dbe8a16d-dc7f-47ee-8330-5b324ba3ec65,94.64,69.48,62.28,49.65,2.36,25.5,83.35,0.538,4,66.96,1,3,1,65.88,0.27485,-1.8800000000000026
fe0fbf13-a63f-4497-8001-12096445ef87,92.06,67.82,64.52,64.44,2.59,18.8,85.88,0.361,6,69.66,1,3,2,66.16999999999999,0.23993000000000003,0.8899999999999935
bed20ebe-ad99-424a-bc19-3b2bad9b4ee9,77.48,68.4,61.67,64.37,3.08,27.1,67.23,0.285,4,62.95,1,1,3,65.035,0.30186500000000005,1.0016666666666723
b5772db8-9e87-4d7a-b4a9-97645a8f8687,82.12,76.43,66.52,64.86,3.97,28.4,72.26,0.8390000000000001,7,70.27,1,1,3,71.475,0.262515,5.024999999999999
6ce0442f-2a01-4260-acf0-3b1bb3370bef,76.17,57.02,66.87,62.15,2.43,25.1,82.66,0.693,8,59.53,0,1,1,61.94500000000001,0.323035,5.3289999999999935
9be5bf97-e161-40d2-8299-ebc28c33db95,68.85,69.53,62.22,65.88,3.31,25.8,81.74,0.7,5,62.54,1,0,3,65.875,0.32933500000000004,-1.4825000000000017
07ae501d-028b-4981-9b6f-f53550d269e7,91.47,59.34,61.46,56.56,2.96,20.1,84.25,0.425,3,62.51,1,3,2,60.400000000000006,0.28324,-3.191428571428567
89949f42-5414-4590-ac7c-0cff01fd125f,91.48,71.88,63.88,71.7,2.86,23.4,71.74,0.771,7,70.97,1,3,2,67.88,0.21533999999999998,8.649000000000001
c1f8d44d-0f0a-466b-b933-a02f940924da,69.76,61.82,55.16,55.35,2.42,21.7,74.32,0.4669999999999999,3,64.78,1,0,1,58.489999999999995,0.37944,-1.8328571428571365
f0c1824e-45f0-427e-b30a-567355c9d96f,75.59,62.76,70.11,65.51,3.19,29.6,65.24,0.751,5,67.97,1,1,3,66.435,0.301805,1.711428571428577
cf771f53-3d60-46dd-8426-be8d714e1057,72.35,62.06,61.87,64.94,2.41,17.5,83.8,0.858,1,61.86,1,0,1,61.965,0.32988500000000004,15.8825
a4ca49a9-def3-411b-8c8a-2f98e6393092,65.04,66.99,71.91,72.47,2.93,29.2,64.12,0.8099999999999999,8,65.97,1,0,2,69.44999999999999,0.31408,3.3016666666666623
eb0e3648-4aff-4046-b1c2-a4565dc2423a,82.38,57.74,68.15,57.83,2.71,20.2,83.02,0.436,1,62.12,1,1,2,62.94500000000001,0.30815499999999996,-8.330000000000013
e22dc31d-cb7f-4b2f-a1fe-93495ab970ed,79.22,73.11,81.56,76.01,2.8,25.4,80.0,0.445,2,74.21,1,1,2,77.33500000000001,0.22308499999999998,6.976666666666674
6f140a2a-5ec3-4a5f-81c2-04b614b4879d,94.51,85.3,86.91,80.25,3.69,21.4,91.31,0.818,4,80.71,1,3,3,86.10499999999999,0.122895,19.549999999999997
14b4bf60-70a2-4a5d-adb5-1c682d9db8fa,96.22,54.23,51.98,55.71,2.31,14.4,81.95,0.992,8,59.48,0,3,1,53.105,0.288675,0.21000000000000085
6f66b24d-d5d1-47e9-a9d5-753985826b78,69.22,62.17,63.13,61.16,2.79,23.9,75.25,0.415,1,61.21,1,0,2,62.650000000000006,0.35168999999999995,-5.646000000000001
f395908d-f92f-4b70-b8f6-5f32e43b5cab,94.24,91.55,92.53,85.37,4.0,31.2,74.16,0.446,6,86.27,1,3,3,92.03999999999999,0.09081000000000003,15.64
e13d9fc5-f84b-4d30-beac-8cc4b9ccacd7,84.91,68.78,62.7,65.63,2.77,27.9,71.76,0.388,4,65.15,1,2,2,65.74000000000001,0.26625,1.6779999999999973
bbb33fc0-4f3c-4b3b-b623-65bed256f762,88.52,70.5,82.16,75.08,3.33,20.6,81.36,0.112,2,84.37,1,2,3,76.33,0.19169,6.03857142857143
9aa8530b-6b48-495c-8ba6-656567f757ad,83.41,66.12,70.04,61.18,2.46,26.9,72.32,0.751,5,64.62,1,2,1,68.08000000000001,0.27858,-2.6185714285714283
7c0822de-2f2e-4a48-af3f-ae2abefa3c1b,88.98,58.95,69.83,61.7,2.61,21.2,70.17,0.714,2,67.68,1,2,2,64.39,0.26580999999999994,1.3220000000000027
69bdfd3d-4e9f-4e6f-b738-73ffabf9dc63,66.84,84.49,73.32,64.43,3.12,23.7,76.37,0.358,8,71.14,1,0,3,78.905,0.30263499999999993,7.228333333333332
58c8a602-21a4-44e5-8b53-0b3dddaaa1cc,87.24,61.66,60.74,56.48,2.96,23.4,83.32,0.502,2,62.65,1,2,2,61.2,0.298,-8.374444444444457
1259d573-e1d5-4bc8-ae7e-fad238eab895,83.92,70.78,68.54,71.93,2.75,23.7,78.32,0.51,4,72.06,1,2,2,69.66,0.23954999999999999,9.260000000000005
e9f1aa78-4f35-4e18-a362-c28b2ff6cdd7,82.62,69.5,77.9,85.32,3.74,25.7,84.89,0.953,2,79.69,1,1,3,73.7,0.19246,13.1875
83da380e-a782-4ac2-b043-a0e339013a1b,96.14,85.34,83.76,68.37,3.74,21.4,83.07,0.608,6,80.95,1,3,3,84.55000000000001,0.15667999999999996,13.092500000000001
0a74d26b-5c1b-44e3-9806-1b2bf4597463,87.18,72.39,67.5,79.86,3.37,23.8,79.08,0.5940000000000001,6,75.36,1,2,3,69.945,0.20186500000000002,16.03125
adfae4b0-8891-4ff0-aaa5-be758a5f77e1,72.12,64.09,60.85,48.17,3.1,20.4,76.88,0.279,2,60.72,1,0,3,62.47,0.3796,-16.64
ab7de4cd-7933-40dc-9e65-c683d78fb943,90.73,66.24,73.24,74.3,2.58,18.2,74.24,0.806,6,73.56,1,2,2,69.74,0.20496000000000003,11.762499999999996
10bdf103-c405-469b-9159-65eeb2243c5d,85.68,67.66,66.97,72.72,3.13,23.7,91.82,0.2029999999999999,3,73.79,1,2,3,67.315,0.23717499999999997,9.82
28719e83-3343-4190-96f4-a0a2f10a068b,89.98,76.11,65.67,69.21,3.14,30.6,71.14,0.359,4,78.76,1,2,3,70.89,0.21977999999999998,2.9099999999999966
c0a4af9b-a0cd-4d26-98b7-0d2653e14dfc,94.44,70.92,74.06,64.21,3.06,22.0,79.18,0.339,4,77.35,1,3,3,72.49000000000001,0.21214,4.9283333333333275
609c1cd9-2d21-4816-906e-09e498d99780,94.82,59.05,60.87,62.68,2.46,26.1,96.42,0.778,1,69.17,1,3,1,59.959999999999994,0.2528,0.7779999999999987
a6ba951c-5b10-4030-840e-e3b1f63121d4,69.1,53.61,50.44,67.84,2.49,25.8,68.77,0.445,7,58.46,0,0,1,52.025,0.364005,-1.193333333333328
ebb4e6f1-0111-48dc-86e2-425464f7d48d,67.3,50.64,59.4,48.94,2.0,25.7,71.32,0.572,5,55.04,0,0,0,55.019999999999996,0.41892,-13.334000000000003
e6016c47-c97c-42a3-bda6-8834c31c3a79,72.04,58.7,65.72,66.72,2.83,26.1,81.1,0.861,7,67.96,1,0,2,62.21,0.32504999999999995,0.15428571428570592
2bd8c018-7e79-4d94-8bbe-3b6f1dd05d4e,72.33,78.22,71.27,67.05,3.93,30.2,85.05,0.757,4,71.85,1,0,3,74.745,0.28529499999999997,1.6028571428571468
17950fad-b2e5-4d36-be21-7e8f21118727,94.23,73.9,80.12,76.09,3.35,27.2,78.31,0.899,7,77.93,1,3,3,77.01,0.16377999999999995,9.715714285714284
beb31f2e-00ce-4c8d-9b45-a84ea73e2cd1,98.97,70.76,83.57,82.3,3.57,28.5,70.82,0.769,3,80.15,1,3,3,77.16499999999999,0.12572500000000003,23.473999999999997
c57fd744-8118-49a8-9d99-26ad2c2af74d,76.69,89.76,82.8,94.50125,3.7,29.5,75.57,0.239,4,84.23,1,1,3,86.28,0.15089625,17.49964285714286
027231a6-355e-4f1e-92e1-2a7c52544411,87.96,72.45,61.87,53.78,3.59,18.4,81.68,0.843,8,63.53,1,2,3,67.16,0.28534000000000004,-2.1977777777777803
82479823-607c-4a59-8d22-4f08ecb4db67,74.47,63.26,71.43,74.72,3.11,24.6,93.85,0.144,2,69.92,1,0,3,67.345,0.27592500000000003,-1.5550000000000068
070b0fb6-ea78-48af-9d5c-16ca4193de36,71.2,56.15,58.74,36.23,2.3,24.7,79.03,0.596,7,57.42,0,0,1,57.445,0.434175,-33.025
350452d4-b1d6-48ba-a235-5d1f2adfd3ad,77.81,72.06,68.54,65.16,3.22,26.2,76.85,0.323,6,70.49,1,1,3,70.30000000000001,0.2823799999999999,2.4771428571428586
d968c247-78c9-4ba5-b7e1-f19a5af2b397,88.2,76.07,93.09125,80.37,3.5,27.7,89.45,0.79,6,82.24,1,2,3,84.580625,0.15234812499999997,11.02666666666667
5f1e911a-f98f-4332-8ac0-d638cd38c5b3,71.01,73.34,77.78,71.9,2.89,26.1,77.94,0.572,2,71.01,1,0,2,75.56,0.27358,9.626000000000005
5a3c872b-eaaf-4bb6-bd37-9b2ca917a06c,86.34,55.79,50.36,50.8,2.85,22.0,75.55,0.548,5,58.9,0,2,2,53.075,0.34301499999999996,-13.506
38267842-8f22-40e6-8c34-8d57263c814e,96.45,73.06,67.07,73.51,2.92,22.2,74.6,0.3259999999999999,6,73.32,1,3,2,70.065,0.183475,6.896666666666675
0869fdc0-aa3f-432d-a6c6-1249e300a965,84.59,68.74,59.96,69.8,2.71,19.4,90.37,0.351,8,67.3,1,2,2,64.35,0.25919000000000003,-0.11750000000000682
0dd463ee-80a6-4c91-a95d-7303af1576d6,93.27,58.09,59.74,68.03,2.03,24.0,85.59,0.378,5,60.65,1,3,1,58.915000000000006,0.246085,-1.2266666666666737
cc045d0a-442c-4286-86e0-e9964fc3ae12,75.41,65.08,73.6,73.86,3.42,23.1,72.07,0.534,2,65.81,1,1,3,69.34,0.26876,9.295000000000002
33429d5f-af3b-40fa-ac65-ded440af9b6d,88.17,73.19,78.66,65.23,3.21,22.6,91.14,0.513,1,71.07,1,2,3,75.925,0.223855,3.6700000000000017
9d594e5d-7a8a-427c-b872-a3453de906cd,73.56,67.59,65.39,53.97,3.27,20.8,83.81,0.319,8,61.43,1,0,3,66.49000000000001,0.34437999999999996,-11.142857142857153
d59b6b69-574d-4307-8563-7dff1e2c118f,75.19,67.5,57.05,62.03,2.64,27.8,77.92,0.827,4,60.05,1,1,2,62.275,0.326325,-4.652857142857144
e203d4aa-f293-412f-a32a-616516c84cc1,88.26,58.95,65.41,61.31,3.13,17.2,85.82,0.675,7,66.0,1,2,3,62.18,0.27648999999999996,0.0
c92062b8-1275-45bb-b336-29d65fe6aa37,81.7,46.78,40.26,51.94,2.64,19.6,78.53,0.999,4,52.17,0,1,2,43.519999999999996,0.38682,-11.55222222222222
cab33945-174a-4631-9bfe-df4c94a88d4b,86.06,70.69,67.05,72.8,2.81,17.9,80.79,0.826,8,62.72,1,2,2,68.87,0.23074999999999998,14.127499999999998
b975a938-2dbc-44c7-94a8-43df18ac5525,70.77,44.99,45.51,56.79,2.15,18.5,62.39,0.384,5,56.6,0,0,1,45.25,0.41080000000000005,-12.488999999999997
cc64b250-0118-40df-a877-cf9f69a1b6aa,97.94,63.75,67.23,50.68,2.46,16.4,82.55,0.3339999999999999,4,62.89,1,3,1,65.49000000000001,0.25973,-0.4024999999999963
9c4b4e14-ba33-4cd0-a3d7-b4e26381cab2,98.66,60.18,57.11,60.08,2.62,20.5,77.38,0.49,7,65.26,1,3,2,58.644999999999996,0.24918500000000002,0.22857142857142065
f615694e-7778-4165-a134-e72d14ee6fd6,71.29,79.8,77.8,71.15,3.48,26.0,81.18,0.828,4,73.71,1,0,3,78.8,0.26498999999999995,15.436666666666675
a9f3c12e-ce52-4bc1-831b-4de5ac5a9192,83.21,67.67,67.35,66.45,2.93,29.6,93.48,0.18,5,73.88,1,2,2,67.50999999999999,0.26528000000000007,0.7600000000000051
21852b79-110c-45d6-b65d-35297a386bd3,77.72,58.14,60.96,54.67,3.17,23.2,92.74,0.771,6,63.52,1,1,3,59.55,0.34646,-8.381
5166c8de-8a20-4b07-8a1b-d7d9847e783c,96.83,57.33,73.78,55.53,3.13,18.7,68.19,0.919,8,59.0,0,3,3,65.555,0.24942499999999995,-12.917000000000002
4d539c13-57d6-4f0a-a717-c158f5b8c10e,95.55,58.54,63.75,63.6,2.43,18.6,73.32,0.3379999999999999,1,64.23,1,3,1,61.144999999999996,0.24356500000000003,7.274000000000001
28318389-2cb7-4317-93dc-422df7ba00f1,67.9,54.65,47.39,54.8,2.15,22.3,75.81,0.339,1,59.84,0,0,1,51.019999999999996,0.41094,-4.481666666666669
25beae14-f0e7-4c6a-9472-24d6613f4be6,65.17,63.02,69.66,64.49,3.64,22.5,84.02,0.5349999999999999,7,66.75,1,0,3,66.34,0.34682999999999997,7.009999999999998
a8e73a3a-a9f5-4539-87e8-edca1a7d18db,93.23,51.27,45.58,56.1,2.46,18.8,82.88,0.474,5,55.07,0,3,1,48.425,0.313505,-4.103999999999992
c92ad37b-d5f2-48c6-91e6-fb115c2a7f0b,91.43,81.75,89.91,78.71,3.65,30.7,81.08,0.6910000000000001,4,84.3,1,3,3,85.83,0.14065999999999998,11.872857142857129
624984eb-58ce-46fc-b8ce-5c4f05d2ef6f,87.72,81.44,71.12,72.48,3.05,30.7,78.37,0.528,2,69.68,1,2,3,76.28,0.20284,3.876666666666665
0200fac5-2c21-4ba5-98fd-028a5378476e,91.5,80.63,68.17,75.32,3.44,19.7,85.19,0.2319999999999999,6,74.19,1,3,3,74.4,0.18484,2.1299999999999955
097d5ab0-cba3-4da3-8aba-cd7f7370e4da,95.89,36.86,44.69,33.71125000000001,2.21,22.1,88.29,0.5780000000000001,1,49.27,0,3,1,40.775,0.39298125,-24.739062499999996
00ee7ace-91c8-4c1d-9a37-5482d8b2cea6,89.2,70.47,73.92,75.64,3.16,26.8,76.29,0.251,6,77.23,1,2,3,72.195,0.199695,16.709821428571423
79f3dd3e-f767-4d52-93c0-2ddd7215681d,93.98,61.18,65.01,72.04,2.7,18.4,59.75,0.128,4,66.06,1,3,2,63.095,0.21867499999999995,5.301428571428573
97cc8db6-dbc3-4ebf-974e-e2fdf35a1519,89.29,70.71,64.47,80.94,3.59,21.8,71.34,0.432,3,76.82,1,2,3,67.59,0.19724999999999998,23.315999999999995
3a0af37f-8a3a-4aa1-b280-a2c0979e9d94,77.27,58.34,66.28,64.94,3.02,20.0,86.9,0.554,5,66.85,1,1,3,62.31,0.30917,-3.7630000000000052
2bca5235-8d4a-4d61-aa78-338bb80f63a1,75.84,58.39,59.61,51.06,2.54,23.5,86.07,0.509,3,56.49,0,1,2,59.0,0.36646,-7.669999999999995
d5993c9e-11b0-4dd5-b592-3da9e808b35c,94.26,55.0,72.67,64.73,2.65,23.5,90.62,0.236,6,70.87,1,3,2,63.835,0.23726499999999995,3.1850000000000023
6ff4a27f-1318-4cce-a884-566ed45c3068,92.48,59.77,62.47,67.84,2.67,18.7,66.02,0.517,8,64.08,1,3,2,61.120000000000005,0.24319999999999994,4.553333333333335
7a42fea2-ddad-402c-a966-24ceb8eba5f6,93.09,68.79,79.59,70.52,2.98,24.8,82.7,0.131,2,76.01,1,3,2,74.19,0.19351,8.314999999999998
97363594-3092-4826-911b-a4fca3f926cd,83.26,63.34,63.91,60.01,2.46,21.8,85.37,0.355,2,73.33,1,2,1,63.625,0.296055,-2.6783333333333346
588302e1-7268-46f8-a4bd-ab3e52ba53d2,68.0,57.83,61.33,45.11,2.76,14.3,77.79,0.281,4,55.44,0,0,2,59.58,0.41393,-19.735
4113929d-2a31-4988-a977-a551b827f655,88.24,50.44,46.86,40.56,2.33,12.6,73.02,0.8089999999999999,4,51.79,0,2,1,48.65,0.37941,-11.939999999999998
bf8012ca-ad4e-40dc-af1c-d0cbfcce2e09,93.15,66.06,71.78,67.99,3.06,27.9,71.61,0.469,6,67.3,1,3,3,68.92,0.21667000000000003,-1.1180000000000092
90e5841e-1956-472c-ad36-2b9e1281b0a8,91.33,66.0,69.05,73.83,2.96,15.9,85.37,0.524,7,73.49,1,3,2,67.525,0.210615,0.9466666666666725
38c48ce4-3b70-49bc-84c9-2a2870294be3,74.27,66.5,61.02,69.12,3.64,26.4,71.94,0.194,7,69.88,1,0,3,63.760000000000005,0.30428,2.0983333333333434
e58e1b6f-0c18-495f-aa6e-2a070542c462,85.45,50.16,60.01,53.55,3.01,24.2,58.80000000000002,0.65,5,57.69,0,2,3,55.084999999999994,0.332295,-9.368750000000006
f1646916-fc92-4c95-8e0c-7f99a7defbeb,95.09,50.15,49.74,39.65,2.16,21.7,86.99,0.187,2,58.11,0,3,1,49.945,0.350855,-25.916249999999998
8153a645-c329-46ab-b958-97818fcf949e,80.96,59.27,62.48,66.19,2.49,23.0,69.56,0.2299999999999999,6,64.79,1,1,1,60.875,0.29496500000000003,6.118333333333332
8f4a1d9d-e4b0-4c73-9d05-fe528b21fe03,86.18,73.78,52.35,58.58,2.73,16.2,90.76,0.79,8,65.82,1,2,2,63.065,0.290345,-10.763333333333335
2f817dcc-b219-494e-836a-6992c82371a8,87.26,56.2,59.04,38.88,2.44,23.7,85.08,0.912,7,56.61,0,2,1,57.620000000000005,0.36145999999999995,-22.619999999999997
aaf32476-40b3-44cd-8a6d-070b3bdc2f6f,74.35,53.17,58.36,64.11,2.54,25.0,81.12,0.951,6,64.96,1,0,2,55.765,0.342975,-1.5500000000000114
1fca5aa2-4a12-4837-a2b4-107be3b822af,98.88,49.69,42.77,57.11,2.43,14.9,73.91,0.788,2,56.2,0,3,1,46.230000000000004,0.29446,-8.616666666666674
35f2ce12-19c8-4c8c-878e-df5349aa8f5b,84.04,51.59,66.34,62.9,2.57,25.8,95.19,0.915,7,69.39,1,2,2,58.965,0.298245,-7.675714285714285
98d4118e-f286-4f8d-89d5-c9ae9030571e,93.89,73.86,70.17,65.71,3.34,22.2,89.83,0.936,3,69.86,1,3,3,72.015,0.211265,-3.653333333333336
215f9141-8d31-471a-add8-82f0b2dd8873,76.22,58.65,49.76,55.38,2.86,14.5,71.73,0.825,6,48.85,0,1,2,54.205,0.366365,-2.547142857142859
5bceb4d5-da2c-48fc-9dc3-e090e366670d,96.35,50.87,45.54,56.42,2.03,24.3,76.72,0.194,4,61.5,1,3,1,48.205,0.30072499999999996,-10.60166666666666
77107889-7c5c-4dca-9c3d-4f11e4d7510e,86.79,58.37,56.36,67.08,2.84,17.4,81.62,0.544,8,66.11,1,2,2,57.364999999999995,0.279505,12.122857142857143
49b8ae5f-33fc-4286-bb85-445cdb50f0c9,87.86,68.81,66.56,69.77,3.39,20.3,91.9,0.1649999999999999,2,68.41,1,2,3,67.685,0.23619500000000002,0.346666666666664
c8e4cdb2-f2ea-4f29-bf64-78cfabe1ef65,94.15,71.94,65.42,76.24,3.18,31.2,78.51,0.135,6,75.1,1,3,3,68.68,0.18863999999999997,10.120000000000005
6241a09a-8102-4e8c-93ac-5559cd17cdf8,95.37,62.79,52.1,50.37,2.5,24.8,86.51,0.313,4,67.45,1,3,1,57.445,0.295075,-13.28875
070628b7-bbe9-4f41-bcf7-d1fdac228ea2,85.07,67.55,69.19,73.03,2.77,17.7,74.52,0.3419999999999999,7,73.09,1,2,2,68.37,0.23552,8.42857142857143
cb45099b-5d55-40f5-9a11-4267b1d04aa6,77.24,59.26,63.16,65.82,2.69,24.9,82.42,0.6809999999999999,3,69.04,1,1,2,61.209999999999994,0.30995000000000006,-7.544285714285721
0dd8fa61-1a7e-47dc-b6af-23d6f8967a57,82.37,54.39,54.62,56.35,3.0,24.0,62.61,0.532,6,59.13,0,1,2,54.504999999999995,0.33795499999999995,-2.4911111111111026
371fe522-bfd8-49ca-af92-a1fe22d86bdd,83.01,65.43,60.18,51.77,2.95,21.2,71.61,0.247,6,59.68,0,2,2,62.80500000000001,0.3242349999999999,-7.392857142857139
800eb907-92d0-4493-8dab-0bc21e94ff0f,79.1,57.91,50.22,54.5,2.62,23.0,82.15,0.393,1,63.74,1,1,2,54.065,0.35790500000000003,-6.425714285714285
971b410e-a053-49d2-9241-6138e9e7c4b8,67.8,56.42,48.19,64.04,2.7,24.4,71.04,0.663,4,61.2,1,0,2,52.305,0.379765,-5.72999999999999
2f213cf2-6322-4635-b7cf-121d09dfd5c4,85.03,43.78,52.03,41.38,2.0,17.7,94.93,0.329,5,58.37,0,2,0,47.905,0.392025,-21.093333333333327
799fdb02-b0e7-4228-abf8-f5e955774cb7,95.24,51.98,52.43,56.33,2.21,19.1,84.25,0.2339999999999999,5,58.54,0,3,1,52.205,0.29343500000000006,-10.878749999999997
797a36a7-8021-48c9-a63f-566c38edaf8a,77.87,58.31,67.34,68.27,2.72,17.8,65.65,0.289,4,64.3,1,1,2,62.825,0.29523499999999997,1.3133333333333326
93213090-c3ed-41ce-96f2-d466f9a8669e,95.13,78.31,78.26,86.83,3.37,31.4,84.58,0.7849999999999999,4,82.25,1,3,3,78.285,0.12413500000000002,24.243333333333332
b6900ba0-8c93-45ae-9f33-3331c719a0f4,87.78,61.46,57.78,63.02,3.28,29.2,82.2,0.647,1,65.88,1,2,3,59.620000000000005,0.28096,0.5014285714285762
4686e329-efcf-4c94-aef0-81db1d9a5708,99.87,70.98,73.82,74.3,3.08,27.3,84.13,0.362,5,79.29,1,3,3,72.4,0.16041999999999995,15.086527777777775
b3c97d80-fcb3-49d3-8a1e-d64fee3bb04a,66.34,68.25,62.56,47.86,2.92,20.5,88.48,0.224,4,62.19,1,0,2,65.405,0.39484499999999995,-12.450000000000003
96eb475e-4101-43ae-a79a-3fe38b903857,73.74,60.57,60.48,53.88,2.93,18.5,83.81,0.553,1,55.94,0,0,2,60.525,0.36182500000000006,-6.579999999999998
dc6e9c05-9545-4066-946f-36130c219e7d,72.45,77.87,68.84,61.73,3.13,21.5,84.86,0.646,1,65.63,1,0,3,73.355,0.30494499999999997,-2.32500000000001
35df591d-8483-4da9-a802-a4a8c965b7c6,82.28,48.54,57.75,67.82,2.78,24.7,89.48,0.692,8,60.44,1,1,2,53.144999999999996,0.30798500000000006,1.8179999999999978
1b04593c-560a-427b-9cd5-a9dc84c566b5,90.5,69.22,83.17,90.22,3.07,20.0,86.17,0.207,7,79.34,1,2,3,76.195,0.13875500000000002,0.0
6cecff47-c2bd-4969-aec0-a974bfc0edc5,82.23,56.26,55.45,57.15,2.35,23.2,92.23,0.965,1,58.91,0,1,1,55.855000000000004,0.332065,-11.671666666666674
68fe9cfe-99d8-4a48-879e-0db5cff1ef18,92.28,70.03,73.54,72.68,3.77,23.7,72.2,0.6679999999999999,5,73.1,1,3,3,71.785,0.197485,11.185000000000002
ebfb3628-eff4-4cb1-9add-f29ff85493da,73.16,87.41,83.17,82.61,3.69,25.3,73.58,0.408,8,73.61,1,0,3,85.28999999999999,0.20366000000000004,17.569999999999993
306ec3b2-dd0f-4449-beec-7b8a8127c641,66.93,57.94,71.29,65.45,3.73,29.6,84.98,0.735,8,69.92,1,0,3,64.61500000000001,0.3420849999999999,-1.3157142857142787
7032b0ec-ae90-48ef-8b49-bdeb9d88a898,88.66,57.84,66.88,49.04,2.44,24.7,71.31,0.95,5,66.66,1,2,1,62.36,0.31116,-18.915555555555564
409444e1-9483-42b3-a033-a0b1c051a3c9,90.37,68.39,75.77,66.63,3.26,27.0,85.12,0.269,8,74.21,1,2,3,72.08,0.22238999999999998,11.13267857142857
b69a6e18-bcf4-4b40-b3af-d44802f3c2ab,86.09,70.76,65.48,66.31,3.42,17.1,76.21,0.934,3,65.77,1,2,3,68.12,0.25234999999999996,-3.1025000000000063
b1d6b2e1-3cd6-43ac-b920-842d13d26ba5,80.33,71.82,68.5,60.78,3.69,28.0,81.55,0.496,2,69.51,1,1,3,70.16,0.28586,0.03499999999999659
8e08b5b4-c5a5-4867-a694-7c535282ea94,66.43,58.93,54.01,54.47,2.23,25.3,70.49,0.78,1,54.91,0,0,1,56.47,0.40145999999999993,-8.74666666666667
8b02de04-26c7-4f49-a216-cad0b297d425,83.01,54.29,55.22,59.31,2.87,24.3,85.83,0.745,5,58.95,0,2,2,54.754999999999995,0.32576499999999997,-1.7490000000000023
ad4abdc9-6d99-46f3-ac77-0d2bb7f5ba7e,94.75,74.81,72.98,63.83,2.81,25.9,77.63,0.788,8,74.69,1,3,2,73.89500000000001,0.20782499999999998,-1.8966666666666754
8fd7d245-98cd-4c71-99f2-7a8de9c6c078,84.65,71.0,78.67,68.77,3.0,24.2,85.78,0.534,5,67.37,1,2,2,74.83500000000001,0.23058499999999996,4.204999999999998
016a027f-4cc3-4827-8791-838c2d9e178b,70.93,70.37,67.08,72.67,3.09,17.8,81.67,0.214,3,71.35,1,0,3,68.725,0.292095,4.209999999999994
050e4a8e-5efc-4ae3-b144-e039ecc1de31,79.51,61.29,57.8,61.34,2.37,13.8,78.86,0.599,4,59.25,0,1,1,59.545,0.31930499999999995,-3.573999999999998
3e445224-32f8-4d46-8261-6f9ad2e8b63d,68.22,59.19,53.26,66.3,2.46,16.7,83.53,0.2279999999999999,5,58.82,0,0,1,56.224999999999994,0.359545,-1.3566666666666691
5c60f0fc-7b6e-4dba-8e16-0ee9ea5346c3,99.49,74.6,72.7,67.88,3.28,24.6,85.91,0.227,8,70.89,1,3,3,73.65,0.17745,17.349999999999994
ead9ba82-ace5-42f6-9231-01f69561b8e4,95.61,60.16,69.22,58.05,2.96,15.4,73.4,0.825,3,64.17,1,3,2,64.69,0.24934,0.12285714285713567
75224986-8745-4af2-9347-3155115465ef,81.22,55.9,49.02,59.24,2.17,22.1,83.63,0.215,4,69.4,1,1,1,52.46,0.34002000000000004,-0.7328571428571422
91fdd51e-8d29-429c-bce8-325fd761337c,88.44,73.55,75.09,70.83,3.3,19.0,85.48,0.8800000000000001,7,71.26,1,2,3,74.32,0.21079,-1.5620000000000118
958a49e3-fa8a-41eb-b311-5798ff6eeaaf,86.86,50.91,58.89,53.57,3.17,17.3,80.28,0.392,2,61.82,1,2,3,54.9,0.32715000000000005,-2.684999999999995
e9dbac2c-93ac-4003-8ded-2e4edc3e38d7,87.07,56.25,65.33,58.0,2.79,17.8,68.96,0.364,7,64.8,1,2,2,60.79,0.29535000000000006,-14.510000000000005
f77e5e1e-7f20-4e93-be52-c40569a668e2,76.97,87.04,74.45,67.84,3.89,19.2,86.92,0.943,7,68.06,1,1,3,80.745,0.24636499999999997,7.740000000000002
c7bdef96-b621-426f-b261-c4fe47ca1094,74.43,67.71,75.82,61.6,3.53,22.3,89.77,0.315,7,69.07,1,0,3,71.76499999999999,0.30218500000000004,0.2679999999999936
436c8969-c18c-41fa-96ae-c65b4b210f74,66.98,56.53,61.62,51.79,2.93,20.2,86.97,0.4429999999999999,7,60.34,1,0,2,59.075,0.399485,-5.219999999999999
3214410c-6583-4605-9457-6c8d3638ca2d,94.92,72.23,76.31,76.28,3.61,30.8,80.26,0.696,3,74.8,1,3,3,74.27000000000001,0.16867,17.065714285714286
c0163c52-4028-4fa2-b6e8-08a359559fe4,86.2,64.69,57.21,62.0,2.34,19.8,79.19,0.8390000000000001,8,64.08,1,2,1,60.95,0.28635,2.164999999999999
343744d1-e727-40b6-8297-26522ff23732,66.17,52.79,62.89,59.43,3.18,16.9,64.7,0.6950000000000001,3,60.65,1,0,3,57.84,0.38351,-2.6288888888888877
d75b3da5-f77f-4929-b47c-648567b8170e,71.88,52.83,69.52,69.09,2.37,23.1,92.66,0.1399999999999999,6,66.14,1,0,1,61.175,0.321685,10.028750000000002
f95473f0-ac63-44b2-8d36-0ddff9bb3a63,82.94,65.75,81.0,62.19,3.48,28.8,100.0,0.843,3,69.54,1,1,3,73.375,0.261545,6.212222222222216
af2ea8c4-1282-4ec2-ad52-7ac98f28c0c8,93.06,47.87,63.77,65.6,2.25,26.4,79.46,0.619,3,67.14,1,3,1,55.82,0.2635,0.6233333333333206
68144774-94ca-472c-8434-b8eb88bd2a24,81.75,71.18,70.49,76.86,3.09,19.0,84.64,0.759,7,73.52,1,1,3,70.83500000000001,0.22991499999999998,12.588571428571427
1de3ceee-5050-4fc0-b324-b086a50519b0,66.73,57.51,54.45,49.78,3.03,16.5,87.43,0.172,3,60.5,1,0,3,55.980000000000004,0.4158,-16.403999999999996
ccd6a50e-1432-454f-8263-79a3fdd64104,68.7,46.03,50.62,50.67,2.21,16.8,72.13,0.416,5,51.91,0,0,1,48.325,0.428215,-14.989999999999995
a3c38daa-6b62-4646-9948-571d29ede09f,77.58,42.07,46.84,43.96,2.0,12.5,71.22,0.662,6,50.14,0,1,0,44.455,0.424435,-16.615000000000002
64038f95-a29d-4f84-9488-2d95510ae38e,77.1,79.13,77.69,79.16,3.18,26.3,85.15,0.311,6,77.42,1,1,3,78.41,0.21889000000000003,8.703333333333333
9fc4c781-5bdc-43b9-90fd-a01c013172d0,87.3,55.0,54.32,54.24,2.72,15.7,88.15,0.29,3,54.86,0,2,2,54.66,0.32410000000000005,1.028333333333336
400843da-0f25-494e-b6e7-aec5700cc490,81.9,64.74,57.21,65.3,2.35,16.5,84.55,0.648,2,64.05,1,1,1,60.974999999999994,0.293575,-5.0660000000000025
dadd6c3d-5718-45a5-9985-99a46ea303c0,69.09,51.63,59.15,53.97,2.68,22.8,75.59,0.186,2,58.24,0,0,2,55.39,0.39555999999999997,-11.810000000000002
181357c1-a379-41c6-98b2-7d2cce34f650,67.19,52.7,55.32,59.87,2.72,19.1,60.25,0.37,6,57.97,0,0,2,54.010000000000005,0.3896,2.1457499999999925
72295eda-39cf-4188-bd92-917b9eb1cba8,86.62,73.58,80.12,73.81,3.24,21.3,90.45,0.465,5,70.42,1,2,3,76.85,0.20154,9.081428571428575
05305370-2b16-431f-9915-aebdc8ee3b5e,92.79,75.53,83.4,79.77,3.95,20.1,85.48,0.899,3,75.92,1,3,3,79.465,0.15113499999999996,13.395714285714277
8d066bce-ca45-446d-98cd-9717ed97744f,80.78,64.43,71.96,70.7,2.58,19.8,71.72,0.533,4,61.41,1,1,2,68.195,0.260195,1.0628571428571405
72d66c7c-9f29-4a12-bdff-72427894ad0d,97.83,58.99,51.57,49.47,2.19,14.6,77.24,0.398,1,59.73,0,3,1,55.28,0.29442999999999997,-9.21
334b8d12-4ccd-4285-a73c-0c161dea3668,73.75,85.01,75.23,62.91,3.29,22.1,76.59,0.195,8,76.06,1,0,3,80.12,0.27591,-0.8100000000000023
fa8ceed3-453b-4c85-9d78-eb79eeffca9f,79.55,39.71,43.42,35.96,2.0,13.0,71.36,0.388,3,47.17,0,1,0,41.565,0.449225,-27.991999999999997
8bac573d-af82-49f2-a151-b8135d16ee9b,67.91,53.69,66.63,62.35,2.46,21.8,83.51,0.768,5,58.59,0,0,1,60.16,0.36083000000000004,-3.631999999999998
751b622a-5eb8-4d9c-964e-40767feb3c37,92.53,69.69,67.32,76.01,2.86,21.0,82.77,0.8150000000000001,7,74.48,1,3,2,68.505,0.19633499999999998,1.9849999999999994
dabeda01-cbd1-4a2e-b890-7c528ba9abe4,87.01,64.45,66.3,70.9,3.25,29.4,90.7,0.436,8,70.8,1,2,3,65.375,0.243135,4.739999999999995
2b69a2a5-d63b-4e71-9063-d109bc2b1fbd,86.55,54.33,65.93,55.83,2.92,19.4,80.46,0.738,6,59.73,0,2,2,60.13,0.30591999999999997,-6.111999999999995
41a67409-f0a9-47b2-941b-34ddad394687,75.63,64.49,62.63,51.43,3.02,20.4,73.12,0.462,8,58.36,0,1,3,63.56,0.35251,-7.64142857142857
71aa3ef4-8c12-4cde-abf6-3b2c6fad2f74,82.2,88.54,88.48,87.48,4.0,34.8,92.26,0.279,3,87.97875000000002,1,1,3,88.51,0.14322999999999994,22.67
78bd4c1c-2d7f-4bc8-9a24-f7493bba1145,75.45,55.88,54.63,44.88,2.14,15.8,76.31,0.943,2,53.94,0,1,1,55.255,0.397795,-15.219999999999999
70909e67-3abe-428e-938b-2df4c8e3317e,69.21,52.6,49.63,58.42,3.08,23.1,94.57,0.103,1,62.63,1,0,3,51.115,0.394555,3.9857142857142946
f57a1a44-f766-4e2b-a149-4f0ba7d422c0,97.79,75.12,77.67,78.08,3.54,21.7,77.23,0.257,8,74.94,1,3,3,76.39500000000001,0.14541499999999996,15.545714285714283
b817ba6b-3d0c-4b86-85bf-f3f5dcd2f3dd,68.71,76.71,76.52,73.29,3.65,22.5,71.99,0.623,3,68.63,1,0,3,76.615,0.27544500000000005,0.2343055555555651
676bdf87-9f6d-4105-a8a4-f9a49cf7def1,69.4,81.73,68.37,61.25,3.37,18.9,90.57,0.593,3,71.13,1,0,3,75.05000000000001,0.31349999999999995,3.1799999999999997
ef4a725e-1929-4ae1-bfea-a45cd642428c,90.56,64.18,51.16,61.24,2.07,13.5,90.33,0.8230000000000001,6,59.88,0,2,1,57.67,0.28102999999999995,-7.270000000000003
4690b6ca-4758-41a3-b1cd-b7684c12ea89,65.37,59.82,48.49,53.98,2.43,23.3,81.67,0.177,7,61.34,1,0,1,54.155,0.414115,-3.7073214285714258
46c93239-7b61-4e6c-98d6-b3c070af2055,66.22,66.4,53.69,59.31,3.66,26.5,71.08,0.897,4,59.33,0,0,3,60.045,0.37705500000000003,-7.185000000000002
2c14287b-33c3-49ff-983e-6be4fcf42bf3,90.98,43.51,38.47,38.7,2.0,17.2,86.46,0.8630000000000001,4,50.31,0,2,0,40.989999999999995,0.3970099999999999,-24.141111111111115
7bbe96e6-b0c5-4167-a006-2e3f1c6f12b7,96.41,62.66,63.77,71.19,3.26,24.4,82.72,0.961,6,69.52,1,3,3,63.215,0.211145,4.079999999999998
736b9e27-0e72-46ca-ab4c-74fe9ac37fd7,65.99,69.51,71.44,61.16,2.99,21.6,76.06,0.477,3,65.0,1,0,2,70.475,0.341135,4.323124999999997
59fc0630-08f1-40a6-a8e8-67b0ba5e06e2,87.4,64.82,68.46,61.67,2.64,23.1,72.55,0.705,8,67.77,1,2,2,66.63999999999999,0.26547,-2.2560000000000002
9827e88b-7a7d-4c74-bcf3-862d747de3cd,96.61,71.58,68.61,73.03,2.81,26.0,90.77,0.516,8,73.17,1,3,2,70.095,0.18418500000000002,-0.7650000000000006
6cbbdfee-ed04-4c09-be59-3e5e03edf67b,86.28,50.61,57.05,58.27,2.51,24.5,92.82,0.85,3,61.17,1,2,2,53.83,0.31858,-2.298571428571428
c4c0a64e-964e-4e5f-b8c7-a8bc4a338395,74.87,58.09,59.35,54.77,2.57,20.3,75.97,0.5650000000000001,2,59.89,0,0,2,58.72,0.36005,-6.712857142857139
98dbe856-8030-4751-a4bc-30f1b7912177,95.2,63.95,66.36,77.98,2.91,24.1,64.58,0.364,3,78.3,1,3,2,65.155,0.189795,5.469999999999999
cfa5a572-314a-40d3-a66f-b745e50e6add,72.94,56.26,40.38,46.7,2.48,15.1,83.37,0.542,4,49.04,0,0,1,48.32,0.42318,-17.303333333333327
d0603e83-a89b-45d5-b740-11339b81c458,81.46,64.64,79.07,79.06,3.2,23.2,86.89,0.8619999999999999,6,70.82,1,1,3,71.85499999999999,0.22141500000000003,13.692499999999995
d645bfa5-96f6-44be-b896-588446699143,80.91,57.07,60.31,51.9,2.65,16.8,78.86,0.798,8,59.35,0,1,2,58.69,0.34459,-12.028333333333336
b0858aa0-88d0-4de3-9588-f0ad7fb1b8be,78.24,69.24,55.15,56.14,2.91,24.5,87.31,0.101,8,62.25,1,1,2,62.19499999999999,0.3320350000000001,-8.120000000000005
481e8f92-d33f-4212-b67e-61e35aa4dbaf,69.56,59.82,64.54,66.38,2.78,20.4,94.37,0.286,1,60.63,1,0,2,62.18000000000001,0.33608,-6.280000000000001
6c88ed66-e648-4146-9a06-7affe811f9c0,85.57,62.66,63.71,70.67,2.98,25.0,83.01,0.921,7,67.64,1,2,2,63.185,0.256155,12.331250000000004
b27a5370-0f55-4aa9-bea9-ce28959d1d9e,87.5,69.22,70.62,68.72,3.06,27.6,83.88,0.996,6,69.05,1,2,3,69.92,0.23408,11.772857142857141
e8991d3e-d15c-4071-9d9a-5d74e47f3c28,86.4,64.49,64.94,67.61,2.72,16.5,78.18,0.199,8,59.85,0,2,2,64.715,0.2574249999999999,1.456000000000003
573952e6-bf8e-4a13-af7c-f462162d59df,97.62,79.45,75.23,69.37,3.15,28.8,75.6,0.222,8,74.28,1,3,3,77.34,0.16938999999999996,7.102000000000011
399aec95-3b00-435b-8c23-8a6df36fe693,79.93,54.17,58.0,56.28,2.48,21.7,88.13,0.205,4,64.25,1,1,1,56.085,0.343185,-4.852499999999999
681f925f-96d7-4cf0-9cd6-6c25b5ca45f6,97.06,56.28,64.65,62.96,2.25,17.2,89.31,0.96,2,61.76,1,3,1,60.465,0.24148499999999998,3.094000000000001
b48fc97c-dc16-4f2f-9839-c12df9d5f83b,70.7,58.55,50.5,45.94,2.49,19.2,82.29,0.453,5,61.11,1,0,1,54.525,0.415805,-24.414
1d72c752-567d-4970-8eef-1f1632601c9b,87.23,79.92,68.68,81.26,3.87,27.1,79.35,0.7070000000000001,6,76.32,1,2,3,74.30000000000001,0.1843999999999999,8.409999999999997
022737ee-8572-45ff-8b66-37f7ddf9cfe8,76.74,76.02,76.31,70.36,3.34,20.7,80.16,0.421,4,71.97,1,1,3,76.16499999999999,0.25346500000000005,4.282499999999999
a35b8b66-2f9c-4690-aca2-ca1a6f2e59d4,92.02,64.77,63.53,65.98,2.78,22.1,88.29,0.927,5,63.92,1,3,2,64.15,0.24153,-1.913333333333327
20643465-84f5-417e-856e-cd992d8d2767,98.34,55.24,59.42,55.97,2.42,27.5,72.95,0.693,1,59.79,0,3,1,57.33,0.26674,-0.8510000000000062
971bdea1-e161-4bb1-96ba-eeb2ebc88b02,67.15,66.79,69.71,73.49,2.74,29.5,60.92,0.787,5,60.68,1,0,2,68.25,0.30618,3.1685714285714255
3e5195fa-987a-4306-b0c6-caabe416ff3b,70.08,69.64,74.05,59.2,2.6,16.9,93.21,0.841,8,64.5,1,0,2,71.845,0.326545,-4.539999999999999
da7aff50-4afa-4c6c-b64a-6518300384ca,80.8,75.6,83.65,72.38,3.59,31.9,87.94,0.994,2,74.66,1,1,3,79.625,0.220785,2.7311111111111046
aa208c29-71ef-4bb3-98ce-ff16d88079fe,99.34,75.2,82.36,69.26,3.38,29.0,81.87,0.673,4,77.02,1,3,3,78.78,0.15851999999999997,6.048333333333339
d83deaf8-6818-4667-8dbb-95a0a5bb140c,86.16,69.48,76.23,64.39,2.91,18.1,85.5,0.4679999999999999,6,70.45,1,2,2,72.855,0.24362499999999998,7.626666666666672
67b8a83c-74e7-470a-81ec-d6a6ea63f729,98.15,84.32,78.97,70.92,3.06,24.6,96.85,0.5469999999999999,8,84.65,1,3,3,81.645,0.14970499999999998,8.380000000000003
3c8a8fe3-af44-476a-9da7-186a57f0acc0,80.4,64.47,63.57,63.01,2.63,24.2,76.35,0.434,5,68.57,1,1,2,64.02,0.29731,-2.2385714285714258
0f5a00e8-7779-490e-9eda-ad5fed0aeb75,78.82,63.76,66.7,66.28,2.62,16.2,100.0,0.131,7,70.75,1,1,2,65.23,0.29019,4.075000000000003
d2ebf9ab-9215-44af-b8d2-f52b1328e2de,76.39,64.19,62.15,68.54,3.25,21.4,70.59,0.627,4,60.13,1,1,3,63.17,0.29930999999999996,-1.6659999999999968
ba0ab0d5-9415-4d4d-b416-671d4c8a190e,86.22,72.66,74.87,71.1,3.34,30.4,71.03,0.415,6,66.67,1,2,3,73.765,0.22052500000000003,4.293999999999997
77037a9e-42ac-4474-be30-ee29b713f12e,76.3,52.5,64.85,56.25,2.39,23.5,80.05,0.825,4,62.26,1,1,1,58.675,0.35002500000000003,-1.6771428571428615
059b6acd-6f06-4109-bcca-792a81a91f63,91.0,76.64,75.68,70.91,3.19,28.1,92.06,0.292,2,80.67,1,2,3,76.16,0.19479,4.329999999999998
dfc32ba6-d5e5-4ce5-85dc-3882dc2c33c0,74.94,65.03,67.25,59.02,3.24,22.4,79.65,0.172,8,60.67,1,0,3,66.14,0.32476,-7.163999999999994
2944b345-1de3-442a-a6c8-57b23751a820,70.61,53.08,53.72,65.6,2.89,20.8,81.44,0.773,8,60.08,1,0,2,53.4,0.36056000000000005,1.6757142857142782
51888e79-963d-46a3-aaf0-9f7fada37a88,73.8,62.57,54.21,55.59,2.66,23.7,79.95,0.571,1,61.9,1,0,2,58.39,0.36286,-7.93333333333333
1d0b607c-c0a6-4b6e-8845-cb9f47ac1426,67.45,53.65,49.15,48.23,2.69,12.9,94.77,0.4049999999999999,5,55.11,0,0,2,51.4,0.43131,-15.253333333333337
590d93aa-fff1-4d85-ae72-1acb06228b9f,73.07,63.1,62.29,49.0,2.34,20.8,100.0,0.759,5,59.78,0,0,1,62.695,0.372635,-15.271428571428572
82180785-8e7d-405a-b82b-3d5bf299b0c0,98.76,71.9,59.95,50.08,2.28,14.4,58.80000000000002,0.242,5,61.89,1,3,1,65.92500000000001,0.2569449999999999,-8.39
07914e8f-7d09-4a51-8e9b-0b61a77e5fbd,91.73,56.57,62.91,70.78,2.82,20.9,77.46,0.861,6,60.77,1,3,2,59.739999999999995,0.24152,4.214285714285708
76a76594-7717-4bca-a8ce-b995877d63eb,68.03,66.62,76.34,61.73,3.24,26.2,74.01,0.475,8,67.94,1,0,3,71.48,0.32825000000000004,3.098000000000006
303756b6-db2d-41d9-9fc7-f8611069c185,76.52,47.45,45.08,39.06,2.36,24.8,94.45,0.1379999999999999,7,57.92,0,1,1,46.265,0.437945,-14.906874999999992
4def8d04-ca4c-4a85-b0f0-8de150486051,92.42,53.83,54.71,57.88,2.69,15.5,78.43,0.561,6,59.16,0,3,2,54.269999999999996,0.29387,-3.5033333333333303
35eb8c5f-1311-44d2-aebe-608617fca81d,80.37,60.09,58.82,71.16,2.66,15.7,76.94,0.617,1,58.4,0,1,2,59.455,0.286675,8.280000000000001
079966cc-8054-499b-88ee-772688d98a9d,94.24,67.06,65.88,67.47,2.99,18.0,94.95,0.674,7,67.86,1,3,2,66.47,0.22122,9.829999999999991
dc5b3ade-0a42-4822-a18a-ce98ceb02966,69.69,57.1,54.1,56.98,2.41,15.8,96.73,0.388,8,58.98,0,0,1,55.6,0.3835,-6.972000000000001
2271f1e3-d860-4c67-a36c-79c2e182fbde,78.98,56.26,51.69,59.32,2.58,18.3,80.59,0.147,1,68.28,1,1,2,53.974999999999994,0.344195,-4.96857142857143
f8ebbf15-ed9b-4cd2-873c-94955b2205fa,67.63,63.84,61.48,61.68,3.06,23.8,91.35,0.674,8,59.4,0,0,3,62.66,0.35646,4.039999999999992
8e864b36-fcd0-4fcb-9a7d-4651a238cf8c,65.97,58.32,60.72,60.01,2.92,24.8,83.58,0.5519999999999999,3,64.39,1,0,2,59.519999999999996,0.37753,-11.797142857142852
211be5f8-8a91-480a-bcfc-e1fbbc25a706,85.8,56.57,47.25,50.28,2.61,21.1,72.14,0.679,8,56.83,0,2,2,51.91,0.35023,-3.005892857142861
e3900c92-5adc-45b2-8788-d2b6226ef830,77.83,58.73,56.5,56.17,3.02,17.8,66.31,0.4589999999999999,7,59.7,0,1,3,57.614999999999995,0.347325,-2.2250000000000014
924b7a76-a811-4f27-aaec-9af5fac8fde7,65.19,48.94,50.15,35.98,2.25,22.5,88.46,0.3379999999999999,7,56.18,0,0,1,49.545,0.482665,-20.346000000000004
4cb0a2a3-d054-4361-8782-a35025e57e2b,98.39,81.82,81.11,69.73,3.52,24.5,95.37,0.647,6,79.89,1,3,3,81.465,0.15285499999999996,7.211428571428577
31f48a42-bb26-4ac7-a933-f7b02284acd5,67.79,66.72,83.79,72.57,3.21,29.7,89.44,0.6839999999999999,8,79.1,1,0,3,75.255,0.285365,5.890000000000001
eeee73ab-1a87-4787-bf52-0975c77bb6f8,78.07,60.52,58.28,56.15,3.17,19.9,91.08,0.603,4,64.86,1,1,3,59.400000000000006,0.34107,-3.8440000000000083
1ff1282a-7c4c-4a41-bb67-78e057d77ab1,75.36,52.71,60.65,52.59,3.02,17.4,72.14,0.371,4,63.7,1,1,3,56.68,0.37075,-7.763333333333328
ee189d5d-28ca-423e-9ec5-2c60a2a0a655,97.01,62.99,60.13,69.01,3.23,18.5,88.19,0.202,4,71.38,1,3,3,61.56,0.22024999999999995,-1.7099999999999937
301edd73-f8fd-4b7c-a141-c081fc0209bc,75.7,44.32,36.63,41.82,2.35,15.0,72.41,0.85,4,43.84875,0,1,1,40.475,0.45031499999999997,-18.74857142857143
20e3d691-a3a7-4ed9-a0b0-bc13501abec2,85.2,74.11,76.21,57.91,2.63,22.5,78.95,0.5660000000000001,4,75.23,1,2,2,75.16,0.25999,-2.826666666666675
8200a588-45b5-4d7f-93af-db5567e0c37e,98.36,79.63,76.1,79.01,3.73,31.6,65.81,0.873,6,74.07,1,3,3,77.865,0.135935,7.780000000000001
e8105427-03c5-41e8-9376-4c5c33db427f,85.34,79.1,79.11,77.14,3.26,22.1,78.46,0.8720000000000001,1,75.85,1,2,3,79.10499999999999,0.18990500000000002,10.22399999999999
2e0d6189-b066-41ba-96be-6d4fd9482246,91.31,58.24,77.91,66.36,3.4,26.8,85.93,0.284,7,74.47,1,3,3,68.075,0.231455,0.8299999999999983
953925f0-a055-4490-86e6-5cc08ee375a6,91.17,80.39,69.62,77.5,3.33,28.0,79.06,0.131,5,76.52,1,3,3,75.005,0.177805,15.295000000000002
1d7c740f-4964-42d2-9f99-3826bd73f7d4,82.08,75.41,63.66,69.52,3.36,26.6,64.87,0.392,2,67.92,1,1,3,69.535,0.25451500000000005,13.265
faebd102-e4f8-49b5-aaa2-f61d7bd102c0,97.57,55.73,62.85,44.79,2.47,22.5,75.06,0.1379999999999999,3,64.59,1,3,1,59.29,0.29748,-9.176874999999995
77481471-d4a9-448b-b1fe-393349bc22fe,81.65,66.34,65.47,71.63,3.24,21.5,82.38,0.966,2,71.8,1,1,3,65.905,0.26079499999999994,6.60799999999999
4d60d6c0-a214-4dc5-ac9f-0bab3f3e2d53,97.87,75.25,65.35,79.81,3.62,21.1,90.67,0.528,8,76.61,1,3,3,70.3,0.15819,11.206666666666663
0f772513-02c2-4bc8-a038-9621ae6d6f79,81.84,60.88,60.23,51.47,2.0,18.0,71.3,0.4679999999999999,2,57.57,0,1,0,60.555,0.33656499999999995,-5.2933333333333294
718f0515-4334-4f5c-ad87-dad345289f66,87.2,72.91,75.66,76.37,2.79,20.0,71.15,0.601,6,69.63,1,2,2,74.285,0.19923499999999997,8.782499999999999
d4035a9a-70bf-4328-9045-be989fe1e9ce,87.33,66.38,57.91,60.37,2.41,18.0,72.02,0.8699999999999999,4,63.35,1,2,1,62.144999999999996,0.283135,-9.250000000000007
fc9e175c-7302-4626-8d0e-d5b4ea14e24d,86.05,88.51,82.99,74.88,3.38,27.9,81.83,0.304,1,80.24,1,2,3,85.75,0.17391,8.356249999999989
808be194-a8bb-4d51-820a-e720165c4895,98.39,73.19,71.72,67.53,3.16,24.5,81.72,0.951,7,63.88,1,3,3,72.455,0.18648499999999998,1.8699999999999903
6fce48af-e279-4d72-967b-91f8aa18ec94,70.67,68.21,67.15,58.13,2.89,24.0,90.03,0.386,3,71.14,1,0,2,67.68,0.33988999999999997,-6.68666666666666
4a723f1d-048e-4655-b048-ca596a7fc21d,96.88,64.51,59.35,68.86,3.3,21.4,78.19,0.763,2,67.75,1,3,3,61.93000000000001,0.22011000000000003,3.3685714285714283
c59dc863-2cd2-408a-807b-c0c6317a79a3,72.82,62.01,54.7,54.77,2.69,20.5,70.88,0.313,7,59.38,0,0,2,58.355000000000004,0.369345,-8.888749999999995
b7ae2293-dfdb-481d-a175-714f0fa4dc26,82.12,51.17,50.68,50.49,2.0,16.6,85.63,0.794,3,52.98,0,1,0,50.925,0.3672749999999999,-12.781428571428563
12b25c9c-a5ff-480a-ac73-58315e13aa42,99.63,74.45,74.16,76.04,3.93,23.4,84.35,0.808,8,73.25,1,3,3,74.305,0.15044499999999997,8.861666666666679
210d69e7-38d9-4a04-b767-73c69f828fe6,74.8,55.89,60.48,47.48,2.43,24.3,92.31,0.403,4,56.36,0,0,1,58.185,0.38380499999999995,-15.153999999999996
dbff4a37-42b2-433b-b223-c159c6db90cf,99.88,75.47,79.62,76.95,3.45,30.2,83.41,0.648,8,82.0,1,3,3,77.545,0.136995,6.584000000000003
b85ba276-3515-4e16-9b8b-ed730bf6998a,79.14,57.33,73.63,78.18,3.16,27.9,80.72,0.8880000000000001,6,66.9,1,1,3,65.47999999999999,0.25246,16.598
8f236555-f105-4f8e-b885-222ef481591b,65.92,59.8,67.39,60.35,2.93,18.5,79.69,0.893,7,64.57,1,0,2,63.595,0.36448499999999995,-3.417499999999997
3769d608-fa02-4150-beb2-1b46c539aacb,77.3,50.26,51.68,64.35,2.33,24.5,81.01,0.433,3,57.0,0,1,1,50.97,0.34484000000000004,4.22999999999999
9f13e211-3eb3-4722-ba4d-21bfe5b241f9,86.57,60.3,58.06,52.81,2.62,26.9,77.31,0.914,7,62.06,1,2,2,59.18,0.31775,-15.343333333333334
9c86aec5-99f7-448f-ba04-f6817426ca83,89.35,70.48,58.24,70.69,2.98,27.9,70.21,0.38,6,73.57,1,2,2,64.36,0.23745000000000005,4.484545454545454
4079ed18-2ef3-4a01-a88f-e1a0c0f32264,95.95,45.85,53.54,59.18,2.08,24.9,72.28,0.466,3,56.02,0,3,1,49.695,0.28957499999999997,-3.2342857142857113
3d8c3d76-5a61-4f72-9d0c-d8d9d26e6db5,77.17,63.41,59.95,63.21,2.98,22.2,86.67,0.8470000000000001,6,62.78,1,1,2,61.68,0.31665,0.011666666666670267
139d18b8-86f1-460f-8d4b-926d119d04df,67.43,65.99,66.04,67.22,2.56,21.9,87.63,0.172,4,68.24,1,0,2,66.015,0.33057499999999995,1.0360000000000014
defa153a-55dd-4413-893a-455b949e902c,67.64,64.7,75.28,69.18,3.49,22.8,66.28,0.581,4,66.38,1,0,3,69.99000000000001,0.31192999999999993,-0.07111111111110802
0ce88a5e-0650-4087-9483-7cd8d86ecafd,88.27,64.81,66.06,76.6,3.21,17.7,68.78,0.788,6,69.75,1,2,3,65.435,0.220815,10.87333333333332
e60ae2c0-33f1-41c2-b756-711f60af6970,81.12,60.76,54.65,66.18,2.23,17.1,84.32,0.466,6,62.13,1,1,1,57.705,0.30386499999999994,3.765714285714296
2fd4c44a-2f47-4a24-847d-254284a2dcd4,85.88,65.58,61.19,67.23,2.81,24.1,75.8,0.851,7,66.78,1,2,2,63.385,0.264635,5.067142857142862
d33e4d52-3821-4be6-a833-da10793c1be7,97.35,92.8925,89.78,86.19,3.66,32.3,87.54,0.489,2,87.97875000000002,1,3,3,91.33625,0.07802125,17.2325
bb14da6d-c3a0-4af0-a58d-61bb605d789b,77.4,65.01,54.22,56.78,3.03,17.5,62.27,0.743,8,55.11,0,1,3,59.615,0.341215,-6.333333333333336
ac9eb368-7b5e-4b99-8e60-892b25906859,78.3,58.63,52.42,51.11,3.33,16.4,73.12,0.27,4,58.12,0,1,3,55.525000000000006,0.366895,-5.1825000000000045
af07d4e0-5a44-48ab-b34c-24aed5b73489,93.88,62.95,58.03,48.44,2.15,20.7,87.03,0.749,5,58.59,0,3,1,60.49,0.29769,0.125
0a776f52-a1c7-4863-b53e-e33c0cab265b,82.93,49.25,63.01,61.19,2.61,16.1,84.98,0.2009999999999999,8,60.93,1,1,2,56.129999999999995,0.31632,-6.433333333333337
0a7b38df-e17f-40f1-a8ef-94462f4559c1,67.88,76.54,65.62,71.76,2.76,18.9,82.1,0.626,6,70.98,1,0,2,71.08000000000001,0.29996,1.8233333333333377
c00c3ac6-b020-4a43-8c52-418f1ea80ec4,79.97,80.64,84.12,81.16,3.47,21.3,62.06,0.648,6,72.64,1,1,3,82.38,0.18950000000000003,10.793999999999997
123285b0-449b-4e68-88e3-e4c60a1f1dbb,98.55,66.3,63.69,64.0,3.18,19.5,69.25,0.296,4,70.36,1,3,3,64.995,0.21881499999999998,8.49333333333334
78ab024d-a2af-4d07-99ac-6486c90e3ed4,76.28,70.21,66.75,70.81,3.5,18.7,79.21,0.99,1,64.27,1,1,3,68.47999999999999,0.27701,11.824444444444445
845b708b-edee-4dee-b6de-9451fe782e37,72.9,58.65,56.69,63.8,3.21,15.6,87.55,0.243,4,59.96,0,0,3,57.67,0.34399,0.044285714285713595
9ab9fd5f-3805-4760-8c02-7b4eede4e90e,68.76,68.1,72.53,76.83,3.52,18.9,83.76,0.554,5,70.01,1,0,3,70.315,0.28352499999999997,8.126999999999995
efcd73c2-2d0b-47e9-b975-4ad875128bb1,94.35,61.4,70.83,75.52,3.35,16.8,89.46,0.541,7,70.25,1,3,3,66.115,0.19769500000000004,5.938333333333333
19558cc3-2a3b-4a8a-b6be-c08b7d33f588,79.08,60.47,69.03,56.96,2.67,22.8,72.84,0.2299999999999999,5,63.62,1,1,2,64.75,0.31854999999999994,-3.1116666666666646
abf1b79c-3045-40a7-a362-32d452ad8218,67.4,37.35,55.61,56.04,2.83,19.1,85.91,0.737,7,50.79,0,0,2,46.480000000000004,0.42284,-2.5174999999999983
32ba109a-383d-4083-a4da-1ff03461bb18,78.14,44.69,41.02,34.57,2.4,21.4,85.34,0.544,2,49.62,0,1,1,42.855000000000004,0.455165,-20.387142857142855
d9498969-8d09-402c-9ecb-f270d8c23ad2,81.36,58.64,53.12,57.59,3.24,18.1,78.87,0.351,3,62.69,1,1,3,55.879999999999995,0.33415,-12.3275
f845d63a-fe25-4c06-ad8d-2299dfa23fb2,78.64,65.4,62.49,47.23,2.34,23.4,77.09,0.195,3,61.55,1,1,1,63.94500000000001,0.351915,-16.490000000000002
af7922d9-8f51-4f08-8615-2bc18f145e6d,93.03,71.28,73.58,72.93,3.31,19.6,74.71,0.557,2,72.54,1,3,3,72.43,0.19179999999999992,5.881750000000011
11879bf2-c5fa-474c-bcc7-0a73e15d0673,88.53,74.72,60.18,68.78,2.78,19.6,75.96,0.302,5,68.48,1,2,2,67.45,0.23718999999999998,5.357999999999997
53e3b22b-4b8e-4050-8b1b-c37ac72c85a7,96.57,69.82,64.95,70.15,3.51,25.4,92.83,0.453,3,67.87,1,3,3,67.38499999999999,0.20111500000000007,-0.20399999999999352
7d57ce40-5c01-43e4-a63d-3f68408717d9,80.94,64.5,54.46,48.98,2.76,14.8,80.86,0.557,2,61.65,1,1,2,59.480000000000004,0.35086,-18.06825
9ee20176-1d3b-4633-8fa1-7cac03b8fe50,67.61,54.0,56.69,44.61,2.39,13.9,75.54,0.6940000000000001,7,51.02,0,0,1,55.345,0.42969499999999994,-15.994
8b255308-0b68-464f-87d1-114802f48c07,94.63,69.69,83.98,75.02,4.0,29.8,81.14,0.294,4,80.44,1,3,3,76.83500000000001,0.165915,9.504285714285714
a6c7d2e2-f3af-4254-8fa9-7011525ce73e,82.58,67.23,72.55,64.52,2.92,25.0,71.11,0.5309999999999999,6,67.34,1,1,2,69.89,0.26645,0.0
0fd1255d-6f89-4df8-a2f2-4d214db8f872,72.53,53.78,60.78,60.4,3.17,23.7,77.47,0.224,2,64.03,1,0,3,57.28,0.35684,0.0899999999999963
429c74cb-8e2c-4566-b139-ccbffe59312c,85.13,47.02,41.07,50.05,2.0,15.4,78.0,0.754,3,55.35,0,2,0,44.045,0.37719500000000006,-14.17857142857143
e62d5b99-832d-4313-84c1-00ec81211bd2,65.64,64.59,74.36,77.57,3.65,28.8,71.09,0.376,5,66.27,1,0,3,69.475,0.29630500000000004,14.310000000000002
fd0c66e4-d30c-4bc3-84d6-6799600567a2,92.29,78.89,77.55,75.76,3.43,19.9,84.34,0.102,1,78.02,1,3,3,78.22,0.16889999999999997,6.296250000000001
44e0805b-a7a8-4a46-8a53-323c23232713,98.98,66.4,74.63,67.48,2.89,22.9,75.96,0.8140000000000001,7,65.27,1,3,2,70.515,0.19009499999999996,0.39571428571429124
303b96a4-715e-4f92-bc84-dea38962a03e,66.22,58.82,62.46,59.85,2.96,17.5,89.95,0.13,1,66.4,1,0,2,60.64,0.37365000000000004,-6.773000000000003
a72269b3-d122-4a94-9ec3-ca4c5fd14c44,65.7,55.06,77.14,66.82,3.06,21.7,84.92,0.937,6,57.85,0,0,3,66.1,0.33844,2.4812499999999886
2a7b9db5-9fbe-42f6-bed7-96824acd4aa4,80.02,56.2,56.84,59.48,2.83,18.6,78.48,0.175,8,61.83,1,1,2,56.52,0.33192,-3.5874999999999986
2511982f-9768-4011-9190-307ab34d597b,98.5,82.61,63.09,69.72,3.67,27.7,68.79,0.7110000000000001,8,73.34,1,3,3,72.85,0.17829,1.9437499999999943
3a0888a0-9fb5-4022-9e71-9ccf58bf5a27,78.93,77.36,68.45,77.87,3.42,19.0,83.34,0.423,8,70.8,1,1,3,72.905,0.23195499999999997,10.63000000000001
db8d6630-5723-45f4-a26f-ab0e8bdd9032,93.39,70.77,74.4,69.68,3.27,26.2,88.12,0.553,7,74.21,1,3,3,72.58500000000001,0.19964499999999993,9.220000000000006
4974eae8-4138-4c96-8556-7b1af3df5da8,90.76,74.11,79.56,68.26,3.2,23.4,87.23,0.6990000000000001,2,67.51,1,2,3,76.83500000000001,0.20167499999999994,8.617500000000007
9a08b126-c726-4e94-9d98-3adf5fe2708b,89.25,56.77,51.56,60.39,2.85,15.8,69.41,0.152,2,62.97,1,2,2,54.165000000000006,0.29933499999999996,-2.5388888888888914
37222a5c-21ed-44c4-a0a3-5bb6bc40c176,85.11,74.26,79.25,67.61,3.74,21.7,81.71,0.294,4,69.36,1,2,3,76.755,0.22646500000000003,2.094285714285718
09b76216-69e0-4742-8fdb-40e6b216d713,67.95,72.35,65.89,70.25,3.49,28.2,89.32,0.137,4,68.95,1,0,3,69.12,0.3100899999999999,11.271666666666668
1b85fdd2-345c-4ecb-8730-c6034af8a1ae,79.39,40.84,43.48,46.7,2.45,14.8,78.54,0.235,6,56.25,0,1,1,42.16,0.41586,-14.473333333333322
8f011eca-0efe-49cc-afe9-baa22d257414,69.29,45.27,48.58,52.71,2.44,13.2,98.49,0.501,7,56.95,0,0,1,46.925,0.42393499999999995,-8.3825
627ffc0d-8589-4aa8-a443-ed968491b530,75.9,71.95,70.61,78.18,3.1,25.8,71.74,0.172,8,74.58,1,1,3,71.28,0.24802,11.99600000000001
b625c593-c5bd-4ad5-b2dd-ca3c3b5567f2,88.15,52.44,49.78,49.89,2.0,20.3,84.36,0.705,7,60.53,1,2,0,51.11,0.3444,-14.036000000000001
430f5696-989e-4941-9063-4975cf9997d7,80.5,65.24,54.26,62.1,2.89,27.3,85.36,0.8720000000000001,8,65.87,1,1,2,59.75,0.31244999999999995,-4.81600000000001
7f30b549-8eaf-4da6-af3d-2e3ee5b7e5c7,82.21,82.81,81.95,77.84,3.64,22.5,74.49,0.537,5,80.85,1,1,3,82.38,0.19050000000000003,11.303333333333327
56d3e8b0-3d9d-4e65-88bd-87fe961a3350,69.35,58.81,53.63,52.5,2.31,20.4,79.1,0.708,8,51.94,0,0,1,56.22,0.39644000000000007,-12.175000000000011
52caff58-9165-49c0-9e09-74a723db3336,93.55,46.37,54.36,46.05,2.0,16.2,76.11,0.4,5,56.55,0,3,0,50.364999999999995,0.33655500000000005,-17.323750000000004
1f47cae7-98e0-4d48-91b3-78ff51643fd7,97.67,71.92,68.3,65.57,3.03,26.6,86.18,0.541,2,77.39,1,3,3,70.11,0.20228000000000002,-4.01166666666667
613f5e33-8f63-4617-bd3b-0274c7cd8cf5,82.61,60.37,57.31,57.38,2.89,23.9,86.14,0.105,1,65.01,1,1,2,58.84,0.32089999999999996,-9.033333333333339
e3646177-44c5-4b63-ae62-53af6d18474e,97.77,75.0,65.27,68.83,3.4,29.6,75.47,0.205,5,81.29,1,3,3,70.13499999999999,0.19202500000000003,7.697499999999998
5c460586-7b91-4a8b-ade8-6ec797852ccc,65.03,67.48,59.82,65.92,2.21,21.4,99.35,0.798,2,64.29,1,0,1,63.650000000000006,0.35117,1.9916666666666671
ac26526d-6a4f-4828-b4df-f7cb3ab5f8d7,90.47,75.09,68.74,70.68,3.85,21.2,82.85,0.91,7,72.09,1,2,3,71.91499999999999,0.210335,-9.040000000000006
eb9bd07e-ccdd-440e-b419-5d00e2633f23,97.77,77.52,66.79,66.74,2.96,29.9,79.31,0.63,1,77.38,1,3,2,72.155,0.19223500000000002,-0.9422222222222274
d5ac5a34-a5f8-4f3c-92e8-e6c904e2a6f5,91.84,56.76,56.92,52.85,2.62,15.2,69.31,0.413,4,62.34,1,3,2,56.84,0.30356999999999995,-14.134285714285717
66279d2f-9e62-4bb6-ac75-e2df96d9d6ad,94.65,68.72,70.16,65.45,2.58,27.7,75.92,0.6559999999999999,5,66.5,1,3,2,69.44,0.21672999999999998,1.6083333333333343
1e24c353-991d-4992-822f-7bde342dbe36,81.89,63.59,50.2,66.64,3.2,21.0,66.06,0.122,1,64.83,1,1,3,56.895,0.30183499999999996,5.2010000000000005
a641bef8-8fae-43ed-b9ae-00e37ea34d60,68.3,56.67,57.62,53.4,2.51,24.8,81.48,0.544,6,54.83,0,0,2,57.144999999999996,0.3951650000000001,-1.557142857142857
453c846a-7b15-4cc8-a5f9-60be4243cc14,68.76,54.99,59.24,74.02,2.75,26.0,76.32,0.377,5,65.2,1,0,2,57.115,0.33155500000000004,4.420000000000002
6b7c991d-b5bf-417c-b9f9-2131fbdc7c34,81.43,66.74,69.15,65.91,2.91,26.7,91.98,0.4519999999999999,2,70.02,1,1,2,67.945,0.272715,0.17749999999999488
c3e73c0c-8826-4ade-a44d-eff0eb053fae,82.31,68.37,48.16,47.13,2.0,18.5,78.95,0.829,2,53.64,0,1,0,58.265,0.354575,-17.698571428571434
65e55515-bb6b-4a34-b8dc-2555d04113c8,81.6,70.55,70.36,65.36,3.26,23.8,62.71,0.567,3,66.71,1,1,3,70.455,0.26615500000000003,2.677500000000002
f775239d-8422-414d-bfc8-ecb3c083d891,79.85,51.21,55.33,47.26,2.88,18.0,62.83,0.585,1,50.02,0,1,2,53.269999999999996,0.37900999999999996,-12.43666666666666
6959a596-e90e-4231-9c07-1775dd230d8f,78.16,74.74,62.18,61.91,2.48,16.0,87.57,0.9,8,69.03,1,1,1,68.46,0.29625000000000007,-0.09500000000000597
2a59fc80-3d39-46cc-97aa-41e7b73c48d4,99.5,59.15,67.9,67.66,3.31,18.1,78.13,0.966,8,69.53,1,3,3,63.525000000000006,0.20844499999999996,2.637999999999991
c1e57e7a-41c8-44c1-89c2-0264badc22dd,92.6,68.72,63.92,65.35,3.3,26.7,81.2,0.6599999999999999,5,70.88,1,3,3,66.32,0.23459000000000002,-0.4657142857142844
87e8af7b-929e-44f1-aec0-c09a0f6477fd,75.21,51.43,51.79,52.66,3.27,22.7,68.73,0.442,5,61.66,1,1,3,51.61,0.38635,-8.408571428571435
bd405e99-3092-4938-aa16-1ede2a7aa169,76.57,68.92,64.81,70.87,2.71,26.6,89.11,0.347,4,70.6,1,1,2,66.86500000000001,0.28051499999999996,15.266875000000006
05c7abab-8c33-45fc-9f74-6db3e2688a92,76.77,48.39,56.05,48.85,2.04,13.0,84.17,0.8140000000000001,2,52.63,0,1,1,52.22,0.38971000000000006,-18.23428571428571
5afc3ace-221a-453a-a2b7-6d03a59733b8,97.73,66.57,72.03,66.1,3.04,24.9,75.44,0.702,1,69.78,1,3,3,69.3,0.20288,1.0049999999999955
7105a5e7-2c71-4823-8aaf-6cf340bc3a7a,93.46,68.68,63.82,60.42,3.29,15.3,75.41,0.643,6,65.15,1,3,3,66.25,0.24615,-3.9975000000000023
b57c08bb-42c6-407d-ab65-d5939dd2614e,80.06,42.35,43.32,46.18,2.0,18.6,82.71,0.106,5,47.85,0,1,0,42.835,0.41271500000000005,-12.141111111111108
6ed8d6f7-2087-4fb4-a39b-51bfa2c130e9,93.73,76.56,82.43,72.0,3.17,28.0,75.04,0.4309999999999999,2,79.62,1,3,3,79.495,0.170595,2.647999999999996
e0dd7ea4-63e9-4679-a896-40355abd60e3,74.05,69.11,69.26,66.81,3.18,24.0,78.29,0.53,4,71.61,1,0,3,69.185,0.295815,2.0450000000000017
2b3e189d-b960-48ac-a4dc-6969a97de9a4,73.88,67.46,58.36,56.56,3.08,22.3,86.54,0.418,6,58.79,0,0,3,62.91,0.34607,-7.6839999999999975
9ca3e53e-9b49-4723-b0ca-fcbd4420543b,89.29,67.38,67.17,60.3,3.42,18.8,76.91,0.609,6,69.56,1,2,3,67.275,0.26011499999999993,0.46333333333333115
3dfcf89a-7ed8-4f17-97be-2aac17da6604,99.13,64.18,67.15,64.25,2.8,22.5,74.83,0.7889999999999999,1,64.81,1,3,2,65.665,0.213735,-2.0677777777777777
1ab3e7f1-58c9-4364-8d9d-5036eef6e4dc,80.24,56.02,61.05,58.12,2.96,18.8,76.51,0.641,4,56.21,0,1,2,58.535,0.329075,-3.780000000000001
6e59c41c-f101-40f0-b3df-2c76de02d669,69.59,73.74,71.1,67.58,3.32,22.2,77.81,0.379,4,69.28,1,0,3,72.41999999999999,0.30164,4.960000000000001
0a2aa3d4-17d0-499a-a484-e61b28fbf618,96.26,72.9,70.38,79.12,3.66,22.8,80.64,0.5429999999999999,1,75.19,1,3,3,71.64,0.16267999999999996,8.580000000000013
4f77dc8e-bd43-4909-a991-1a4f16fbd428,78.98,61.8,75.83,69.16,3.49,17.4,81.9,0.607,5,66.58,1,1,3,68.815,0.27015500000000003,10.018181818181823
0f3eff04-a9d8-4a4e-bc76-c65a72f8481a,73.31,65.47,68.91,71.56,3.03,24.0,73.7,0.269,6,73.46,1,0,3,67.19,0.29050999999999993,16.062678571428577
6331d968-0492-4be1-bf0b-14c9c60b0f32,72.18,57.23,55.44,65.82,3.03,20.6,85.1,0.999,6,58.86,0,0,3,56.334999999999994,0.344815,2.3277777777777757
adbe7f7f-126f-42df-9caf-f754b468f6cb,81.52,66.18,62.11,50.7,2.23,24.4,75.37,0.784,8,58.47,0,1,1,64.14500000000001,0.329385,-8.899999999999999
6b6bb0b4-40c8-49a7-81c6-191e4584a07e,74.28,63.06,52.34,63.09,2.66,19.2,71.88,0.2299999999999999,6,58.62,0,0,2,57.7,0.34051000000000003,3.018333333333338
fb4361ac-00d4-4967-8dbd-cd84d05d4c52,65.71,85.79,71.47,69.59,2.92,22.4,64.88,0.819,2,73.91,1,0,2,78.63,0.2925,5.146363636363645
e2f4def7-9f85-4dc0-8836-93413f866f41,94.42,52.09,59.41,60.68,2.49,17.7,84.71,0.761,1,61.79,1,3,1,55.75,0.27303,-9.252857142857145
79e52b73-db51-4fc3-add6-33987bba4ecf,89.31,63.1,50.91,64.07,2.48,22.2,76.89,0.25,8,64.02,1,2,1,57.004999999999995,0.279535,-7.213333333333338
2a85baa6-d87e-4f96-afa2-f3ec9d820753,86.05,77.03,83.59,80.74,3.42,20.8,86.19,0.8939999999999999,5,78.71,1,2,3,80.31,0.17265000000000005,16.748888888888885
47b0d7c5-2c9e-400e-815d-930bd6862493,89.96,58.7,50.14,62.88,3.29,21.0,73.74,0.658,4,60.26,1,2,3,54.42,0.28826,-1.9255555555555546
e6babc7d-ba77-4f75-8386-a2b89a9bc1dd,97.94,72.68,71.9,81.01,3.02,28.5,80.71,0.868,2,74.31,1,3,3,72.29,0.14833999999999997,8.337500000000006
32bd36d9-3bce-4f57-b649-55ddfe6be736,66.89,59.27,46.09,47.43,2.08,13.9,100.0,0.651,4,52.53,0,0,1,52.68000000000001,0.43211,-7.99666666666667
41c7863c-30a6-403a-98b8-01607e2d94cd,76.22,61.59,62.77,45.99,2.56,18.8,65.88,0.215,3,65.76,1,1,2,62.18000000000001,0.37060999999999994,-13.982857142857142
c287a877-28b5-477f-8bb8-766f96ba5749,91.25,57.59,54.33,60.67,2.78,19.3,83.69,0.936,8,58.7,0,3,2,55.96,0.28511,-8.693333333333328
05c33590-c334-4327-b084-394ca72e6ca0,81.09,50.64,49.52,49.99,2.0,21.5,76.45,0.265,4,59.13,0,1,0,50.08,0.37543,-13.590000000000003
b1ac2d04-d8ed-4bcb-a69a-01ab06f86b17,99.68,83.3,80.01,91.96,3.89,32.1,82.53,0.663,3,84.5,1,3,3,81.655,0.08043499999999998,22.189999999999998
5979e133-e7b5-46af-a408-0a90bc1abfdf,65.63,77.51,80.91,81.9,3.95,28.7,70.02,0.931,3,69.43,1,0,3,79.21000000000001,0.25415,19.73333333333334
74883196-6076-4886-bd64-d79b87769e2c,87.71,71.81,69.16,74.89,2.93,21.4,83.3,0.4509999999999999,4,68.35,1,2,2,70.485,0.213035,12.241999999999997
2bce806f-91b2-4f80-aa44-00e5b03f0ce4,96.89,62.77,65.6,58.87,2.77,20.0,88.68,0.15,4,65.55,1,3,2,64.185,0.24327500000000002,-2.6700000000000017
8f93deaa-b04e-42df-bf96-5492fe241651,83.36,81.53,76.92,72.47,3.75,25.7,79.06,0.78,1,72.09,1,2,3,79.225,0.211475,9.25333333333333
f8f3c001-2ccf-4bfc-9d50-9ccace32bb7d,79.68,60.54,68.36,57.77,3.24,26.1,60.38,0.985,3,55.89,0,1,3,64.45,0.31461999999999996,-3.7442857142857164
a1f2816a-9f97-4f27-9d51-c6d84ffae4a6,97.78,71.69,59.59,75.87,3.06,23.8,85.66,0.502,2,74.36,1,3,3,65.64,0.18434999999999999,11.01555555555555
97f8f50b-0141-4b22-831a-fffd5c643053,90.56,82.62,73.61,83.95,3.01,21.3,78.86,0.516,1,75.22,1,2,3,78.11500000000001,0.15156499999999995,10.155000000000001
1fd02aaf-6d63-4541-98dc-622f83ddb4b6,72.53,55.88,59.59,63.64,2.54,20.9,73.05,0.959,7,58.17,0,0,2,57.735,0.345755,-1.4671428571428606
696a20ca-7c9c-4998-b773-c61f49a08403,72.91,53.47,59.63,53.15,2.46,24.5,78.6,0.432,3,59.12,0,0,1,56.55,0.37926000000000004,-4.474000000000004
5f36a2c9-53fa-4f78-89e3-1c14c1ab6932,86.93,86.31,84.85,78.3,3.89,30.8,78.96,0.975,6,80.36,1,2,3,85.58,0.16064,11.703333333333333
cb467661-d85e-45c8-9a7c-879ec7ecd139,85.25,66.4,62.75,59.17,2.81,28.6,85.53,0.249,3,67.1,1,2,2,64.575,0.287765,-8.703999999999994
77d59916-6d3c-4c02-9830-7c410a7d2349,80.95,63.24,73.55,66.21,3.32,21.8,91.21,0.289,8,68.43,1,1,3,68.395,0.27238500000000004,-0.7466666666666697
6368f9cc-cd45-43e3-8d46-2b0c7d59128d,82.22,76.18,60.6,69.31,2.93,17.2,76.97,0.564,8,68.28,1,1,2,68.39,0.25801999999999997,1.0266666666666708
ceab28d9-1ccf-4636-8ce6-f6871559a203,79.93,85.2,69.99,77.47,3.1,28.5,84.01,0.4049999999999999,1,74.15,1,1,3,77.595,0.21508499999999997,13.986666666666665
25f926a9-306d-43e0-9ad2-9644facdbc0d,87.6,65.56,56.78,61.65,2.22,24.4,78.33,0.544,2,61.39,1,2,1,61.17,0.28114000000000006,6.692857142857143
f23ce564-a012-417e-9c18-225b015033f3,82.58,69.43,64.57,67.93,2.77,26.8,90.31,0.4049999999999999,5,73.64,1,1,2,67.0,0.26488999999999996,4.4466666666666725
3a5a4499-fe83-4b0e-a646-4fcc72898f96,71.87,68.34,78.62,68.29,3.99,25.7,81.0,0.692,7,71.26,1,0,3,73.48,0.28720999999999997,2.288000000000011
ec4bee86-333f-4b5f-b398-ca528843a248,75.19,72.34,84.17,82.63,3.34,29.9,82.56,0.735,3,73.38,1,1,3,78.255,0.21658500000000003,15.864285714285714
1157ad3c-ef74-40d2-bfcb-96d97f50f0e8,90.28,74.27,75.34,67.33,2.81,18.4,84.16,0.5559999999999999,1,74.62,1,2,2,74.805,0.21247499999999994,-6.1499999999999915
942fd86e-a20c-4dd7-9f7a-4b31d16c7960,97.37,73.73,64.87,64.65,2.59,22.8,74.06,0.97,7,62.08,1,3,2,69.30000000000001,0.2086699999999999,1.44166666666667
e1f3447a-f3f0-49a0-9c9f-f70e76532376,92.02,77.56,75.51,78.39,3.93,26.3,89.4,0.981,7,79.66,1,3,3,76.535,0.16714500000000004,5.107500000000002
a95814ca-8879-4fe8-926a-b4b00fbef9ff,82.53,70.7,74.69,83.47,4.0,21.2,83.85,0.833,8,70.05,1,1,3,72.695,0.201385,12.347499999999997
19c663f9-ec38-4c6b-a126-299871a7675f,69.06,38.21,50.29,37.47,2.12,13.1,87.89,0.525,2,48.9,0,0,1,44.25,0.47859999999999997,-19.525
05667694-5d00-4420-ad9b-4033fb66af7b,86.78,54.09,48.53,52.47,2.83,13.4,62.87,0.939,3,58.14,0,2,2,51.31,0.34153999999999995,-9.053333333333342
327cea3f-f254-4aa4-ae7d-a83eb856fe85,79.18,48.46,38.59,48.95,2.49,14.2,72.69,0.258,2,54.24,0,1,1,43.525000000000006,0.40585499999999997,-11.062857142857148
b2fc985c-e3f8-41b8-aeeb-54cc8b9543c9,94.21,70.19,75.78,75.77,3.53,26.7,64.23,0.8109999999999999,4,66.82,1,3,3,72.985,0.17689500000000002,5.335555555555558
aa5362d2-ad88-41b3-a692-2f905c9a41cc,70.61,65.58,63.61,60.61,2.82,21.5,75.1,0.329,3,66.24,1,0,2,64.595,0.341945,-1.8633333333333297
1eb425f8-93a9-41ad-b741-0f8ac2dcb0cb,67.69,57.65,55.12,67.01,3.15,20.2,92.68,0.123,5,60.95,1,0,3,56.385,0.359055,0.5949999999999989
e70879eb-6f6b-43a3-a57d-90c16741fd91,97.31,62.31,67.82,68.01,2.37,21.0,88.52,0.533,5,70.7,1,3,1,65.065,0.21153499999999997,-1.6271428571428572
84af3ce7-93d2-452f-a900-0db6ec9f8f1a,86.78,59.52,47.44,44.84,2.3,25.0,81.31,0.3,3,55.25,0,2,1,53.480000000000004,0.35792,-7.649999999999999
425a9e62-5e67-41eb-9903-cb833d74a70a,84.14,56.33,51.42,59.62,2.91,19.2,83.61,0.934,6,59.7,0,2,2,53.875,0.32295500000000005,-9.792500000000011
6979e5b0-beb0-4453-a8aa-de1b0e48c53c,70.81,59.72,59.96,68.82,3.22,19.8,78.9,0.702,8,61.16,1,0,3,59.84,0.33077999999999996,3.7249999999999943
4b8eb2d3-d7e4-4c77-bcaa-0cd4d0bd5021,89.65,76.67,68.16,61.22,3.42,22.9,84.79,0.218,2,72.32,1,2,3,72.41499999999999,0.24049500000000001,1.9457142857142813
3de471ca-ff9c-4970-9ab2-9d90dca706e1,95.45,83.5,82.05,78.62,3.76,23.4,79.53,0.934,7,80.59,1,3,3,82.775,0.13401499999999994,9.207499999999996
47f898d3-2b31-4915-8195-ccaa9702325a,85.58,66.21,69.44,55.79,2.98,23.2,78.42,0.889,1,63.44,1,2,2,67.82499999999999,0.286835,-0.18249999999999744
00476232-cac7-4eea-a2aa-970554510d01,73.88,69.19,70.9,67.57,3.15,23.2,87.25,0.61,1,65.77,1,0,3,70.045,0.291635,-1.4833333333333343
aa230625-105a-415d-ac99-43a1b8e6324c,89.74,58.36,64.42,63.98,2.84,16.9,77.95,0.667,4,62.38,1,2,2,61.39,0.26493,-2.0660000000000096
d831b1d1-3ddf-44cc-85f8-8608a8e6a426,97.35,77.85,72.31,70.8,2.85,26.2,91.33,0.136,1,76.02,1,3,2,75.08,0.17296,5.8125
53ecb719-b0bc-4334-9bdb-e7c31c37971a,91.86,72.03,78.43,62.99,3.81,22.7,74.39,0.197,7,68.34,1,3,3,75.23,0.21789999999999998,-4.350000000000001
70397d00-57c6-4b40-9d61-27ff942d8442,68.11,66.82,64.68,63.21,4.0,20.1,87.25,0.92,3,62.7,1,0,3,65.75,0.34068,-1.0762499999999946
f5fbf311-5762-47e0-8b6a-1bbfd3c884d8,92.83,71.24,69.12,65.35,3.38,18.0,78.4,0.5559999999999999,5,65.32,1,3,3,70.18,0.22209,-8.129999999999995
a0b2b908-bd54-49fa-958e-b3e5268ba93d,90.15,72.25,64.33,85.42,3.42,28.3,81.09,0.136,6,77.82,1,2,3,68.28999999999999,0.17826999999999998,20.432500000000005
1e3e6b1e-f637-4823-af00-8f7c7b0348a2,98.53,53.36,52.9,53.31,2.31,16.6,94.11,0.122,2,59.16,0,3,1,53.129999999999995,0.28656,-8.128999999999998
e2ea8c81-ad41-4b89-a5ff-5a9bf799d66e,87.95,57.9,53.72,50.66,2.76,25.2,81.5,0.576,8,60.3,1,2,2,55.81,0.32878999999999997,-5.93
d73af929-0616-4072-a19e-3a898ee903ca,87.62,76.33,75.86,69.04,3.41,22.4,83.18,0.954,6,73.17,1,2,3,76.095,0.21411499999999997,5.625555555555557
6f18c4ca-edc2-423a-8994-a86e5b2f2f0e,84.71,56.35,61.63,63.53,2.63,19.3,96.2,0.876,7,62.19,1,2,2,58.99,0.2936,8.399999999999999
cf724f34-8c31-4b9f-a6c5-1ea8fd2255e2,90.88,62.02,67.22,61.97,3.24,26.8,81.09,0.912,3,64.34,1,2,3,64.62,0.25671,0.46999999999999886
4d23fa72-7e90-487d-b423-1db8c90c3384,91.66,59.78,65.01,68.83,3.26,29.2,86.14,0.724,2,64.14,1,3,3,62.395,0.23968500000000004,0.9583333333333286
77e35190-94d5-432e-8c78-3de7ab229818,74.8,71.14,72.66,69.36,3.3,27.3,64.27,0.393,3,72.88,1,0,3,71.9,0.27702,8.434285714285714
6b75733f-8133-41ff-b6d5-412f81a129fe,68.17,56.41,57.49,60.73,2.31,21.1,76.2,0.215,6,65.32,1,0,1,56.95,0.37427999999999995,0.7571428571428527
9982fa8f-ab51-4112-8242-1ae00f496129,92.43,71.13,60.43,76.61,3.28,27.0,67.16,0.208,4,71.14,1,3,3,65.78,0.20310999999999996,6.119
04256f33-818f-4ad3-956a-7110eade8d12,78.43,64.47,66.37,68.75,2.98,22.7,85.35,0.701,8,66.39,1,1,2,65.42,0.28376999999999997,9.657499999999999
13849a74-4520-4c8b-ac7e-3943be7c8771,79.95,67.51,62.63,60.82,3.37,20.7,69.88,0.369,1,69.21,1,1,3,65.07000000000001,0.3025299999999999,-2.653333333333336
768e0488-96b6-4d8f-8af0-f596ff5bb8d4,68.87,54.77,67.78,58.41,2.43,16.9,88.42,0.308,5,56.3,0,0,1,61.275000000000006,0.36546499999999993,0.16899999999999693
5e95cb56-d166-436b-8d74-dbcb34b30e15,88.39,71.07,69.1,73.77,3.46,22.9,83.12,0.985,1,70.5,1,2,3,70.085,0.214875,12.255714285714276
08120c45-bb37-488d-94b9-9973955f080c,96.56,69.39,69.02,67.33,3.0,20.4,84.25,0.372,4,67.78,1,3,2,69.205,0.204155,2.864999999999995
eaafbe72-5426-4671-a524-e05e4956f75d,85.78,55.09,52.24,62.21,2.71,21.0,86.28,0.6980000000000001,7,63.63,1,2,2,53.665000000000006,0.30925499999999995,-3.9166666666666643
5ddbd664-ed74-4a5b-8df8-e2cc35c4cb55,69.86,48.48,59.04,55.12,2.26,16.6,86.98,0.969,6,51.26,0,0,1,53.76,0.39392000000000005,-4.989999999999995
06021ef0-a910-44da-91df-407cb23efa90,66.87,65.43,68.92,60.46,3.37,29.2,67.76,0.868,5,62.63,1,0,3,67.17500000000001,0.34961499999999995,-12.212499999999999
be1af415-c270-4dd3-8009-3e70c428c4a4,65.39,51.9,46.67,55.95,2.09,20.5,77.6,0.204,8,52.89,0,0,1,49.285,0.42273499999999997,-3.943333333333335
d29327d2-663d-4705-80fa-1cbc337aea93,98.08,57.71,58.1,59.56,2.75,17.4,84.03,0.6980000000000001,7,65.28,1,3,2,57.905,0.255285,-6.566666666666663
ebf8d132-7395-43cf-9fc5-d35bd98e6a60,77.47,68.16,57.81,67.6,2.83,17.8,65.16,0.853,6,59.99,0,1,2,62.985,0.298365,0.15571428571428214
5d029af4-191d-4f5e-bd2c-a90bf41f8d06,89.11,71.47,75.22,52.77,3.34,19.8,92.16,0.925,2,68.47,1,2,3,73.345,0.265215,-6.983333333333334
dbe88d7e-ec4e-4784-a2f5-6e297bfa5be6,70.95,70.22,74.34,71.41,3.43,23.4,78.17,0.104,8,76.21,1,0,3,72.28,0.28513,8.521428571428572
94eba711-4df5-4233-9d91-86a9fc0c41bd,65.66,54.31,50.42,51.68,2.4,13.7,84.85,0.943,6,49.94,0,0,1,52.365,0.425225,-8.420000000000002
2e45b174-368c-44eb-b627-98afc660d014,79.69,67.89,75.1,70.26,3.75,23.8,77.33,0.305,4,66.44,1,1,3,71.495,0.25597499999999995,4.658333333333331
44df6299-d96c-4e40-b915-b84745bfa07c,78.32,48.93,49.64,46.74,3.15,26.4,89.95,0.38,5,52.9,0,1,3,49.285,0.3986450000000001,-19.46545454545454
e639f2b3-ea85-4397-98d2-6a0c59e475b8,86.42,63.3,62.39,64.51,2.81,16.3,64.46,0.507,2,64.22,1,2,2,62.845,0.27225499999999997,-0.5300000000000011
11353db1-f86a-4dfa-af16-fc78d5b3500a,82.1,78.83,70.7,70.38,3.46,27.3,94.38,0.362,3,79.65,1,1,3,74.765,0.236165,11.166527777777773
0d8b7ee5-fee7-43b0-9815-99aeb5758531,89.64,77.97,73.35,75.59,3.07,27.2,79.11,0.981,2,74.1,1,2,3,75.66,0.18769,2.3075000000000045
ae6f1681-40d4-46e5-a856-9bcd72091371,96.04,61.03,65.51,66.99,2.9,29.4,86.74,0.735,7,76.11,1,3,2,63.27,0.22505999999999995,0.2242857142857133
4770efa0-b51a-49b3-9ffd-82665b0df8ed,79.51,62.58,67.74,65.99,2.6,28.8,74.48,0.882,4,60.3,1,1,2,65.16,0.28851,4.932000000000002
6536a864-fc9a-4047-9dc0-78a6f7cbc072,78.74,71.2,68.76,62.75,3.46,25.8,77.53,0.8470000000000001,4,70.02,1,1,3,69.98,0.28685000000000005,-0.4483333333333306
a3257e2a-ccef-44a5-9d8e-9858b89f6958,99.95,80.37,85.05,75.65,3.41,31.0,89.06,0.643,4,80.75,1,3,3,82.71000000000001,0.12511999999999993,11.232500000000002
8d6c9f5c-5426-4384-92e8-777263cae618,83.98,65.5,67.02,65.81,2.43,27.9,87.59,0.971,5,71.05,1,2,1,66.25999999999999,0.26787,0.7250000000000085
2fd8e6de-eec0-4d5d-930d-eaa37a36f275,92.54,92.8925,84.1,81.33,4.0,29.7,77.22,0.407,6,81.58,1,3,3,88.49625,0.12036124999999996,17.560000000000002
cbc43a50-cd69-44d0-b756-78a6d42869e2,98.21,69.09,44.81,61.82,3.01,20.4,76.63,0.8240000000000001,5,59.43,0,3,3,56.95,0.25085,3.690000000000005
660e7051-c1fc-403e-a0ee-201e3c998ef5,89.83,74.09,70.07,64.81,3.0,27.9,82.32,0.6,1,72.51,1,2,2,72.08,0.23000999999999996,4.855000000000004
ca2657cd-3f82-415f-a5bb-cf5415b098e6,77.25,57.54,54.37,64.19,3.42,24.8,75.23,0.192,2,57.4,0,1,3,55.955,0.330565,-1.3328571428571507
b6640248-3b22-4873-a5d9-c47284489c5e,81.84,37.94,47.31,43.23,2.21,13.1,80.52,0.752,5,53.48,0,1,1,42.625,0.4150749999999999,-18.298571428571428
2024fbba-c114-496c-8f44-1da243fc3f23,83.36,59.67,56.81,50.23,2.83,19.8,73.48,0.176,6,59.25,0,2,2,58.24,0.34114999999999995,-0.18999999999999773
f0637842-13db-440f-9d97-98e4b655edb5,93.29,57.93,52.82,61.87,2.3,17.5,79.08,0.8029999999999999,3,55.69,0,3,1,55.375,0.275105,-5.71200000000001
2fdf2539-8d09-469a-981d-7d05fa50ffbb,82.34,68.52,70.58,78.31,2.99,24.2,73.89,0.877,3,66.5,1,1,2,69.55,0.22705999999999996,5.731666666666669
c6e8749d-e187-4192-8f83-6b34d255d21b,88.75,73.94,67.77,67.9,3.43,24.9,82.74,0.218,7,73.52,1,2,3,70.85499999999999,0.228735,8.625714285714288
e6a53509-2775-44de-8494-6d144cb0f533,69.52,59.66,60.7,65.19,2.98,23.9,81.85,0.819,8,62.8,1,0,2,60.18,0.34581,0.7463636363636397
0b63b869-63c5-4896-b21f-85cf19cfaf17,65.88,61.71,57.07,49.51,2.59,15.1,78.95,0.204,5,51.95,0,0,2,59.39,0.40978000000000003,-10.38333333333334
78abf68b-f37d-4a16-ad93-273081d62cf5,81.24,72.73,54.74,58.6,2.75,17.1,83.5,0.791,2,64.54,1,1,2,63.735,0.308035,-1.6679999999999922
3e4a2ef0-9e7f-45fa-a241-43b492b8152b,79.02,76.95,77.21,78.18,3.31,20.2,66.36,0.833,2,71.06,1,1,3,77.08,0.21814,7.0575000000000045
6337db3c-01ee-416c-86ff-c36499063d4b,98.29,43.63,51.5,50.83,2.0,15.2,87.79,0.922,6,55.9,0,3,0,47.565,0.31165499999999996,-8.822500000000005
cce06e3f-7122-4736-8a29-b37d8c1ad724,92.36,65.64,77.29,79.94,3.23,30.1,75.62,0.133,6,71.8,1,3,3,71.465,0.17634500000000003,8.325999999999993
befdac1b-ac3d-4ea1-88f3-b93441070706,67.81,71.55,73.93,68.06,3.69,29.2,82.59,0.188,6,70.11,1,0,3,72.74000000000001,0.30635999999999997,5.149999999999999
a605c2bc-ad40-4328-96de-e18fa45de970,87.87,62.15,65.97,62.66,3.41,29.0,79.48,0.181,4,70.4,1,2,3,64.06,0.26836,-3.46142857142857
5192afe8-f388-46e3-8843-369ae626ca93,84.49,58.66,70.6,72.44,2.43,16.9,73.76,0.1139999999999999,4,66.2,1,2,1,64.63,0.25083000000000005,2.4862499999999983
96efdc50-22a4-4ba7-b54e-59a4f37f27cc,89.13,51.83,49.2,51.13,2.07,16.9,86.74,0.209,5,60.17,1,2,1,50.515,0.33854500000000004,-6.390000000000001
67679822-6f8f-4491-9a0c-6e0d1351d382,84.66,57.9,58.4,44.37,2.72,24.0,84.87,0.85,5,57.39,0,2,2,58.15,0.3538,-16.198571428571434
e90057a0-04ab-41e1-ad10-8b4042ce0dcb,75.24,48.59,55.41,59.66,2.54,21.4,77.54,0.8720000000000001,4,58.41,0,1,2,52.0,0.36406000000000005,-7.256000000000014
99825603-f672-4805-9118-5be05eccea4c,97.76,78.77,84.6,75.4,3.59,30.2,82.76,0.503,3,83.19,1,3,3,81.685,0.13770499999999994,14.402500000000003
c51268f7-c8c5-4d6e-a7e6-fd9e4b4942bf,73.99,58.94,57.13,58.37,3.17,24.1,81.15,0.366,1,60.4,1,0,3,58.035,0.354825,-4.1000000000000085
890618aa-4db3-4434-a482-ba5234c7628c,90.62,72.71,74.25,65.24,2.63,27.7,89.58,0.629,1,75.62,1,2,2,73.47999999999999,0.22136000000000003,-0.020000000000010232
de97fa67-9b31-44c7-a7e8-09f658b1566b,95.52,57.98,63.42,58.32,2.76,20.5,71.21,0.994,4,64.48,1,3,2,60.7,0.26086,-11.32888888888889
bbc395cf-077c-46d0-9418-217787d388c1,70.61,90.56,91.76,84.68,4.0,29.3,75.63,0.409,7,83.84,1,0,3,91.16,0.19004,13.458750000000009
d3dd3353-548c-42b3-a54e-cae4dc3b2d47,91.48,69.63,66.39,81.57,3.33,21.0,84.18,0.4059999999999999,7,75.27,1,3,3,68.00999999999999,0.18534000000000006,21.268333333333324
33f81387-7551-413b-a366-1b477552c403,71.97,59.26,67.39,63.49,2.92,23.4,76.15,0.188,2,67.15,1,0,2,63.325,0.33167500000000005,0.5799999999999983
93b4ccfa-4b1b-440e-b9ef-76ca9ddaf897,85.78,72.09,71.04,65.76,3.19,24.1,83.84,0.208,8,76.1,1,2,3,71.565,0.24490499999999998,-4.7309999999999945
14f22bb3-e502-435c-835d-ce9de9f87d0f,74.56,71.98,68.55,65.3,3.64,24.3,80.13,0.807,5,67.16,1,0,3,70.265,0.29506499999999997,4.2109999999999985
bd7f0ca6-edc8-42aa-b110-3eaa7d3726db,87.01,45.67,55.19,51.41,2.83,23.2,71.7,0.542,4,57.2,0,2,2,50.43,0.34643999999999997,-12.593333333333334
79a41b46-8c60-433f-990e-752c3bfa5b34,69.16,60.68,63.75,67.92,3.37,20.1,74.29,0.8160000000000001,5,61.58,1,0,3,62.215,0.33295500000000006,7.193636363636365
0af425f0-6752-4387-b902-49b7c675bbe9,75.35,59.13,52.89,67.07,2.95,24.4,86.47,0.53,5,62.9,1,1,2,56.010000000000005,0.3293600000000001,2.3049999999999926
22029fcf-2ccc-4877-85c3-4247532d29a5,94.98,61.77,59.43,51.2,2.67,15.4,80.7,0.319,6,60.49,1,3,2,60.6,0.28468,-13.912857142857149
d081c86e-a384-4fae-bf63-5c2eebc17574,93.81,62.8,62.85,60.04,3.05,22.6,71.44,0.1699999999999999,7,60.55,1,3,3,62.825,0.256165,1.2758333333333383
69c02d8f-528d-49be-a0b3-fe5bf27347f7,92.01,66.53,56.92,50.37,2.34,17.0,74.46,0.256,3,66.07,1,3,1,61.725,0.29567499999999997,-0.697499999999998
8bc73e6f-bac6-4f0e-8fff-32c41859e6f8,74.54,81.21,80.31,78.6,3.77,29.0,82.24,0.959,8,73.96,1,0,3,80.75999999999999,0.22376000000000001,13.492857142857133
06960ce4-c815-449f-a3d8-c6ae540c526b,70.52,63.18,56.59,62.55,2.95,22.8,95.01,0.499,1,60.05,1,0,2,59.885000000000005,0.350615,-8.49666666666667
8b02c6c3-3f3b-4e1f-b7d9-d3d714943581,68.32,46.02,48.23,55.64,2.49,25.6,88.91,0.521,1,53.75,0,0,1,47.125,0.418425,-11.849999999999994
64e83f3b-183a-4a0d-a738-05ec86256651,68.62,57.16,73.95,69.82,3.11,26.5,77.64,0.131,3,68.06,1,0,3,65.555,0.319395,7.614999999999995
ad1d69f7-5720-463f-a2b9-cd4f7a918d8f,70.45,63.33,58.61,61.88,2.6,18.2,81.84,0.796,3,60.48,1,0,2,60.97,0.34964999999999996,-6.348333333333336
f1253a6b-3380-40cf-afcb-ed049df10890,92.71,71.98,77.4,71.82,3.51,20.9,83.27,0.924,6,71.32,1,3,3,74.69,0.18963000000000005,14.331249999999997
22a4b35f-14e3-4086-ab74-4c5ed98ef2a7,79.01,75.5,74.16,77.03,2.91,22.7,96.72,0.5519999999999999,6,77.4,1,1,2,74.83,0.22837999999999997,5.222857142857151
723f5dca-f389-4d62-8cbf-08a4b34ad1e2,91.34,56.98,56.21,54.77,3.29,24.6,80.55,0.758,1,60.72,1,3,3,56.595,0.30054499999999995,-1.8528571428571396
11d3f643-76af-4534-9021-c153945efed7,99.41,65.48,57.85,54.53,3.14,24.7,85.82,0.5589999999999999,3,61.94,1,3,3,61.665000000000006,0.253775,-12.408000000000001
4a689291-06f7-4aa4-ab36-42df72fb8745,65.61,50.98,59.73,55.73,2.66,17.3,80.16,0.461,8,56.58,0,0,2,55.355,0.404305,-5.948
5abc3a4f-a751-4c63-a4da-7f8eee37afad,95.22,53.26,56.69,60.03,2.75,26.4,84.05,0.27,2,71.27,1,3,2,54.974999999999994,0.27410500000000004,3.737499999999997
67147788-23a3-4777-bbff-d410dfe0ea22,66.13,63.21,67.12,49.59,2.5,24.9,67.22,0.771,6,57.4,0,0,1,65.165,0.391215,-13.460999999999999
d5e2ca5c-cdb5-4d7f-a2ec-87743237121b,73.56,55.04,53.18,51.03,2.69,18.4,89.86,0.3359999999999999,1,57.5,0,0,2,54.11,0.39033999999999996,-9.833999999999996
08f70e56-a5bc-4c50-bde9-aa5c2089bdfe,89.04,61.02,53.93,58.47,2.53,26.1,84.77,0.313,2,65.97,1,2,2,57.475,0.29600499999999996,-5.188749999999999
b27dcb90-905a-4bd7-b174-6ef3eeec5bb1,81.56,73.06,66.28,77.17,3.87,30.1,71.28,0.395,3,74.2,1,1,3,69.67,0.23323999999999998,7.55714285714285
4a01c45e-989a-43c6-a3a0-ae03d6c6663d,85.25,55.36,48.33,41.99,2.66,15.6,83.71,0.191,2,59.54,0,2,2,51.845,0.37749499999999997,-21.324999999999996
39033236-f5ae-402e-bc92-c39aab2d3812,98.63,61.0,67.98,54.11,2.42,19.2,75.51,0.5389999999999999,7,62.62,1,3,1,64.49000000000001,0.24967999999999996,3.262500000000003
82e04812-91bd-4c81-b3ff-2523f4862bce,83.18,58.0,56.77,43.37,2.95,25.7,85.96,0.651,8,57.19,0,2,2,57.385000000000005,0.3650149999999999,-12.056666666666672
8dace0ad-f694-403e-85a2-d030b9d29517,95.13,77.72,62.32,60.36,3.04,24.7,80.51,0.536,8,73.36,1,3,3,70.02,0.22834000000000004,5.18
07ddac06-1742-4a76-aa16-01f3cecef607,83.15,60.47,76.48,72.65,3.17,17.2,86.46,0.973,8,67.36,1,2,3,68.475,0.24402499999999996,3.549999999999997
4afaa85b-8475-4128-a51c-fd353226c092,92.74,67.12,70.03,74.1,2.73,24.9,74.56,0.558,3,75.05,1,3,2,68.575,0.20101500000000003,6.6485714285714295
d1bfb5b5-0ce6-4e05-a55b-848e3fc4e5aa,82.21,68.13,74.7,59.05,2.83,22.2,77.68,0.441,8,65.44,1,1,2,71.41499999999999,0.27976500000000004,-0.5799999999999983
06628f47-f64e-4431-88ab-c7cf25c0c389,76.74,60.78,68.41,55.85,2.95,28.8,68.21,0.795,6,67.29,1,1,2,64.595,0.33170499999999997,4.905000000000001
c6a912d1-dfac-456c-8d5d-70c5f83e9b9b,66.37,59.94,66.2,64.53,3.34,17.5,85.22,0.291,5,67.06,1,0,3,63.07,0.35172,3.6100000000000065
18e1f8c6-ac9a-41a2-b05c-bbe2111f4922,83.73,75.37,71.62,57.36,3.52,29.8,81.08,0.47,2,75.26,1,2,3,73.495,0.272515,-3.9450000000000003
ac9a6cf6-8700-49dc-b959-1c6a1d8cb80b,80.63,63.73,66.1,52.68,2.85,25.9,83.52,0.95,8,66.15,1,1,2,64.91499999999999,0.324695,-15.275555555555563
3e640489-edc8-40d3-a3ed-0290b8189f29,82.07,46.51,52.64,52.77,2.11,12.1,78.15,0.485,2,57.06,0,1,1,49.575,0.364685,-11.969999999999992
34354ae8-276f-484e-9e95-08b0aa8af2d0,72.34,51.78,65.06,59.12,2.73,20.4,82.25,0.9,8,59.01,0,0,2,58.42,0.35802,-2.885000000000005
e863ec05-40ef-447c-aebf-1049a9643548,98.55,68.12,79.29,77.02,2.77,26.2,71.4,0.294,3,73.66,1,3,2,73.70500000000001,0.15362499999999998,11.504285714285714
dbaf0f2b-2a9c-48b3-b26c-baa6bca1f329,96.74,43.34,45.61,46.91,2.0,19.6,76.7,0.193,7,56.5,0,3,0,44.475,0.338885,-19.131666666666675
a42cffcf-9734-49d0-9dd4-beefe41a94bb,95.88,67.55,72.27,64.44,3.03,19.9,72.54,0.407,1,66.93,1,3,3,69.91,0.21343000000000004,0.6700000000000017
2ecd4ee6-a6c7-4c68-a3c3-1f4a562c9259,65.2,64.55,66.58,69.25,3.11,23.3,76.92,0.8109999999999999,8,56.64,0,0,3,65.565,0.334755,-1.1844444444444377
3a4b1637-3891-4ba3-8dac-7f84dfd1a264,81.23,64.31,55.54,58.44,2.34,25.2,82.69,0.42,5,60.31,1,1,1,59.925,0.319985,-9.036000000000001
dd1c4063-ecb9-4340-ab1d-ac3253e6b9a7,97.74,74.15,76.03,66.72,2.93,23.8,77.38,0.842,4,71.97,1,3,2,75.09,0.18361,-6.153333333333336
77b9577e-7e24-4d97-8be1-2fa260e07798,98.55,69.41,75.39,76.95,3.35,22.8,81.2,0.64,1,80.59,1,3,3,72.4,0.15774999999999997,13.212000000000003
da2efa91-5bb2-454b-83be-b779eb8aeb53,87.32,88.2,77.21,83.75,3.76,29.0,74.1,0.211,3,82.48,1,2,3,82.705,0.15135500000000005,9.35499999999999
a1c34aa5-d0e1-41a7-8945-e173c67499aa,95.8,63.71,64.83,74.78,3.01,18.4,83.0,0.519,3,65.02,1,3,3,64.27,0.19965000000000002,10.001428571428576
14f88b18-374e-4bcc-b28f-ccc56463504d,84.47,89.1,83.93,77.31,3.96,21.7,77.78,0.386,7,78.63,1,2,3,86.515,0.170645,12.49333333333334
ac9925ee-b9b4-434f-aab9-c2d7fc72bb38,81.92,53.0,58.27,51.41,2.75,16.6,81.67,0.209,2,62.91,1,1,2,55.635000000000005,0.35118499999999997,-6.1100000000000065
eb3651d6-ec39-411a-a322-4eb166df0a0e,66.49,59.35,53.48,64.47,3.51,24.1,82.32,0.422,1,65.9,1,0,3,56.415,0.371385,-3.2450000000000045
6940b998-437f-431c-af9e-ebff04dd8776,81.4,46.51,51.18,44.02,2.0,14.8,73.48,0.223,4,52.3,0,1,0,48.845,0.39580499999999996,-18.30777777777778
70aa1b7e-0037-437f-80f5-1126e3fbaa16,72.43,79.68,76.48,81.5,4.0,25.0,74.76,0.509,7,74.35,1,0,3,78.08000000000001,0.23153999999999997,22.770000000000003
8c0a1dad-4f13-44f1-aee1-d8eef10469af,94.05,65.53,62.55,60.68,2.64,15.9,69.54,0.304,5,65.49,1,3,2,64.03999999999999,0.24964000000000003,-5.843750000000007
a16e675f-aefc-48cd-b1e7-a40299e09a08,89.49,48.84,42.46,44.03,2.25,19.3,80.39,0.746,6,56.83,0,2,1,45.650000000000006,0.373,-17.163749999999993
d1b99417-c505-4bb6-9c69-c023057b140a,65.58,61.75,68.02,67.47,3.27,19.9,80.93,0.8779999999999999,8,58.39,0,0,3,64.88499999999999,0.340615,6.7357142857142875
88d248c0-7628-43bc-b2fd-3fb0e0c805c4,75.39,58.48,60.96,54.25,2.85,20.2,77.61,0.924,4,59.79,0,1,2,59.72,0.35653,-3.238749999999996
85252adb-d513-4d84-8e9a-bf87f66987b6,65.44,55.11,55.37,58.56,2.48,22.3,76.39,0.696,7,58.25,0,0,1,55.239999999999995,0.39683999999999997,-0.654285714285713
d8735913-837c-4fea-9591-8a50e814a6f5,86.59,64.97,76.55,79.84,3.15,21.8,76.88,0.76,4,71.67,1,2,3,70.75999999999999,0.20184000000000002,15.64
be80f03d-019d-45b9-b918-c578a3a5c5a0,69.71,65.4,75.23,86.22,3.68,29.8,91.31,0.627,2,70.67,1,0,3,70.315,0.25155500000000003,16.013999999999996
7febe72d-586f-4d07-8568-275123a56beb,88.54,53.18,54.28,46.16,2.37,23.5,82.96,0.593,8,55.84,0,2,1,53.730000000000004,0.34617,-11.910000000000004
a235fbbc-0a68-4fbb-87e9-30e0af87b2d4,68.84,60.16,63.79,64.67,2.38,17.9,86.66,0.8220000000000001,1,64.66,1,0,1,61.974999999999994,0.34470499999999993,-1.0319999999999965
c4da8482-38d8-4ba1-ad36-fb75fd549230,96.74,64.64,59.58,64.24,3.38,23.8,79.51,0.4519999999999999,7,63.18,1,3,3,62.11,0.23399,-1.4925000000000068
6074726a-38b3-42b8-b9d1-2d4c834a2f84,79.9,68.39,68.99,69.53,2.65,20.8,65.74,0.45,2,68.99,1,1,2,68.69,0.26574,-0.4925000000000068
6ec9e490-01f0-4124-852b-5171545d5a96,85.96,43.02,41.6,43.97,2.0,19.6,80.12,0.844,5,51.57,0,2,0,42.31,0.39732,-14.21541666666667
1fa0d3bb-6d58-4211-99ff-a1177778bce5,70.45,79.27,72.78,70.31,3.32,31.2,69.81,0.618,6,68.33,1,0,3,76.025,0.27919499999999997,5.156000000000006
c46a9401-8e68-4770-8bc6-c6f1e1750118,84.7,52.11,52.38,51.0,2.34,24.1,87.95,0.611,2,56.02,0,2,1,52.245000000000005,0.35146499999999997,-4.885000000000005
0c68f83b-b06a-42d0-85e5-c92b4c282e39,88.74,47.9,53.54,52.13,2.68,18.7,81.95,0.262,8,59.35,0,2,2,50.72,0.33649,-9.71
b0b03a38-8ff6-4d9a-9b52-ec1c4fbd7f70,97.35,60.54,68.22,76.91,2.82,27.8,90.59,0.939,6,64.9,1,3,2,64.38,0.18673000000000006,15.386666666666656
0933a50f-08a7-4aa7-966d-e493a556287d,94.26,65.27,59.52,52.88,2.58,23.9,76.74,0.365,6,63.51,1,3,2,62.394999999999996,0.27713499999999996,-4.948333333333338
9c2345fa-0ba9-4d47-9366-16408cf19a57,80.41,60.06,63.62,67.13,2.7,23.2,73.73,0.745,6,66.18,1,1,2,61.84,0.29145,6.070999999999991
93739483-b18c-4df8-8e9e-9b1b5f93a677,90.69,78.68,82.05,87.0,3.6,31.4,77.96,0.223,1,83.57,1,2,3,80.36500000000001,0.135145,24.672222222222217
fe10395c-697b-4ee6-aebe-b17a85c2c6ed,66.6,61.42,55.34,57.35,3.27,15.6,68.45,0.385,7,62.4,1,0,3,58.38,0.38641000000000003,1.7349999999999994
a482c136-eb07-4dd4-8a22-c859af1a0966,88.17,57.12,59.86,60.89,2.54,14.6,74.62,0.913,8,59.65,0,2,2,58.489999999999995,0.28918,-0.5700000000000003
167b844e-ea0f-4702-b8b7-87f96cac19dc,90.7,60.05,58.72,53.59,2.53,19.9,94.8,0.967,2,63.45,1,2,2,59.385,0.29827499999999996,-10.890769230769223
a40e4074-bf4f-4e07-9693-64906e0e01f3,81.38,61.81,69.54,70.16,3.42,23.5,94.25,0.268,1,73.8,1,1,3,65.67500000000001,0.26697499999999996,5.16749999999999
6a31a291-fa5a-4221-b8f1-d1d0bd5ad220,68.32,85.55,85.82,89.55,4.0,31.4,85.01,0.7030000000000001,5,84.17,1,0,3,85.685,0.20101500000000005,15.122500000000002
819d91a0-c944-4907-b210-f4552e97bce3,72.47,53.14,48.81,65.83,2.99,21.0,84.76,0.665,1,56.53,0,0,2,50.975,0.359705,-6.0460000000000065
c4ee409f-0e2d-40f5-906d-87cc4889ec4e,93.8,71.03,68.05,57.58,3.06,17.3,85.1,0.653,7,64.41,1,3,3,69.53999999999999,0.24344000000000002,-4.088000000000008
5b29a16f-c49c-4337-b63c-3efb173e9455,81.85,72.36,68.72,67.15,3.65,18.1,81.61,0.986,3,67.12,1,1,3,70.53999999999999,0.25953000000000004,-0.7199999999999847
fe1980be-3a0b-45d3-aae2-a6d5f5a2603d,99.19,86.56,79.02,76.16,3.75,30.4,73.86,0.437,2,76.37,1,3,3,82.78999999999999,0.12639000000000003,7.841666666666669
5539811d-7b52-4296-b35a-29c3548d7bc3,84.56,64.85,63.47,69.83,2.95,24.1,63.8,0.359,2,66.48,1,2,2,64.16,0.25978999999999997,3.530000000000001
3ff82f8d-bf21-4c06-b3ad-26f67fa746f2,82.75,57.12,57.19,53.85,2.2,21.9,74.48,0.869,7,55.61,0,1,1,57.155,0.33598500000000003,-10.57222222222223
c29521f8-2af1-44be-b6a9-0cba41070e45,71.85,54.21,49.95,52.12,2.23,17.9,65.33,0.6910000000000001,3,53.61,0,0,1,52.08,0.4,-14.717142857142868
58854c91-ffe3-4d1a-8a87-73dd28243aa4,81.04,57.18,65.61,66.01,3.41,28.6,79.4,0.584,6,62.77,1,1,3,61.394999999999996,0.29362499999999997,-5.881666666666661
35291827-8a28-48a6-8762-ac0c05efd8d2,72.88,71.12,62.25,74.78,3.54,26.5,75.31,0.521,7,73.39,1,0,3,66.685,0.284085,7.290000000000006
d3ac07ac-2981-4d3f-856d-b8777018bd73,83.59,57.68,64.55,58.54,2.46,16.6,80.24,0.5980000000000001,4,63.29,1,2,1,61.114999999999995,0.30667500000000003,-5.827142857142853
66b9ca1b-0a04-4cab-b6c1-461a66cdec7d,88.32,54.09,55.6,54.92,2.17,14.1,100.0,0.176,2,62.46,1,2,1,54.845,0.317425,4.500000000000007
0998be60-fb17-43bb-8717-d868313f112c,69.93,61.4,56.07,70.26,2.64,21.7,65.9,0.885,3,55.06,0,0,2,58.735,0.33329499999999995,-1.5524999999999949
6d272cee-06f0-4a94-8aea-f05a00e0c537,96.06,89.4,82.48,83.16,3.6,32.1,87.75,0.997,2,80.53,1,3,3,85.94,0.10846,17.254999999999995
9e4a37c2-8214-4e3d-85ff-69ed8a30af83,94.36,76.73,62.07,74.04,3.4,26.3,83.64,0.324,4,75.18,1,3,3,69.4,0.19223999999999997,11.490000000000002
f5560a09-44bc-4d1f-91cf-f62e4e4d3fe9,77.54,58.5,78.23,75.49,3.72,25.1,78.41,0.4049999999999999,8,68.19,1,1,3,68.36500000000001,0.258275,12.00666666666666
b44c2665-452a-40eb-8cb6-fbd0d2194099,86.76,53.13,48.18,52.95,2.53,23.0,71.72,0.199,3,60.88,1,2,2,50.655,0.34214500000000003,-13.203999999999994
67acff59-df86-40e5-9a28-4176ff248ee7,83.48,66.83,67.25,62.6,3.2,20.6,88.4,0.479,2,68.54,1,2,3,67.03999999999999,0.27716,2.9680000000000106
f916f0a8-c4ac-4564-bd29-5ccda92df680,84.94,47.86,67.63,61.69,2.37,16.3,91.82,0.974,7,66.76,1,2,1,57.745,0.301935,4.18
4b41bc26-356e-47a2-ae76-2ffd227477bd,73.32,70.72,68.09,76.97,3.44,20.3,73.85,0.5599999999999999,6,72.12,1,0,3,69.405,0.267595,11.882857142857134
9cb5f54a-6706-442f-a710-d0f5d6f86cbe,67.68,64.77,59.62,58.86,2.66,25.7,90.04,0.2,1,65.19,1,0,2,62.19499999999999,0.36611499999999997,-7.9466666666666725
c258a2eb-5ce2-4ccb-ae76-42d14b61e054,78.42,67.52,63.81,70.96,3.1,24.7,69.73,0.765,5,66.08,1,1,3,65.66499999999999,0.276445,9.693749999999994
2ff3d65b-d6cf-4e84-86d8-0ced1e02d928,91.72,66.92,56.45,67.36,3.12,22.9,69.46,0.489,2,68.39,1,3,3,61.685,0.245985,-1.5974999999999966
9cec2ef1-34fd-4d51-b5e8-f83306413dd6,72.03,54.27,52.76,49.22,2.44,15.1,78.61,0.7070000000000001,8,57.76,0,0,1,53.515,0.403675,-23.63000000000001
94ce975c-507e-41a1-aed4-c59a2801ebc6,80.96,66.97,67.23,55.9,2.67,16.7,77.91,0.693,5,63.24,1,1,2,67.1,0.30716000000000004,-0.9210000000000065
9b5e57fb-dbe5-40af-a7e5-4df4f7392192,97.47,62.77,53.33,64.29,2.99,18.5,74.75,0.275,8,64.77,1,3,2,58.05,0.24309999999999998,-2.8549999999999898
3bd105be-f65d-43c9-b558-33404fba04e3,78.36,56.51,65.33,71.09,3.02,28.6,77.71,0.981,2,63.76,1,1,3,60.92,0.29052999999999995,-2.1924999999999955
47f572af-36bf-4ed3-846a-2005ada5781b,87.87,56.04,67.37,56.45,2.68,23.2,79.46,0.461,4,65.06,1,2,2,61.705,0.29405499999999996,-5.227999999999994
c57904be-807d-41a5-8e6d-36e46c9e93bf,69.48,62.05,69.48,60.62,2.52,27.5,75.05,0.609,1,68.1,1,0,2,65.765,0.342925,0.7833333333333314
9f7e746b-80c3-4cf3-8938-221b403602e3,78.55,56.69,54.79,59.29,3.33,21.6,67.68,0.398,4,63.82,1,1,3,55.739999999999995,0.34071000000000007,0.6099999999999994
b0960322-c222-46cf-b3d3-7d6f7da6b5c4,97.64,79.25,72.48,76.31,3.68,23.3,81.43,0.4549999999999999,4,76.2,1,3,3,75.86500000000001,0.15291499999999997,1.9749999999999943
2955ff26-17cd-4278-900d-60a7fb04d92f,72.09,56.86,46.9,64.05,2.29,15.0,78.21,0.754,8,55.23,0,0,1,51.879999999999995,0.36385000000000006,-0.1785714285714306
b123dd6d-b594-49c2-83aa-3c8de00fec3b,88.55,53.36,46.51,68.15,2.0,16.9,90.95,0.369,8,65.27,1,2,0,49.935,0.291545,4.676666666666669
192262c6-3a42-45fc-8940-bdfaf9a4c22e,84.02,59.19,61.28,58.23,2.9,24.3,69.42,0.579,3,63.88,1,2,2,60.235,0.308525,-9.698571428571434
0a4ed377-a35e-4a7c-a2df-10287b2dacbb,92.66,69.3,65.35,77.96,3.9,30.3,75.85,0.615,8,70.23,1,3,3,67.32499999999999,0.19350500000000007,6.066666666666663
7a0007dc-cc6e-4493-92fd-ebc7c83706cb,71.55,74.09,72.29,80.93,3.49,26.1,74.0,0.865,4,68.83,1,0,3,73.19,0.25144,13.16000000000001
050cf1a9-3429-4261-9ab6-bc6acb2a1288,85.36,75.54,73.96,67.58,3.5,26.2,85.08,0.914,4,67.88,1,2,3,74.75,0.23157000000000003,-0.5733333333333377
fdf1cb83-1862-4566-b79c-1bd32d0c7a0b,88.63,59.61,51.56,58.4,3.05,19.6,83.71,0.484,8,63.42,1,2,3,55.585,0.30352500000000004,-11.126805555555556
066fb388-0adb-4f7c-aa7e-fdc5ddf63257,73.77,52.79,45.6,41.04,2.34,21.4,77.45,0.682,1,47.48,0,0,1,49.195,0.43421499999999996,-18.73833333333333
1d53e699-9b1b-4f39-a1bf-96035126b740,89.28,61.7,64.41,56.9,3.08,19.6,89.49,0.253,1,66.24,1,2,3,63.055,0.28301499999999996,-9.826
329d27dc-1959-4abf-a36a-145c3246336a,76.05,47.82,48.03,46.07,2.07,14.3,75.34,0.324,3,49.56,0,1,1,47.925,0.41381500000000004,-16.480000000000004
f32a7209-6770-44c4-998e-8e46418b1ae0,65.75,61.73,55.99,57.8,3.35,19.7,85.99,0.5860000000000001,4,58.02,0,0,3,58.86,0.38702,-8.921000000000006
4d1cca3e-8b6d-4123-b958-0ba60d64a6a3,78.14,61.86,52.79,57.48,2.77,13.8,92.67,0.5,3,61.33,1,1,2,57.325,0.34302499999999997,-0.980000000000004
54249e1f-5793-4ce3-878b-7b013b2f4699,69.0,49.64,49.17,50.89,2.05,20.4,80.7,0.852,7,55.53,0,0,1,49.405,0.42311499999999996,-15.429999999999993
afb2ac44-d483-4113-bb31-6e4f865d031d,71.2,51.89,53.29,55.67,2.26,23.2,77.75,0.189,3,57.54,0,0,1,52.59,0.39042,-1.4899999999999949
fa1514e2-e546-4ba6-bb6f-2266ad0f3367,71.92,72.07,81.79,76.86,3.62,24.2,65.06,0.693,3,66.4,1,0,3,76.93,0.25095,20.038999999999994
08f38f97-f991-4de6-aa0e-7bd961fec398,87.81,68.78,75.46,75.66,3.53,17.5,78.16,0.323,1,73.77,1,2,3,72.12,0.20542,12.977142857142859
638b2850-8a46-41a0-89e5-096329dbf6d8,66.55,66.5,63.76,84.4,2.99,24.2,81.47,0.5519999999999999,6,71.68,1,0,2,65.13,0.28521,12.592857142857156
3380bc81-77fb-413a-aff9-f33cf5fa5612,94.9,60.38,68.79,67.17,3.32,18.8,59.98,0.8859999999999999,4,62.73,1,3,3,64.58500000000001,0.22513499999999995,9.088392857142857
22a6e4c0-fea7-4e08-9ba6-41697bf950ce,76.14,56.06,55.29,55.49,2.84,16.6,79.37,0.1159999999999999,2,58.33,0,1,2,55.675,0.36194500000000007,0.2849999999999966
a14ab532-56c5-4540-a348-b7331e07d52f,93.21,73.66,68.48,69.47,3.32,24.2,75.11,0.545,1,72.26,1,3,3,71.07,0.20554000000000006,8.277499999999996
256c95f6-298d-47dc-a03c-fe0b9865b284,75.8,55.05,46.82,54.58,2.39,16.1,76.17,0.9,5,54.9,0,1,1,50.935,0.380255,-7.425000000000004
f48c5f0d-4a0e-4678-b4b5-d185c387c984,91.96,88.74,77.83,72.12,3.48,28.1,76.66,0.609,2,83.58,1,3,3,83.285,0.16594500000000004,12.283333333333339
58fe5738-fa45-4405-8634-cb3b0eb27de8,87.72,65.34,60.07,63.25,3.07,24.7,76.26,0.883,5,63.12,1,2,3,62.705,0.271255,-2.450909090909093
d3e77c74-38c5-460e-9e02-d7144831a781,72.17,69.91,76.22,67.14,3.11,20.5,69.23,0.449,8,66.41,1,0,3,73.065,0.29070499999999994,1.066666666666677
cdbf5b35-1b80-4dd6-bfd8-3a1d6977d078,92.25,70.12,70.68,59.19,2.92,18.5,82.36,0.899,5,65.87,1,3,2,70.4,0.24223,-7.184285714285721
aafbde77-8578-4251-bdb6-a484307ea424,92.99,78.11,69.7,74.22,3.56,28.3,92.34,0.363,8,85.18,1,3,3,73.905,0.18366500000000002,11.744999999999997
236584c2-c22f-492f-90a7-30586a6812a7,99.14,57.46,65.76,68.58,3.02,25.8,99.89,0.311,4,64.88,1,3,3,61.61,0.21287,-1.8766666666666652
b0dece2b-315d-4813-b0d8-e243f2d35dfb,99.99,77.26,77.18,76.26,3.77,32.0,69.46,0.8140000000000001,7,78.04,1,3,3,77.22,0.1396,9.175714285714292
bf415d23-c5f7-4831-95d1-353961c375b6,65.28,56.33,64.88,56.98,2.51,25.2,67.78,0.251,7,62.95,1,0,2,60.605,0.386125,-1.9501785714285802
21c13ba6-9857-4151-9259-a16a8fcecf39,66.18,72.67,63.89,60.18,3.36,23.5,80.67,0.599,2,63.44,1,0,3,68.28,0.34989999999999993,-4.734000000000002
9971cd6c-7f15-47d2-9f06-373fc074b7ab,84.31,65.06,58.3,74.13,2.21,26.6,99.43,0.3319999999999999,8,75.05,1,2,1,61.68,0.25533,13.338333333333331
8a611039-88eb-4834-82bd-8aa17b17ce99,69.28,67.0,71.5,74.67,3.31,23.6,68.61,0.1399999999999999,6,67.24,1,0,3,69.25,0.29112,15.60875
6ea1a957-969d-49cf-bbbe-2e4ebcd6aab2,95.58,67.62,79.37,85.02,3.39,28.2,63.33,0.295,1,82.63,1,3,3,73.495,0.142135,18.3575
5d75f2f7-52d5-46d5-8d31-c8695f097f86,66.18,82.12,66.54,70.63,3.87,25.6,73.96,0.946,4,65.33,1,0,3,74.33000000000001,0.3004,11.949999999999996
9366f883-f5e3-4d55-9452-f28962a3898f,70.08,92.8925,82.94,93.31,4.0,30.7,79.84,0.238,7,87.97875000000002,1,0,3,87.91624999999999,0.17600125000000003,25.524
ea0fd536-f098-4279-a103-c4514847009b,99.01,57.91,54.07,63.9,2.58,22.9,75.86,0.6759999999999999,1,63.66,1,3,2,55.989999999999995,0.24428999999999998,-4.9925
8b88facf-bd6c-4009-ba2c-6b5d1b9f6e42,71.94,38.27,61.56,47.74,2.41,20.9,68.36,0.9,3,55.33,0,0,1,49.915000000000006,0.41927499999999995,-14.265
6da5e0e5-c11c-45a0-9d02-d93f5877ec35,99.66,61.79,64.33,68.88,3.33,27.7,85.16,0.648,8,73.88,1,3,3,63.06,0.20554000000000003,-1.4860000000000042
74b3cf17-f6ba-42c2-828a-3e28589fee4b,96.25,84.49,80.18,81.46,4.0,28.0,72.3,0.561,7,78.78,1,3,3,82.33500000000001,0.12361499999999999,20.07666666666666
ad98b0f0-527b-401a-8a38-9977efc8e1c2,78.35,36.5525,35.681250000000006,34.55,2.0,17.5,76.91,0.632,8,45.04,0,1,0,36.11687500000001,0.47459937499999993,-33.65599999999999
6c287df9-d561-436d-b4b6-a9e1d184d603,99.02,47.98,51.11,58.78,2.9,19.1,87.33,0.889,2,59.07,0,3,2,49.545,0.278945,2.8075000000000045
b55e2056-1847-4376-aea4-4e1e16ba77f3,91.06,67.53,70.67,65.85,2.62,16.4,79.62,0.728,2,70.29,1,3,2,69.1,0.23091,-5.108000000000004
718bdebe-253c-4345-a4fa-17f16643ea5f,94.53,80.28,81.2,72.05,3.56,20.1,91.63,0.787,6,73.02,1,3,3,80.74000000000001,0.16350999999999996,1.7285714285714278
ceacfbc8-b522-4076-a7bc-cee32dc388b6,82.36,84.59,93.09125,94.50125,3.82,22.9,78.36,0.623,8,86.84,1,1,3,88.840625,0.12053437500000001,21.445555555555558
55be2fba-8dc5-4b0b-b379-a75346cfb599,68.85,50.53,42.56,46.11,2.18,14.7,82.25,0.29,8,51.88,0,0,1,46.545,0.446635,-7.101666666666667
7baca6b7-6a33-46a0-9d60-e0a243d69c61,96.47,64.7,70.46,65.01,2.53,21.2,85.73,0.6679999999999999,1,66.54,1,3,2,67.58,0.21635,3.5150000000000006
41216c05-9617-4981-8689-bf11b9fae16a,76.91,65.75,69.54,71.34,2.95,27.9,82.79,0.345,5,76.41,1,1,2,67.64500000000001,0.27540499999999996,5.474000000000004
cb1669a2-e614-494e-93cb-595566d48554,97.84,65.1,78.21,77.53,3.12,19.0,86.37,0.709,6,68.28,1,3,3,71.655,0.161085,14.75359375
c74d4cb4-91b2-4adf-b7b3-215ed0ab0eb8,73.21,59.78,71.36,63.19,3.04,16.9,69.3,0.534,1,61.37,1,0,3,65.57,0.32088000000000005,-1.375
508fa9da-cc4d-4bb1-9e21-6410b037e307,74.87,54.61,59.99,57.87,2.0,25.2,73.19,0.337,5,58.75,0,0,0,57.3,0.35501000000000005,-6.947499999999998
b539d792-bba4-498c-b0ef-5ccc87e762f4,79.19,78.6,72.32,71.96,3.75,20.5,72.29,0.767,3,70.67,1,1,3,75.46,0.24098000000000006,5.711999999999989
6365d078-ffb0-4867-9b6c-fe50dbc2fe2f,71.98,59.21,50.08,54.49,2.65,24.8,66.66,0.901,5,60.23,1,0,2,54.644999999999996,0.384675,-11.892499999999991
754bcf29-09c1-4851-84eb-df51909188f6,74.5,55.71,52.57,53.75,2.21,17.7,84.39,0.54,5,61.99,1,0,1,54.14,0.37833,-7.048333333333325
0cf4f82f-1f07-4fe8-beda-59118d24ed53,98.0,49.98,54.99,70.22,2.65,21.7,72.17,0.193,8,64.93,1,3,2,52.485,0.23988500000000001,4.1783333333333275
5061b9d2-84fb-4bb2-b47a-5d02504979d5,81.22,61.22,49.75,58.99,2.62,16.3,70.54,0.729,5,58.32,0,1,2,55.485,0.331695,-7.119999999999997
30a2c5a3-7adb-4c26-b780-faa8952bdedb,97.27,61.81,66.92,73.7,2.39,17.5,74.54,0.5589999999999999,4,65.92,1,3,1,64.36500000000001,0.19672499999999998,6.7620000000000005
c323aa17-4ae2-42cc-a349-687413a3708f,79.29,49.1,57.1,51.12,2.76,23.7,89.68,0.331,4,59.5,0,1,2,53.1,0.37017999999999995,-6.957999999999998
d0de1779-aac6-4c91-a24e-12ebaf37343a,84.92,73.48,63.43,52.52,2.88,17.9,78.03,0.353,3,65.75,1,2,2,68.455,0.297395,-12.663333333333334
15ac91c1-96c0-4f36-8a13-7bfba8c86396,82.0,81.37,82.67,81.65,3.9,21.2,84.7,0.284,6,73.85,1,1,3,82.02000000000001,0.18098999999999996,16.120000000000005
55945173-236e-4794-904c-ce6d8a9711d6,88.92,65.04,63.17,52.74,2.55,20.1,94.38,0.732,2,64.53,1,2,2,64.105,0.29378499999999996,-11.695
c8e43124-002f-4c17-9d81-380feb2a22b4,78.19,63.26,64.9,61.09,3.28,25.5,78.57,0.763,5,63.34,1,1,3,64.08,0.31173,-4.401428571428568
3ffaa06e-56e9-44f1-944d-954105d71ddb,91.11,53.4,67.65,58.12,2.61,17.0,71.35,0.8859999999999999,8,63.92,1,3,2,60.525000000000006,0.279625,0.03839285714285268
b36f0a4c-f15c-49ca-bbee-13240448c169,88.77,69.7,59.03,59.41,2.58,27.0,74.07,0.1699999999999999,8,64.47,1,2,2,64.36500000000001,0.273595,0.6458333333333357
d56549cd-e090-4abb-90ac-86625152c38f,94.77,59.26,62.17,62.39,2.53,15.7,81.53,0.4019999999999999,1,65.88,1,3,2,60.715,0.25160499999999997,-2.072500000000005
7666b5d2-2ec6-40ad-8e1f-135cdeb5203f,77.28,60.96,72.88,74.59,3.22,20.0,92.78,0.591,2,71.87,1,1,3,66.92,0.26635,9.266666666666666
5e3ced1a-d385-4863-9d1b-7100cab5defd,87.77,80.69,64.97,71.12,3.03,19.3,81.46,0.722,7,74.21,1,2,3,72.83,0.21707,7.087777777777788
53243db7-c9cd-442b-8b17-295648791899,65.34,54.79,50.21,58.72,2.97,20.0,77.11,0.924,2,52.81,0,0,2,52.5,0.40497999999999995,1.2312500000000028
0002d247-7260-46d2-887b-e987f8dccaa9,96.87,49.89,57.65,49.01,2.69,14.7,86.88,0.983,5,58.99,0,3,2,53.769999999999996,0.30418,-12.645000000000003
5e9197a4-78a5-4d1b-b348-705020ce8adb,96.91,70.75,69.77,69.57,3.13,22.5,86.52,0.295,4,83.78,1,3,3,70.25999999999999,0.19287000000000007,2.907499999999999
b09935da-26e1-41e4-b87f-5ac39b081b7d,70.74,60.71,44.56,33.71125000000001,2.0,13.3,75.35,0.477,1,45.81,0,0,0,52.635000000000005,0.4580012499999999,-23.125624999999992
53688c5c-ede5-41ec-ad5a-70847e5a0b2f,75.11,57.2,71.66,63.64,3.05,20.1,78.18,0.92,6,59.04,0,1,3,64.43,0.31534999999999996,-0.6462499999999949
fbffa4ab-c0de-44f5-9557-a9c338c52d2e,76.56,64.97,73.17,72.4,3.21,24.2,72.58,0.857,2,68.73,1,1,3,69.07,0.26935,11.828000000000003
f91f2a0c-0f54-47f7-8113-276a495caeff,98.81,48.82,41.33,39.57,2.0,19.3,81.31,0.29,8,56.8,0,3,0,45.075,0.35082499999999994,-13.641666666666666
280468ef-134d-4568-87f2-e97c8f8d61db,86.26,55.62,55.32,69.81,2.37,20.8,71.97,0.973,2,62.48,1,2,1,55.47,0.27912,0.7099999999999937
9f54333d-a8c7-4101-9208-a8f5cd924706,71.54,76.42,81.37,79.12,3.23,32.5,65.24,0.725,3,79.86,1,0,3,78.89500000000001,0.23979499999999995,12.556000000000012
8f94f3f2-8778-4783-9e56-7d887ba6a0b2,98.95,59.47,61.76,74.76,2.92,18.6,90.2,0.1139999999999999,2,68.7,1,3,2,60.614999999999995,0.19807499999999997,4.806250000000006
ad6e9ff8-a0f2-4751-97ad-184b52d31a49,73.73,72.64,67.74,58.79,2.81,21.4,70.54,0.157,5,65.16,1,0,2,70.19,0.31814,-8.247000000000007
ad1b1320-a076-46b5-bd0c-e6eb6f9d1b36,69.41,65.46,46.22,58.92,2.35,18.2,93.08,0.5690000000000001,6,59.24,0,0,1,55.839999999999996,0.37807999999999997,0.7237500000000026
c3b65080-69bc-47dc-8bdd-76e9aaa6bd76,80.17,79.71,76.03,74.94,3.78,27.8,76.84,0.414,2,70.93,1,1,3,77.87,0.22088999999999998,6.167999999999992
62e5ea84-30a0-47c5-aeb5-679627f93656,82.86,80.51,70.51,72.14,3.07,16.9,76.62,0.7929999999999999,2,68.96,1,1,3,75.51,0.22561,10.8125
5f9deb8a-b471-4adb-b8d7-c7d80defd2c5,94.14,73.65,66.54,69.0,2.05,20.7,76.4,0.883,8,67.55,1,3,1,70.095,0.20615499999999998,3.299090909090907
eb4af5ad-b4ad-423f-af37-4aa8911ed2d2,83.22,61.48,61.81,70.47,2.71,25.4,79.91,0.515,6,64.11,1,2,2,61.644999999999996,0.270775,7.219999999999999
1fb8c2e2-36ac-4713-bd91-fc882f773b0b,68.46,74.43,64.04,85.35,3.36,28.4,83.22,0.8320000000000001,4,69.21,1,0,3,69.23500000000001,0.26240500000000005,18.1875
72756994-95f5-492d-a313-8ef9d45255d0,79.15,50.6,56.0,67.16,2.87,25.0,62.52,0.8539999999999999,7,63.16,1,1,2,53.3,0.32202,5.507187500000001
95f8f717-06d5-4c7c-9a2a-bc0d832bdb31,83.14,92.8925,86.67,88.37,4.0,24.7,75.29,0.905,7,82.87,1,2,3,89.78125,0.13298625,19.9375
a3041a7b-0ddc-439e-8e5a-a81f9808218d,70.22,69.05,75.99,75.05,3.5,25.3,72.27,0.562,4,71.62,1,0,3,72.52,0.27641000000000004,9.789999999999992
c82ba224-d163-41eb-aad0-3d4dead5b6c3,68.4,67.99,64.32,64.84,2.85,28.2,84.02,0.237,5,68.07,1,0,2,66.155,0.33341499999999996,-0.8355555555555583
717094c5-791d-4b67-bc61-ea159bcf7de0,90.16,71.38,71.62,71.23,3.65,24.1,79.36,0.7929999999999999,4,70.18,1,2,3,71.5,0.21116999999999997,9.902500000000003
a7ad6d79-ab9b-4802-acae-324be17e867b,77.54,56.28,58.49,50.24,2.81,26.3,90.93,0.673,1,61.11,1,1,2,57.385000000000005,0.36696499999999993,-12.971666666666664
1d553276-b49d-4297-add5-a705f0916ba3,90.82,45.69,58.07,50.84,2.1,15.8,95.15,0.7969999999999999,5,58.6,0,2,1,51.879999999999995,0.32856,-11.728181818181817
f937fb53-c0d5-4e4a-a6e2-b815be8ce0d3,70.44,58.31,56.36,48.7,2.39,16.8,83.24,0.284,1,60.29,1,0,1,57.335,0.400135,-16.83
30fa4820-d64f-45b5-9e7d-0c6a047ed4c4,84.73,79.0,70.89,70.67,3.28,17.8,89.5,0.963,5,68.91,1,2,3,74.945,0.22423500000000002,10.878333333333337
8b69d96a-a439-4265-a68f-b21c0a50dcf2,85.38,43.22,44.25,44.71,2.12,15.7,76.42,0.965,7,47.82,0,2,1,43.735,0.393145,-24.11166666666667
5f69073f-1824-4684-9b3c-acdb9232d724,82.23,69.39,69.92,73.39,3.12,21.4,83.79,0.794,7,71.99,1,1,3,69.655,0.24194499999999997,10.118571428571435
ed7f3c81-fc18-4b60-8e8a-34d6d306449c,74.51,55.89,58.31,56.28,2.89,25.2,77.11,0.957,3,60.23,1,0,2,57.1,0.36182,-1.7166666666666686
e2f7b9bc-5004-4581-b1b3-cf19891131ae,98.05,86.11,85.19,93.53,4.0,27.0,75.81,0.186,3,87.97875000000002,1,3,3,85.65,0.07025999999999999,27.75
f9379cec-212f-49bf-9d1b-790b4a44ab5e,88.56,70.36,62.49,63.39,3.11,26.9,82.74,0.6809999999999999,1,70.95,1,2,3,66.425,0.25631499999999996,-9.974285714285713
9b4183c1-9a68-4dfb-81fd-cdd702365d71,93.31,72.1,72.85,70.03,3.34,19.3,81.58,0.318,5,72.75,1,3,3,72.475,0.199245,6.643333333333338
b5010b8e-78cb-47cb-8e9f-d003d8a85155,66.34,55.69,56.85,64.8,3.03,20.0,83.61,0.599,4,60.75,1,0,3,56.269999999999996,0.37143,-0.11400000000000432
bddef111-628c-496e-87ea-438ebbab4827,80.52,56.98,52.58,60.88,3.19,15.6,79.5,0.67,7,53.23,0,1,3,54.78,0.33094,-1.4833333333333343
a69ef827-dc96-45b8-8489-57e6c49e1160,91.93,59.02,56.43,60.82,2.45,22.5,93.75,0.4059999999999999,2,64.83,1,3,1,57.725,0.276645,0.5183333333333309
9febad4d-76f3-47a5-b098-1a12575eaec1,94.27,62.28,68.81,70.09,2.8,25.5,81.84,0.579,4,69.84,1,3,2,65.545,0.216015,2.161428571428573
378c685d-cabe-4f5e-b6aa-52144f4fbff2,71.83,63.59,62.61,71.01,2.7,28.6,71.3,0.627,6,68.06,1,0,2,63.1,0.31034999999999996,0.804000000000002
95d3b7e0-5ef8-44d1-aa61-e15caba6741c,66.74,77.75,87.85,70.61,3.5,29.2,78.07,0.893,1,69.54,1,0,3,82.8,0.27281,6.842500000000001
d64a674f-07a8-4ef6-aec4-5c33c59a2d54,84.66,63.8,63.61,59.8,2.74,27.2,71.36,0.772,8,66.21,1,2,2,63.705,0.2908450000000001,0.046666666666666856
aa5dd7bc-43f0-4b55-ab5a-e941d7abab11,76.15,53.29,51.52,58.18,2.59,22.5,79.33,0.721,1,57.41,0,1,2,52.405,0.36364499999999994,5.407499999999999
b5504fc9-9468-47a3-9db8-727d2c51b1dd,95.98,71.27,74.65,72.36,3.08,20.4,82.06,0.4549999999999999,2,71.94,1,3,3,72.96000000000001,0.18011999999999995,-1.9750000000000085
5afb7c93-1f3d-4d1e-8c6f-23f4b9868a57,96.84,58.51,67.73,58.21,2.09,20.5,100.0,0.519,3,69.07,1,3,1,63.120000000000005,0.24864999999999995,-6.568571428571424
ee5cebb2-bcad-4324-99af-cd881dcd105a,80.82,68.06,67.68,63.36,2.94,24.8,83.42,0.316,5,70.55,1,1,2,67.87,0.28302999999999995,-0.045000000000001705
8135f04a-0797-40c6-9a1a-6a76c0e3c254,87.88,62.48,54.03,59.88,3.13,22.3,88.99,0.257,3,67.67,1,2,3,58.254999999999995,0.2940750000000001,-2.654285714285713
b1fd8a64-2ef8-42ea-8a6f-8a5c471b77e7,75.77,64.51,64.69,70.86,3.08,23.8,59.25,0.6940000000000001,1,67.95,1,1,3,64.6,0.29054,10.256
c1b7ccf9-df96-447d-bd88-14cc841b93ee,91.55,56.62,69.81,60.64,2.57,24.5,76.05,0.448,8,61.64,1,3,2,63.215,0.262235,-6.99199999999999
6cb95cf1-49c0-48a1-b7b0-a345e85a9d25,97.95,78.27,70.92,69.68,3.45,20.6,82.69,0.298,5,73.9,1,3,3,74.595,0.17537499999999998,-1.6042857142857088
8b00f8d3-b7af-40ce-8488-c9d8e7bfc43c,87.41,63.5,60.57,64.77,3.21,27.7,82.93,0.692,4,69.3,1,2,3,62.035,0.26994500000000005,-1.2319999999999993
0864daae-8525-44fc-9536-797556e8c8d1,97.76,62.92,67.53,57.77,2.92,23.4,84.08,0.563,8,66.79,1,3,2,65.225,0.23997499999999994,-13.65999999999999
0c384053-4fa3-4e58-9c83-8c64804a46ac,82.0,62.6,67.33,62.49,3.15,23.7,73.29,0.499,2,66.81,1,1,3,64.965,0.289635,-8.556666666666665
88b34a55-7466-492c-b537-cde8fb4338c2,83.06,49.38,49.02,54.59,2.52,15.5,83.15,0.725,6,50.46,0,2,2,49.2,0.35639,-11.97399999999999
e1ab1c23-3709-47b1-baed-ad4f8743a625,95.23,62.06,62.81,61.78,2.56,27.7,80.15,0.5429999999999999,5,67.91,1,3,2,62.435,0.24643499999999996,-8.759999999999991
ea31ae41-8896-427b-b4ae-999070b27947,93.78,54.48,41.17,55.47,2.26,23.3,95.24,0.71,4,52.58,0,3,1,47.825,0.31499499999999997,-12.84041666666667
1cee7416-e0bb-4942-bf37-776da655d765,80.5,86.69,78.81,80.98,3.9,24.6,82.43,0.288,5,78.42,1,1,3,82.75,0.18681,9.050000000000011
25aea941-1606-41eb-ab55-e4a5846799f8,92.71,68.16,76.03,69.22,3.06,26.7,80.17,0.199,6,73.76,1,3,3,72.095,0.20521500000000004,3.0660000000000025
48e6d8be-de8b-426e-b7a7-098206f5810c,66.7,71.65,69.82,73.24,3.02,27.5,68.7,0.356,7,71.6,1,0,3,70.735,0.30127499999999996,10.607499999999995
043e4b18-807d-436a-a6b0-34a2ef190665,72.13,62.1,67.57,64.32,3.89,22.2,83.39,0.3419999999999999,3,66.12,1,0,3,64.835,0.32401500000000005,-0.28142857142857736
99207f9b-7938-4018-8aaa-1046669fefe5,92.37,80.54,71.69,68.17,3.16,17.6,81.86,0.411,2,72.53,1,3,3,76.11500000000001,0.19766499999999992,5.037500000000001
bde01d9f-d3e1-43bb-aecc-5d947054d8a0,73.79,82.55,72.05,64.24,3.12,18.4,80.25,0.899,2,66.99,1,0,3,77.3,0.28021999999999997,-2.134285714285724
3924af1e-b8a9-4334-a6fd-4b1d0c5415f5,76.81,58.75,56.34,58.53,2.44,25.8,82.47,0.469,8,65.69,1,1,1,57.545,0.344535,-10.578000000000003
f51cba36-dd28-490b-8b74-0df609a6c2d9,83.44,50.96,42.82,50.84,2.4,10.6,85.88,0.614,1,53.3,0,2,1,46.89,0.37305,-10.497999999999998
6049c6a7-1a9c-4022-9e17-9937a2e2be5e,78.94,59.69,61.33,69.49,2.86,21.1,81.64,0.95,7,58.86,0,1,2,60.51,0.29424,1.534444444444432
fdfd0d00-f1b3-4f03-8af1-613d8e7e26da,83.0,73.13,75.07,68.81,3.23,23.0,87.89,0.7969999999999999,6,71.23,1,1,3,74.1,0.23926999999999998,6.241818181818182
c8ea61f2-8fe9-410b-8594-c2572f234b03,83.8,71.76,64.54,69.6,3.84,20.8,67.86,0.977,8,66.46,1,2,3,68.15,0.25155,16.929999999999993
64e8fa41-9591-4dab-ba35-d672cb209487,79.22,50.97,50.18,52.85,2.31,14.9,58.80000000000002,0.631,7,50.98,0,1,1,50.575,0.3728449999999999,-8.594166666666666
29be8d25-071b-4b57-b37d-0892ce557db3,91.36,71.07,63.08,73.0,3.31,27.6,75.98,0.534,8,73.25,1,3,3,67.07499999999999,0.21433500000000003,8.435000000000002
04afc30d-0a1a-4734-a178-1a4e49364046,89.24,79.07,81.95,59.48,3.36,28.0,90.46,0.491,3,75.34,1,2,3,80.50999999999999,0.22307000000000002,-1.9922222222222246
d415ba8b-ae5b-424b-8422-536483512fe9,84.75,68.89,70.72,59.08,3.27,21.7,85.52,0.384,3,69.22,1,2,3,69.805,0.27434499999999995,-10.198999999999998
b97f72f9-e1b2-4c46-bd8c-c9088330b407,85.78,73.94,80.17,80.62,3.39,29.9,68.83,0.554,6,79.6,1,2,3,77.055,0.18385499999999994,11.917000000000002
cbdd1c3f-3d80-4005-8d73-ae074a9b4d2e,72.45,53.26,56.26,58.12,2.62,18.4,81.26,0.384,7,59.65,0,0,2,54.76,0.37156,-11.158999999999999
8b70a8a9-5b3b-4642-bc46-2d5bfb14b232,79.7,54.72,67.97,56.35,2.96,15.4,90.85,0.938,6,62.04,1,1,2,61.345,0.32811499999999993,-2.604999999999997
d394e6c5-7916-4e71-949f-47d737164f8c,77.05,75.99,77.23,78.34,3.8,20.8,76.8,0.283,8,76.01,1,1,3,76.61,0.22695,9.312000000000012
326f188c-30ef-43f6-8ec7-9d6bd1feff4e,88.96,57.42,57.21,51.75,2.25,15.9,78.19,0.1689999999999999,3,60.01,1,2,1,57.315,0.316965,-11.135714285714286
95faa752-a7a1-4597-bbe1-4d3a7386fe5c,75.22,55.65,65.99,58.16,3.02,28.4,83.45,0.393,4,63.76,1,1,3,60.81999999999999,0.34218000000000004,-2.7657142857142887
e8fd7ad2-014d-4a31-b1fa-bb528c5c5afe,69.14,63.65,57.76,67.53,2.82,26.5,81.94,0.5820000000000001,6,63.42,1,0,2,60.705,0.338735,2.518749999999997
f5ab36d3-ef97-42a7-8bf3-7fa6266d25a6,73.77,60.25,59.85,78.28,3.28,27.9,85.45,0.687,2,67.29,1,0,3,60.05,0.28993,7.353750000000005
5d67b907-ad24-48a0-9b7c-e90b54816eb6,92.07,67.85,61.34,70.91,2.68,19.5,77.99,0.224,8,69.56,1,3,2,64.595,0.22520500000000002,10.599999999999994
b8ee53ab-0ac0-4687-93fc-ca14929d0518,87.02,64.52,64.34,72.31,3.15,26.8,88.18,0.399,7,70.58,1,2,3,64.43,0.24169999999999997,4.338333333333338
7469f9ed-3075-4510-9d00-e1d9ce0d071b,94.25,60.2,59.27,50.65,2.7,17.9,75.59,0.399,3,60.03,1,3,2,59.735,0.291845,-17.321666666666665
ce4589fe-c8c5-4b5e-8399-3804982c0a3f,96.09,76.92,76.86,76.68,3.13,25.9,76.89,0.231,6,80.92,1,3,3,76.89,0.15492999999999996,17.811666666666667
efc1a65f-6036-4635-b744-83d48429bf2c,74.07,72.38,83.07,74.81,3.72,30.3,89.16,0.945,8,69.93,1,0,3,77.725,0.24611500000000003,3.2628571428571433
7e4dea56-150d-48ba-b639-9f8bce4d51a3,84.14,61.68,65.17,64.72,3.16,28.5,92.97,0.592,3,67.45,1,2,3,63.425,0.279005,-0.09874999999999545
ec08fba9-92ea-474b-b178-9de3370a8b93,84.79,52.32,51.15,52.68,2.91,15.0,80.84,0.72,7,52.5,0,2,2,51.735,0.34759499999999993,-12.205000000000005
224ca897-ddc0-4b89-9741-333c225f5bd9,97.36,63.48,57.26,54.56,2.48,23.3,81.27,0.465,3,64.49,1,3,1,60.37,0.26577,-10.168571428571425
22d95080-36e9-4d41-9376-992b6a20c76b,66.44,67.87,62.07,71.76,3.36,21.9,79.33,0.581,3,67.15,1,0,3,64.97,0.32405,2.5088888888888903
23369b8b-3946-41f3-b95b-dd2c4bbd9eba,67.31,64.26,51.68,51.89,3.01,21.9,74.8,0.769,8,56.68,0,0,3,57.97,0.40118000000000004,-6.936
f5d7716d-5954-453a-968c-22f7594fb0cc,91.04,65.53,67.57,59.87,3.06,18.3,77.56,0.7230000000000001,5,64.69,1,3,3,66.55,0.25658,-2.530000000000001
edbbec52-97a5-42d4-abca-c49b584a4a4a,77.78,81.83,70.21,83.67,3.6,25.2,74.09,0.262,2,73.35,1,1,3,76.02,0.20981000000000002,21.83
305f4762-c495-4458-b8a0-ee89f0caa99c,67.69,72.11,66.29,74.69,3.53,21.2,76.08,0.827,6,72.87,1,0,3,69.2,0.29757,8.007142857142853
1b6fe0d5-8d3a-446b-a5cc-750d7121246f,86.2,47.85,49.02,48.39,2.93,14.0,81.07,0.189,7,56.03,0,2,2,48.435,0.36472499999999997,-8.769999999999996
2cc9b696-fc7a-40b3-860b-9c8740b60a2d,67.02,58.26,64.34,60.83,2.73,26.6,82.08,0.77,3,56.81,0,0,2,61.3,0.36553,-3.2325000000000017
b4d25e81-d124-4576-bc75-2da823a59425,97.26,70.37,63.01,61.65,2.65,17.8,72.6,0.497,6,66.08,1,3,2,66.69,0.22594,-2.914285714285718
94b21e30-38c4-46f9-9c0e-29195fcaf9ec,71.7,64.03,76.74,70.58,2.92,30.8,73.21,0.92,8,72.45,1,0,2,70.38499999999999,0.29030500000000004,6.293750000000003
e4fc420a-6194-4a13-9bf2-590c46896675,88.18,45.94,48.88,46.26,2.63,13.4,78.69,0.1699999999999999,1,52.92,0,2,2,47.41,0.36626999999999993,-12.504166666666663
bf409229-f050-4636-9660-daed38f5e221,94.78,85.1,87.75,76.14,3.55,26.6,70.39,0.576,5,77.23,1,3,3,86.425,0.133185,19.550000000000004
0e19dc71-c587-433f-a519-2c01784f2e55,81.64,58.11,67.83,58.87,3.09,19.7,79.97,0.825,8,62.48,1,1,3,62.97,0.30792,0.942857142857136
c09ddba2-aea0-4082-9ae7-4c1cada63365,98.3,64.51,58.35,45.46,2.7,20.4,75.08,0.11,2,65.48,1,3,2,61.43000000000001,0.28613,-15.27428571428571
39b26282-7fdd-4385-8aac-b60e3544a852,66.6,72.36,64.44,77.48,3.19,28.5,81.22,0.417,7,73.55,1,0,3,68.4,0.29596000000000006,12.88000000000001
465a690b-2924-4ab6-b8f0-0d4b1b0141c4,84.0,79.5,61.37,66.12,2.34,27.2,77.59,0.787,3,65.93,1,2,1,70.435,0.254335,-4.201428571428565
7ccb12cf-7aa3-45e1-a63a-095b4ca9bad9,97.7,71.63,65.65,72.22,2.82,19.0,72.75,0.3379999999999999,4,69.36,1,3,2,68.64,0.18661999999999998,15.893999999999998
ad134561-2a28-40c5-821e-b83d7464dc62,95.3,73.7,79.28,76.66,3.1,24.4,79.3,0.438,1,76.13,1,3,3,76.49000000000001,0.15935,2.6233333333333206
622ee981-c28b-418f-a0a0-c7c850808299,92.47,75.88,76.72,69.87,3.3,28.7,78.91,0.237,3,77.74,1,3,3,76.3,0.19160999999999997,4.194444444444443
ea8b1ba5-4a56-46c0-a4b3-201aa2ced08c,83.1,66.89,73.55,71.52,3.03,27.9,84.23,0.678,7,78.02,1,2,3,70.22,0.24238000000000004,12.609999999999992
0cd4f0f3-3304-42fa-979e-5fb99673d71a,94.34,65.61,67.95,70.2,3.14,21.3,84.14,0.925,2,68.49,1,3,3,66.78,0.21169999999999997,10.446666666666665
6855d750-d16a-433a-b19f-6d4bf58d577b,78.13,39.28,35.681250000000006,47.39,2.38,19.5,61.25,0.727,6,47.89,0,1,1,37.480625,0.43286812500000005,-21.191999999999993
23d14e79-2a0e-4981-96e4-acdc5fa931c6,77.05,58.0,71.78,68.27,2.62,16.8,79.2,0.849,8,64.55,1,1,2,64.89,0.29231999999999997,9.081428571428567
33c1f731-d95d-4939-8a1d-dbad9963e91f,81.76,52.94,55.99,59.95,2.91,25.7,81.29,0.161,5,59.22,0,1,2,54.465,0.329715,-2.7516666666666723
85e3771c-fbe6-45cf-a30b-20fdcf24e849,83.81,61.92,61.35,58.13,2.51,22.8,70.99,0.292,3,68.09,1,2,2,61.635000000000005,0.30546499999999993,-8.449999999999996
615b1a3e-def3-4941-96f1-7f7de5093af1,72.95,85.54,78.92,82.73,3.84,30.0,85.32,0.5730000000000001,6,72.94,1,0,3,82.23,0.21331999999999998,16.757999999999996
ee6e1b31-a4e6-420d-8398-a10234540ec8,76.84,55.02,55.02,54.62,2.55,26.7,80.56,0.506,2,60.98,1,1,2,55.02,0.36372,-8.383333333333333
392328e9-e6be-4b4b-b4b0-ef7187784577,82.1,71.91,77.37,66.95,3.44,22.8,81.3,0.387,4,77.72,1,1,3,74.64,0.24683,0.45666666666667766
ff155d5b-c2e9-4777-b831-3303736170bc,85.02,67.47,57.69,65.99,2.64,17.3,91.69,0.352,5,66.3,1,2,2,62.58,0.27421000000000006,-0.6020000000000039
ead2c993-bec5-47c9-b86d-a745608f0562,66.42,73.42,75.66,75.17,3.42,22.5,78.67,0.112,8,74.64,1,0,3,74.53999999999999,0.28519,6.128571428571433
48664e09-c559-4ed3-9e55-b16bfcbcb891,94.02,75.48,60.64,55.17,3.1,18.3,65.95,0.31,2,66.74,1,3,3,68.06,0.25423,-9.047142857142859
2bf697c8-05c3-4630-b3ea-228cd4dcc897,93.08,85.67,78.9,86.34,3.66,32.8,83.47,0.3259999999999999,7,83.34,1,3,3,82.285,0.121805,19.726666666666674
cab3a4ee-7954-46cb-bd24-76506d3fdcef,83.62,63.41,65.79,67.72,2.89,17.0,77.68,0.1389999999999999,6,64.88,1,2,2,64.6,0.26856,2.0060000000000002
3ca26713-c041-451f-a43d-1c8ab5da276c,81.9,46.87,46.39,55.11,2.47,20.1,81.3,0.65,8,57.51,0,1,1,46.629999999999995,0.36717999999999995,-7.808750000000003
ac533513-fa59-4712-81e8-ad6b1b6c8716,81.12,58.94,60.27,70.06,3.07,28.3,95.22,0.622,6,67.15,1,1,3,59.605000000000004,0.286525,6.800000000000004
d55e595e-f107-4575-b875-48dd51106f80,85.9,44.35,36.19,43.07,2.0,18.5,73.03,0.314,1,47.06,0,2,0,40.269999999999996,0.40637999999999996,-19.539999999999992
af0fba6b-d628-4c3b-9607-a5a67328ab64,96.3,65.96,65.72,68.17,3.06,25.8,75.17,0.918,1,72.46,1,3,3,65.84,0.21277000000000001,5.323333333333331
5677daa7-5346-4163-a6c3-611c134c648e,93.98,74.97,80.01,77.31,3.44,18.8,90.62,0.558,2,75.39,1,3,3,77.49000000000001,0.15967999999999996,9.858571428571437
3d48d7f3-4b51-41f3-96eb-8f634ca64b35,78.56,70.89,81.88,70.35,3.06,19.2,75.71,0.584,8,67.32,1,1,3,76.38499999999999,0.24555500000000002,-1.5416666666666714
c3367f7f-a865-4208-97fb-e821991c63b8,89.05,53.35,41.51,58.98,2.73,18.0,76.53,0.124,5,61.92,1,2,2,47.43,0.32457,-1.2383333333333368
2272c4a2-0b3d-4ad3-a497-7c193b159fcc,73.22,62.62,58.09,59.82,3.13,24.0,82.63,0.808,6,56.97,0,0,3,60.355000000000004,0.346595,-7.358333333333327
a2bd8a74-7c58-46ee-86da-04f67557d42f,75.22,67.67,65.17,77.04,2.89,24.7,62.19,0.106,4,68.51,1,1,2,66.42,0.26874,18.7188888888889
5ac32c00-4df3-476d-9767-1ebf6213c9be,96.65,65.04,71.09,58.16,2.8,29.2,78.25,0.285,8,74.95,1,3,2,68.065,0.234725,-5.208333333333336
7c3f155e-5a7e-4dc8-83a3-668c57d876a0,96.58,68.83,86.7,79.68,2.83,18.9,74.33,0.77,3,76.55,1,3,2,77.765,0.141345,15.617500000000007
ca02948c-4570-462d-a7b8-a08e381684e8,89.69,60.51,67.91,61.29,2.54,25.6,79.11,0.7969999999999999,3,67.93,1,2,2,64.21,0.26474000000000003,-1.278181818181821
09aa9ab6-d75c-41e8-8cc4-eb9296c7e09d,97.16,72.09,70.08,62.61,2.77,19.2,73.16,0.563,1,68.03,1,3,2,71.08500000000001,0.21027499999999996,-8.819999999999993
9790e91f-77d3-4cfa-9f7a-790046b80fa9,96.34,78.14,64.13,63.24,3.01,22.9,82.77,0.4589999999999999,2,70.63,1,3,3,71.13499999999999,0.21151499999999998,4.844999999999999
508d13f2-a4d0-4d01-96e1-62de8633825f,84.28,59.09,59.3,53.41,3.15,24.4,92.82,0.6940000000000001,2,59.6,0,2,3,59.195,0.32506500000000005,-7.194000000000003
b7b12e47-ed99-4fd8-b601-ea12ebebe236,75.37,71.41,65.93,69.91,2.81,17.0,94.71,0.217,5,70.41,1,1,2,68.67,0.28278,11.971428571428568
2f1d68ca-dabe-40cb-86e4-739fbb45f0c8,88.83,92.8925,80.1,90.28,4.0,25.0,77.21,0.592,5,75.46,1,2,3,86.49625,0.11435124999999999,25.461250000000007
8dbfbea0-275b-472f-a83d-967c417809ec,83.6,55.33,51.96,59.64,2.41,19.2,72.54,0.662,6,62.36,1,2,1,53.644999999999996,0.325745,-0.9350000000000023
ec20f808-bed9-4839-a79d-3af44a408353,68.8,39.9,49.83,50.96,2.18,24.0,81.14,0.7769999999999999,8,53.72,0,0,1,44.864999999999995,0.437325,-6.223333333333343
e7d500b7-1470-4040-8abf-0c0df81bed77,72.16,60.14,42.44,64.99,2.96,22.0,74.69,0.134,1,55.79,0,0,2,51.29,0.36252,-2.3671428571428663
13b3ed34-63c9-4e61-8592-342f0e666276,92.1,68.98,70.09,64.2,2.84,19.3,72.64,0.541,2,71.11,1,3,2,69.535,0.23039500000000002,-5.381666666666661
4478a57b-8d37-49d0-ab15-59b070dda391,83.1,65.37,58.14,67.26,2.87,20.7,93.62,0.5740000000000001,5,63.29,1,2,2,61.755,0.280555,0.4025000000000034
497cb537-cddc-484f-acae-bf3f0acc980e,93.46,64.83,71.57,76.05,3.49,29.9,85.36,0.206,1,78.74,1,3,3,68.19999999999999,0.19341000000000008,11.489999999999995
c11c6b63-818e-49f4-a6c4-ce64bc934ba6,92.45,90.08,79.54,90.1,3.36,29.1,81.06,0.111,5,82.58,1,3,3,84.81,0.10547000000000001,23.09285714285714
9c0d3676-d379-44de-ab8f-34d9a1ffa975,75.45,56.94,51.91,51.79,2.88,22.6,75.73,0.1699999999999999,1,60.04,1,1,2,54.425,0.37955500000000003,-6.974166666666662
ac419086-6d8f-4b9d-bda8-c093691f8ece,66.2,79.79,88.34,87.81,4.0,31.2,83.51,0.584,3,78.9,1,0,3,84.065,0.219575,15.918333333333337
780a9537-7f17-4577-85b4-5ae0c8037092,66.78,77.75,72.68,76.8,3.93,32.3,85.52,0.4389999999999999,1,78.77,1,0,3,75.215,0.276835,10.159999999999997
0da6c1df-d251-4482-acb4-790a991f49a9,66.36,74.55,78.16,92.21,3.87,29.5,71.67,0.853,3,76.15,1,0,3,76.35499999999999,0.2288650000000001,24.76571428571428
e0385121-d8ec-4dc8-b927-5abace7e7b7f,68.35,59.58,59.67,67.91,3.16,26.8,78.25,0.6990000000000001,4,66.16,1,0,3,59.625,0.34399500000000005,8.267499999999998
a36feb71-8b6e-43c8-9c78-c5dbfbb7d932,89.31,68.92,62.62,71.27,3.21,27.4,96.0,0.77,8,69.32,1,2,3,65.77,0.23164,7.207499999999996
9d095b67-eeb9-4d38-b6cf-f203f3e18285,73.77,55.33,57.73,54.64,2.69,14.6,85.38,0.997,2,56.72,0,0,2,56.53,0.37140999999999996,-11.265
1cfeae01-da20-4e71-b647-89a29bfbd89e,90.65,65.97,53.8,63.25,2.4,18.4,84.33,0.5940000000000001,1,63.28,1,2,1,59.885,0.267995,-0.5787499999999994
5540f9f1-7908-4dbc-872c-7bcfb22abb55,71.99,61.46,56.57,51.95,2.77,18.6,71.53,0.612,6,55.49,0,0,2,59.015,0.37914500000000007,-13.736000000000004
30400a9c-4947-4753-8ae3-9f280f728fed,85.4,52.77,62.55,59.94,2.65,23.2,73.34,0.92,2,65.11,1,2,2,57.66,0.3056,-4.346249999999998
afa187a0-644f-42f7-96d2-154284420263,71.73,73.3,65.39,64.11,3.26,20.2,65.77,0.1659999999999999,5,65.88,1,0,3,69.345,0.312715,3.6925000000000026
26333bd5-1ee9-43a8-afbf-d89a98cabe92,73.61,77.1,75.65,65.6,3.8,25.0,78.43,0.644,5,65.53,1,0,3,76.375,0.279635,1.1066666666666691
bec5e68c-21d9-4708-8015-d89b5602678b,66.59,80.03,74.8,80.49,3.24,28.4,78.23,0.242,8,72.33,1,0,3,77.41499999999999,0.259925,22.019999999999996
16e3ab84-f7aa-46e8-b153-d19ded74c49d,69.03,62.62,59.29,53.18,2.21,25.7,80.05,0.1399999999999999,8,63.57,1,0,1,60.955,0.381475,-5.881250000000001
61f4bd60-3148-4b09-9893-297a069c72d2,76.96,62.33,64.79,74.83,3.15,17.8,79.29,0.109,1,70.61,1,1,3,63.56,0.27699000000000007,17.67479166666667
0144fd1e-6118-4577-af17-d1fc18893e12,92.91,61.62,64.31,62.51,2.68,23.1,71.68,0.247,5,66.33,1,3,2,62.965,0.251935,3.347142857142856
e4ff8ff7-0476-4b2d-a221-0fc96ee61584,66.31,73.01,65.56,77.67,3.93,30.4,72.59,0.137,1,76.08,1,0,3,69.285,0.29389499999999996,18.69166666666667
d86617fb-90b8-48b1-865d-8c337553ef4d,82.15,45.01,54.25,47.43,2.33,16.9,65.93,0.124,7,57.25,0,1,1,49.629999999999995,0.38022,-12.788333333333334
9403819c-5b6e-4eec-8325-9f4b54454591,85.15,73.01,67.55,60.57,3.17,21.5,79.94,0.4309999999999999,8,67.9,1,2,3,70.28,0.26685,-8.782000000000004
d6c7e337-e32c-40fa-85d6-d22b84bcee42,70.02,44.32,42.66,44.76,2.26,18.9,88.26,0.7190000000000001,5,52.66,0,0,1,43.489999999999995,0.45516999999999996,-16.637500000000003
8a5c1c6b-169a-4ce2-a44d-5d8d95b31580,85.63,58.29,53.05,62.09,2.74,25.0,96.18,0.953,7,61.75,1,2,2,55.67,0.3042,-10.04249999999999
795be056-5b68-4327-b667-76c036970d39,72.14,54.11,65.02,53.01,2.46,20.1,73.87,0.38,8,61.72,1,0,1,59.565,0.37371499999999996,-13.195454545454545
a2f5b046-f0bb-41bc-82cb-62577bfb14ab,90.16,69.97,69.52,67.86,3.33,18.4,79.02,0.243,6,66.59,1,2,3,69.745,0.226545,4.104285714285716
bbf75375-faed-4881-baf1-7c74a6f700a1,98.48,63.08,67.73,52.94,2.44,23.6,98.44,0.1659999999999999,5,76.87,1,3,1,65.405,0.25104499999999996,-7.477499999999999
38517993-9c06-448d-b6d1-a118eb8a74b3,98.77,74.02,72.94,71.63,3.53,29.4,86.9,0.104,7,80.41,1,3,3,73.47999999999999,0.16959000000000002,8.741428571428571
fd908013-4103-4907-a2b6-b32dae298db9,83.57,53.8,53.27,60.83,2.44,21.7,70.39,0.512,1,62.88,1,2,1,53.535,0.32262500000000005,-5.72999999999999
781f1f3d-2956-4538-bb34-299adc87b307,84.07,81.96,82.02,77.14,3.77,29.8,91.1,0.771,3,76.07,1,2,3,81.99,0.18633000000000005,14.088999999999999
a7ede7b1-0ea1-4f83-9a67-8682558aa6a0,98.6,59.27,55.12,60.0,2.75,24.7,79.36,0.379,7,66.61,1,3,2,57.195,0.25401500000000005,-2.6199999999999974
4e9d167d-cbca-4f7c-af16-c1ea8752ab1c,68.84,64.25,62.74,60.72,2.87,25.1,70.79,0.782,6,63.64,1,0,2,63.495000000000005,0.35199499999999995,0.47799999999999443
397cfb56-6c21-4334-96ac-9c5c83344226,66.79,65.46,57.58,66.37,2.71,27.9,94.3,0.666,2,59.47,0,0,2,61.519999999999996,0.34917000000000004,-0.25499999999999545
c3cccf3a-66ed-4690-96af-bae66ce42c6f,72.12,59.73,67.39,68.82,3.07,27.3,78.62,0.1629999999999999,1,65.62,1,0,3,63.56,0.31437999999999994,-1.4422500000000014
7170bd8a-4f04-484d-8ac4-f2c326c57ea7,81.88,64.88,67.88,60.68,3.09,19.2,75.7,0.359,6,70.66,1,1,3,66.38,0.2913,-5.619999999999997
463632b5-16d2-46c2-af33-95c7e291ed55,81.52,73.1,68.37,64.38,3.02,27.3,63.77,0.142,8,71.24,1,1,3,70.735,0.268575,2.4199999999999946
c4a8e1d9-7dbf-4c6f-b39f-6a7009c7233f,67.14,76.41,89.84,66.14,3.53,32.4,73.48,0.967,1,68.53,1,0,3,83.125,0.283645,1.6592307692307742
9961984a-58e4-430d-afa1-9be7a2c2f0ff,88.78,53.56,75.86,63.61,2.61,26.3,86.95,0.497,2,64.77,1,2,2,64.71000000000001,0.25992,-0.9542857142857173
fd2a1b5a-ef94-4af3-a881-a8975b639e6d,99.09,71.03,74.8,68.23,3.68,20.2,83.89,0.47,5,72.86,1,3,3,72.91499999999999,0.18020499999999998,6.925000000000004
6928482f-df2a-40d9-8bcc-2466d4331694,96.29,69.41,66.83,63.88,2.64,27.5,90.88,0.978,3,67.66,1,3,2,68.12,0.21883999999999992,-3.9074999999999918
8fb82271-5646-4fa8-b3cf-b127c0d77ce1,78.77,68.04,65.19,70.11,3.59,25.5,72.55,0.112,3,68.19,1,1,3,66.61500000000001,0.274745,1.0685714285714312
ef0b9adf-558d-47c8-a744-d3bc468f03be,94.2,69.32,78.64,63.59,3.12,27.8,76.57,0.948,1,75.82,1,3,3,73.97999999999999,0.21048999999999998,-3.183333333333323
0808085f-c0b1-464d-b3bf-c1f6c1ff035c,95.1,71.85,65.51,73.86,3.44,21.0,77.68,0.85,2,67.47,1,3,3,68.68,0.19198,13.291428571428568
6728bb64-3c0e-4fc7-b116-2b576ff396cb,84.58,83.15,82.55,78.71,3.94,30.4,85.66,0.304,6,77.12,1,2,3,82.85,0.17700000000000002,12.186249999999987
7ef9d3e5-06a1-457a-b08d-9f9eb6e6ed81,86.36,63.2,63.32,76.12,2.55,23.6,83.5,0.199,2,70.21,1,2,2,63.260000000000005,0.23641999999999996,9.966000000000008
40b743ea-21a0-4530-af2a-56a5fdd35e7a,87.59,65.83,67.01,74.27,3.18,17.6,63.73,0.951,2,65.11,1,2,3,66.42,0.22756999999999997,8.609999999999985
88adb155-985c-4927-80a9-1f10911c4f7e,97.83,44.62,56.51,47.06,2.53,14.3,87.47,0.891,3,59.9,0,3,2,50.565,0.315805,-9.814999999999998
2dc1a54f-55a1-489d-a7de-d91c73517713,82.54,54.79,50.64,40.59,2.0,20.9,71.0,0.721,7,48.36,0,1,0,52.715,0.3899249999999999,-12.182499999999997
38971b4a-67c0-4cd9-97d1-57db74016290,79.08,73.59,84.59,70.89,3.22,29.3,88.27,0.72,7,70.58,1,1,3,79.09,0.23373999999999995,6.0049999999999955
2a29c7a9-d00b-4abe-8458-85c3c4568b73,85.98,67.31,70.59,73.2,2.84,22.3,90.11,0.761,1,70.25,1,2,2,68.95,0.22962999999999997,3.267142857142858
bd26d9ef-59a5-4d1f-bad5-a45a4ccbe9c1,90.99,68.78,63.78,68.46,3.36,24.6,82.13,0.726,6,70.66,1,2,3,66.28,0.23182000000000003,-0.8757142857142952
75a1c21c-ec4f-467f-9bf6-e348b921b620,71.33,60.21,62.16,56.31,2.64,19.3,85.44,0.313,3,65.47,1,0,2,61.185,0.362195,-7.3487499999999955
bed75c4f-6699-421d-a68e-102c62c7b74e,75.97,70.22,82.43,73.24,3.56,20.3,75.15,0.817,7,75.59,1,1,3,76.325,0.247425,1.357777777777784
0c1b23b3-5253-49f1-a5a2-7af40626a1aa,97.01,60.15,74.54,62.78,3.11,27.5,68.36,0.92,4,71.38,1,3,3,67.345,0.22158499999999998,-1.5062499999999943
5efbfedb-ef9f-40c6-9067-90e7b46f5ae0,80.64,61.62,62.73,63.29,2.75,16.0,67.17,0.9,8,62.71,1,1,2,62.175,0.301045,1.2849999999999966
68ab9fc6-bc84-4446-9bd1-dd37daff0d61,84.01,77.43,69.26,80.56,2.67,18.4,82.82,0.606,7,78.23,1,2,2,73.345,0.20224499999999998,12.414000000000001
0840c934-2776-46e9-9390-1c91a293c42c,82.73,56.11,60.97,59.02,2.5,19.2,76.18,0.8140000000000001,4,59.24,0,1,1,58.54,0.3164,-8.06428571428571
004f5086-6c0e-47bd-aba2-6d5396ccc7cb,74.12,65.45,60.02,58.95,2.43,20.8,86.28,0.151,5,61.21,1,0,1,62.735,0.338465,-8.216666666666669
ca968459-dc54-4c6a-9565-9fbae512f888,98.08,51.02,45.87,50.35,2.38,17.9,79.05,0.22,8,55.36,0,3,1,48.445,0.311295,0.0
bf511c0b-c72a-4d76-8682-368b29026d46,95.56,62.8,59.78,45.12,2.36,19.5,70.35,0.513,5,59.74,0,3,1,61.29,0.29852999999999996,-16.440000000000005
1bfadd06-85bb-43d0-8f23-c2244a515e81,78.51,65.37,66.55,72.3,3.63,22.7,84.8,0.237,7,65.25,1,1,3,65.96000000000001,0.27118,6.6244444444444355
164b8f9c-ae43-469f-b23c-c7170b33b9d8,87.82,77.97,64.08,81.98,3.38,27.8,83.14,0.41,7,76.12,1,2,3,71.025,0.189705,12.545000000000002
93fb406c-6c1d-4640-8512-77f4bf5b2c55,79.37,76.25,70.86,78.39,3.09,28.4,98.05,0.581,2,72.5,1,1,3,73.555,0.22668499999999997,9.138888888888886
8cd47119-10ba-4824-a0dd-fa5b97efa054,89.35,80.99,67.33,65.47,3.18,27.5,76.16,0.184,5,73.32,1,2,3,74.16,0.22371000000000002,4.434444444444452
1f3c2803-b80c-4816-bf0f-a178fec8136b,70.74,61.7,53.6,64.76,2.17,20.7,73.89,0.928,4,60.44,1,0,1,57.650000000000006,0.34980999999999995,-5.508333333333326
d7332c86-dbd8-47c5-83c4-2fb6ce4a1077,91.37,67.53,75.55,67.41,2.9,27.4,79.43,0.314,4,70.79,1,3,2,71.53999999999999,0.21767000000000003,4.800000000000004
7f52bf99-3ff6-46b9-a874-640a949ace80,91.9,65.96,69.7,63.21,3.17,27.6,90.6,0.371,4,69.01,1,3,3,67.83,0.23927999999999996,2.856666666666669
b76fee2f-4136-4d03-97bb-cf69f48e821a,78.38,67.26,68.28,66.6,2.96,20.8,70.9,0.187,5,71.42,1,1,2,67.77000000000001,0.28337,1.0337499999999977
291f0755-2e31-44e6-a207-f6e231962592,71.26,62.13,73.35,82.72,3.4,24.8,86.33,0.615,2,71.51,1,0,3,67.74,0.26358,10.826666666666668
07f0e423-69d6-4ea4-be14-6908e464b9be,69.08,66.49,60.5,75.44,2.92,21.9,88.49,0.932,6,62.49,1,0,2,63.495,0.30687500000000006,11.51222222222222
d1f7bf2e-4b00-4368-8295-332238bf81dc,66.31,55.32,56.56,64.09,2.86,22.4,85.43,0.929,2,59.37,0,0,2,55.94,0.37467,0.005875000000003183
1b1d46f9-8f31-483a-b9af-f4b628a2842b,91.26,58.31,50.43,44.29,2.7,17.5,91.49,0.6519999999999999,7,53.68,0,3,2,54.370000000000005,0.33897999999999995,-17.363999999999997
c4bf6636-fcd9-4d94-ad9f-43da9f452ec4,73.48,48.84,35.681250000000006,45.82,2.52,15.7,71.9,0.217,2,49.9,0,0,2,42.260625000000005,0.44183812499999997,-12.118571428571428
aa3b5504-b197-450b-bf1e-7fd7ebc2624f,98.73,68.02,67.64,77.43,3.03,15.6,89.2,0.787,8,72.78,1,3,3,67.83,0.16929999999999995,7.108571428571437
41343085-6021-44bb-95c2-8cfaeb47f599,97.2,60.29,57.34,55.84,2.53,18.3,73.83,0.572,8,63.6,1,3,2,58.815,0.267235,-6.4339999999999975
5a6ec26a-ca15-461f-b8d5-e315178cc990,89.45,86.5,81.79,91.03,3.72,24.3,82.01,0.1389999999999999,1,85.37,1,2,3,84.14500000000001,0.11667499999999993,25.316000000000003
44fc4f3c-3d13-470b-98a9-de075ac5502d,99.38,70.2,78.54,57.83,3.44,29.2,71.64,0.152,7,76.47,1,3,3,74.37,0.20588,-5.098888888888894
b9fa760d-5dbc-4eb5-a635-6e835b4b3ecc,90.29,67.13,67.68,57.25,3.02,20.7,68.59,0.5730000000000001,1,60.25,1,2,3,67.405,0.26487499999999997,-8.722000000000008
f4437e02-c111-4794-a0da-c731258a5027,77.37,70.4,61.54,74.92,3.52,20.5,74.26,0.235,3,71.24,1,1,3,65.97,0.26785,13.746666666666677
6bf06471-1c5b-4177-9d4f-2bb89e02b416,81.92,75.77,63.92,71.08,2.61,23.1,76.42,0.54,3,69.27,1,1,2,69.845,0.24954500000000002,10.281666666666673
ae4f5f8d-f70e-49d2-b12b-dcded189dd62,92.61,72.9,69.21,73.18,3.4,29.1,79.28,0.658,3,69.8,1,3,3,71.055,0.19685499999999997,8.37444444444445
079909dc-0432-45bb-860a-bf828943cab6,99.18,68.42,63.0,59.34,3.07,27.0,78.84,0.5599999999999999,2,67.32,1,3,3,65.71000000000001,0.22812999999999994,-5.747142857142862
04819ac1-c67f-4451-9365-e31fdbe45567,83.11,83.96,87.79,83.4,4.0,28.6,90.39,0.521,4,80.86,1,2,3,85.875,0.159735,15.91000000000001
4f1596c5-b4cf-46a1-b66c-12062b333a91,85.56,78.22,80.37,63.42,3.18,22.7,79.61,0.937,3,70.11,1,2,3,79.295,0.22961499999999999,-0.9187500000000028
1ab08f84-6716-4408-8cb6-d7181d0785c6,83.1,60.63,61.16,65.72,2.26,21.7,77.27,0.407,3,63.62,1,2,1,60.894999999999996,0.287755,1.9500000000000028
5c5a3e92-ed08-4484-9989-baf8c181211e,88.23,73.88,60.37,64.31,2.94,25.1,71.02,0.1689999999999999,6,72.9,1,2,2,67.125,0.25277499999999997,1.4242857142857162
11059c2f-e7d0-40a1-8eaa-e4df9b29a4a9,82.58,51.78,43.47,50.28,2.53,15.9,79.35,0.339,3,57.21,0,1,2,47.625,0.375965,-9.001666666666665
c8e26f11-f2ad-4885-a507-0e82d6bb52fb,75.42,44.23,53.43,36.88,2.41,22.1,87.03,0.129,1,54.16,0,1,1,48.83,0.44118999999999997,-18.718333333333327
c6b2e4a8-6b44-467d-9b07-0e3be3ef1cdb,78.21,80.14,78.87,75.0,2.97,22.4,84.37,0.281,7,73.7,1,1,2,79.505,0.22364500000000004,10.155000000000001
dd059810-fac5-4fcd-ac1e-f5c7d8733ec4,83.82,73.5,73.87,64.14,3.17,28.7,84.14,0.651,3,71.24,1,2,3,73.685,0.251245,8.713333333333331
815fd825-001f-4aac-935b-8984029fa7f2,70.38,80.57,75.23,89.2,3.61,28.6,64.16,0.779,2,72.44,1,0,3,77.9,0.21718,13.700000000000003
07a87c9b-268e-46d5-98aa-a15539fd66d2,83.46,68.17,77.58,73.12,3.37,27.3,86.18,0.5940000000000001,7,74.86,1,2,3,72.875,0.22817500000000002,9.291250000000005
f089ae4a-383b-434e-b8b8-276e059c5e5b,79.01,70.57,58.55,60.23,2.58,19.6,70.93,0.5940000000000001,1,63.7,1,1,2,64.56,0.30959,-3.5987500000000026
71652a1f-7b30-44de-8d88-c3975c30c921,98.44,62.98,56.91,58.22,2.66,15.3,78.13,0.912,2,59.55,0,3,2,59.94499999999999,0.251745,-3.280000000000001
8e20aed4-556f-4a6f-ba1f-d3face6da9d7,87.8,82.21,61.78,63.24,3.31,18.6,85.27,0.5660000000000001,2,69.33,1,2,3,71.995,0.243095,2.5033333333333303
79cb8883-f0f4-4c5e-b0d1-4740303e1bc6,96.71,68.84,77.71,72.94,3.3,25.8,84.48,0.284,6,75.94,1,3,3,73.275,0.17451500000000003,7.409999999999997
e79dc0ba-cacb-407e-91ab-f3829c71faed,67.74,69.61,66.23,71.79,3.11,27.5,77.51,0.636,4,68.96,1,0,3,67.92,0.30991,2.587142857142865
223b8763-2bf1-4a5d-8129-037944ea716b,88.53,74.34,77.55,76.56,3.35,21.6,88.55,0.438,3,74.54,1,2,3,75.945,0.188365,2.5233333333333263
2b683e89-3cb8-47e2-a0f6-5e36383e88ce,89.3,48.29,54.51,41.93,2.59,13.0,87.37,0.982,2,52.0,0,2,2,51.4,0.36280999999999997,-22.639999999999993
09a5e82a-cfa4-4974-9ad5-3a94a36e8777,78.26,76.94,69.82,70.65,3.8,30.5,89.64,0.1139999999999999,3,77.48,1,1,3,73.38,0.25486999999999993,0.6962500000000063
ba3b83b5-5384-4200-b198-79e1e7e723ca,93.36,65.64,61.3,69.08,3.05,29.1,83.36,0.7809999999999999,8,74.02,1,3,3,63.47,0.22890999999999997,-3.552499999999995
722b1e4d-45f6-4cbd-8228-0e5fdaf3112b,79.96,67.17,60.57,60.0,3.12,16.2,99.08,0.8470000000000001,4,67.35,1,1,3,63.870000000000005,0.30855000000000005,-3.1983333333333306
b4f57d3f-9be5-4d1c-aae1-480745b3e335,86.23,86.99,83.7,79.39,3.39,28.0,78.25,0.89,5,73.49,1,2,3,85.345,0.160875,10.784999999999997
eefe61c4-cb80-436c-83ba-f1102c0bf946,96.42,71.91,55.72,65.8,3.23,27.8,79.13,0.6950000000000001,2,68.68,1,3,3,63.815,0.22547499999999998,3.7411111111111097
9a3f1b10-6fe8-4795-a16c-1efa42441ca2,96.41,85.74,75.84,72.27,3.06,20.5,87.85,0.53,8,74.4,1,3,3,80.78999999999999,0.15518000000000004,7.5049999999999955
95e2cdd6-2074-4441-9cf3-d8bc6bbe0d1a,80.86,52.86,56.78,62.56,2.5,16.4,61.98,0.208,8,60.61,1,1,1,54.82,0.32442,-7.930999999999997
723bddea-0c23-453d-a862-7cd4e9552eeb,98.7,84.43,80.52,79.66,3.65,25.7,85.58,0.533,6,79.68,1,3,3,82.475,0.118795,10.022857142857134
c1484dba-2b2b-4ed1-ad52-60ff3bbdc678,96.14,72.64,71.91,72.71,3.34,25.4,83.98,0.581,6,78.24,1,3,3,72.275,0.18048499999999998,3.458888888888879
dbe1a07b-de53-4bbb-aa8e-7e67425c96a8,98.96,92.8925,86.68,69.76,3.67,24.4,77.52,0.244,2,84.02,1,3,3,89.78625,0.12552125,-6.355000000000004
d80a0fff-7792-4a56-8f30-9976faf2ff66,94.78,52.36,55.87,50.75,2.24,18.4,80.84,0.385,8,59.64,0,3,1,54.114999999999995,0.306285,-4.865000000000002
df6087c7-86b3-4401-b200-1b0065412b40,72.44,73.45,78.11,55.79,3.4,16.8,80.63,0.571,2,64.86,1,0,3,75.78,0.31553,-7.733333333333334
10c9c7fe-3446-4c6e-8fba-f8bdac93b58d,97.65,71.38,72.1,76.91,3.0,29.5,74.84,0.387,4,77.95,1,3,2,71.74,0.16344999999999998,10.416666666666671
767ba4cb-e455-492d-af41-a4a277f1a999,78.55,73.76,71.27,64.11,2.8,18.3,90.2,0.65,7,69.46,1,1,2,72.515,0.27592500000000003,1.1912499999999966
5885679a-c2cf-4581-8ad9-c3633c506aad,76.37,42.74,42.04,33.97,2.15,10.6,79.5,0.227,3,47.82,0,1,1,42.39,0.46543999999999996,-16.560000000000002
65baf140-2843-436d-83c4-8bb0681b9865,78.31,74.81,68.55,75.99,3.01,20.4,78.27,0.356,2,70.23,1,1,3,71.68,0.24375,13.357499999999995
90f31ce8-6355-42ce-9e54-0da2b3af9ac7,85.05,62.86,64.63,59.53,3.0,17.0,82.45,0.302,1,63.6,1,2,2,63.745,0.28997500000000004,-3.892000000000003
c819014c-e4d9-413a-9688-19c3783a445b,97.36,66.78,64.86,67.51,3.04,25.3,88.57,0.5860000000000001,5,69.55,1,3,3,65.82,0.21057000000000003,0.7890000000000015
4df46a81-ac50-47e9-b87a-63b7a737c60d,97.07,82.93,93.09125,88.08,3.64,27.9,86.39,0.964,3,83.74,1,3,3,88.010625,0.08344812500000001,11.485
5ab7a17e-711b-4eab-bec8-b644af37b7ae,75.15,75.78,69.52,81.88,3.07,23.8,72.31,0.135,5,74.87,1,1,3,72.65,0.23580999999999996,15.760000000000005
11d2537a-a5ef-4717-b751-c097f0cf5a8c,87.14,58.86,63.36,64.28,2.76,25.3,83.31,0.771,3,58.73,0,2,2,61.11,0.27527,1.2289999999999992
217e48b3-4fe1-4a67-a3e8-4df70bd0bd0c,84.44,59.52,68.05,60.58,2.68,15.8,82.7,0.301,4,63.14,1,2,2,63.785,0.28914500000000004,-5.586666666666673
26e37924-8667-49b5-b18b-bd817f103987,93.01,86.11,86.99,84.05,4.0,32.0,77.02,0.301,6,80.88,1,3,3,86.55,0.11616,17.883333333333326
c6460dc1-8408-4f79-a54e-67900cf3ab12,97.87,61.15,61.94,59.63,2.7,25.5,85.87,0.231,3,68.28,1,3,2,61.545,0.24499499999999996,0.7616666666666632
b4be5d79-a9a6-479b-82c7-762fd69f44aa,90.65,53.88,59.66,51.91,2.71,22.4,79.94,0.808,8,59.04,0,2,2,56.769999999999996,0.31135999999999997,-15.26833333333333
fa38386c-5b91-4832-813c-9d3c4976c6cf,90.51,61.54,63.04,63.6,2.97,17.5,82.11,0.421,5,61.95,1,2,2,62.29,0.26028999999999997,-2.477499999999999
c5c08d19-aeb4-4d7a-8299-cfd83c6d7442,74.48,48.03,40.59,44.77,2.51,25.1,84.04,0.678,4,51.81,0,0,2,44.31,0.43483999999999995,-14.14
e5096be3-08e8-46fc-8ffe-ee53c2dff2ba,71.88,62.6,61.07,62.54,3.11,17.7,71.73,0.206,8,59.17,0,0,3,61.835,0.3393550000000001,-2.020000000000003
200bd7d4-90a8-4f27-9d0c-655d53344c7c,68.61,54.86,55.8,62.41,2.39,18.7,92.94,0.188,7,65.86,1,0,1,55.33,0.37234,-0.5000000000000071
c4b98d7d-0949-4170-9e9f-c0c992a1da66,95.74,48.24,51.42,45.37,2.22,12.6,73.47,0.102,7,58.36,0,3,1,49.83,0.33144000000000007,-24.093750000000007
e81aec44-f597-4e4d-be95-93b9c9fcbf54,95.17,58.81,51.52,47.51,2.34,24.9,85.87,0.223,7,62.81,1,3,1,55.165000000000006,0.311295,-14.817777777777785
ce632c47-b57c-4f7a-82d6-ee20dfcc5691,96.61,78.16,69.34,73.67,3.42,18.5,82.82,0.601,2,71.55,1,3,3,73.75,0.17129999999999998,6.082499999999996
e97dd679-ab90-4fd2-a207-b8855a54e04b,67.76,47.13,44.84,34.98,2.32,23.9,84.24,0.263,6,50.1,0,0,1,45.985,0.48606499999999997,-23.278888888888893
7a24b58e-624c-47a9-a3ca-0786820c55f1,82.74,54.61,61.28,61.18,2.29,19.3,90.05,0.549,2,62.6,1,1,1,57.945,0.31166499999999997,-6.419999999999995
64f8e577-d8ef-489b-93b9-fe2dc6ce993d,78.54,59.32,64.42,57.39,3.48,23.9,79.8,0.426,7,62.9,1,1,3,61.870000000000005,0.32805999999999996,-3.337142857142851
b02c50b1-9594-4847-b83b-0e464ba6e38f,71.37,55.18,64.81,54.83,2.51,17.8,58.80000000000002,0.49,7,53.78,0,0,2,59.995000000000005,0.370045,-5.021428571428579
feb03d8f-7b93-46b6-83b9-01225217001d,90.15,56.46,42.87,49.25,2.12,18.9,87.96,0.8880000000000001,8,55.2,0,2,1,49.665,0.34265499999999993,-12.332000000000008
b9c0eb65-c417-4406-bf49-a1bf6da0d040,77.88,52.82,61.41,69.76,3.5,20.3,86.39,0.4559999999999999,5,63.39,1,1,3,57.114999999999995,0.307855,3.519999999999996
9d26ee57-7044-4190-b126-af7b36ef7e9d,85.84,73.35,74.12,65.35,3.71,27.7,79.75,0.461,2,73.1,1,2,3,73.735,0.239385,3.671999999999997
1ecedb88-15ec-4ff1-b34b-69fa15f2b31b,95.31,63.87,64.32,48.44,2.7,21.4,75.71,0.746,8,59.03,0,3,2,64.095,0.281155,-12.753749999999997
0b6e012c-9195-4b84-be22-039a85b32014,72.02,52.76,60.59,59.33,2.5,22.6,67.0,0.496,1,58.15,0,0,1,56.675,0.36390500000000003,-1.4150000000000063
1d775592-58aa-456c-8658-4b04cd5e222f,87.46,88.96,81.91,78.1,3.32,28.1,80.79,0.667,3,80.02,1,2,3,85.435,0.15955500000000003,12.053999999999988
28392d3f-71de-4829-ba53-28d85c878da3,87.34,54.1,45.41,54.37,2.14,12.6,71.59,0.714,6,50.14,0,2,1,49.754999999999995,0.338265,-6.008000000000003
2141787e-75c2-486e-acf5-a68c94406627,69.12,72.61,71.11,72.16,3.27,19.6,71.41,0.7809999999999999,3,67.34,1,0,3,71.86,0.29146,-0.4724999999999966
b59ee4ac-f7a5-4192-9d0c-c5e8a152e242,86.79,78.51,83.05,74.4,3.45,32.4,90.94,0.442,3,79.07,1,2,3,80.78,0.18729999999999997,13.331428571428575
f66654ac-1402-40be-8444-7c57fd96938f,85.83,62.18,63.84,63.83,3.39,21.7,78.21,0.653,8,67.95,1,2,3,63.010000000000005,0.27616,2.161999999999992
85f9e5ce-91a1-4d5a-89be-01db879375aa,77.22,56.8,47.51,63.34,3.42,26.8,84.85,0.261,2,64.01,1,1,3,52.155,0.34463499999999997,-8.506666666666675
ea3c5a49-7e7c-4d79-a42a-971dd503ec6b,76.11,63.88,69.62,67.23,3.27,27.3,66.05,0.876,3,66.37,1,1,3,66.75,0.29361999999999994,12.100000000000001
cef621eb-3fc5-499c-a2af-d9bb90a44853,67.86,37.48,35.681250000000006,50.88,2.0,19.0,85.93,0.907,1,43.84875,0,0,0,36.580625,0.466178125,-17.169999999999995
8b1b9bc7-21eb-4b32-9266-9836ba3de309,92.33,62.03,73.21,58.87,2.82,15.6,60.06,0.8160000000000001,8,65.23,1,3,2,67.62,0.25121000000000004,-1.856363636363639
af44891b-2530-4b33-85e6-abf2d6aeaa28,83.46,66.6,62.52,59.23,2.77,23.7,75.67,0.161,4,63.8,1,2,2,64.56,0.29479000000000005,-3.4716666666666782
47f6ffe3-313f-4342-8d31-d496b85e5960,98.65,79.64,79.52,84.16,3.46,26.3,77.5,0.38,6,79.76,1,3,3,79.58,0.11417999999999999,17.954545454545453
ebc26cd8-c6a6-4f4a-ad3f-e150959b2a0c,89.16,62.97,69.52,71.4,2.94,23.5,65.23,0.865,8,64.77,1,2,2,66.245,0.23042499999999996,3.6300000000000097
e91c20c2-4014-4e74-b0ad-c9e129a7a5cd,69.88,67.11,58.74,71.76,3.21,22.3,80.96,0.865,8,64.51,1,0,3,62.925,0.316425,3.990000000000009
b3f7be3e-c55b-4c92-b655-3bb48126ff45,67.69,81.7,87.28,78.32,3.7,21.6,77.86,0.461,8,72.65,1,0,3,84.49000000000001,0.24081,16.641999999999996
194dc7ad-e197-4236-8891-e7a4e93f9f26,86.36,50.21,45.53,64.8,2.29,14.3,89.99,0.8130000000000001,7,54.73,0,2,1,47.870000000000005,0.31655,-4.616
c27e0c77-f57d-4ce2-9fb2-f2999135eb63,90.28,86.8,82.77,72.32,3.98,31.5,62.11,0.606,3,77.64,1,2,3,84.785,0.16756500000000002,4.173999999999992
aa773a52-b5bc-4ca4-81ec-a2fba384fb59,86.71,51.75,49.47,58.17,3.18,18.8,77.68,0.7929999999999999,5,57.4,0,2,3,50.61,0.32682,-3.157499999999999
3649c865-05c2-468f-9bf9-2c0980bbf335,70.39,64.31,70.5,73.37,2.74,25.8,80.89,0.642,7,70.08,1,0,2,67.405,0.296115,0.0
511e9b94-6823-4aa7-912a-f36467bd3048,96.41,70.2,66.02,62.92,3.03,26.1,80.54,0.312,2,72.51,1,3,3,68.11,0.22127000000000002,-0.5220000000000056
4223ef15-8c13-4c2d-8f15-cf8182369ba5,68.7,60.56,58.64,46.64,2.0,22.2,86.93,0.344,1,58.9,0,0,0,59.6,0.40647999999999995,-16.259999999999998
4ee5cd9d-62fc-4b25-94cf-63239faeab47,85.82,81.37,73.28,77.92,3.54,21.0,73.81,0.807,1,74.48,1,2,3,77.325,0.19098500000000002,16.831000000000003
a8dd53dc-087a-4d9b-ba57-cd147c6952b9,78.71,59.89,56.17,50.86,2.89,25.7,76.55,0.432,1,63.88,1,1,2,58.03,0.35849000000000003,-6.764000000000003
ded18674-7e3f-48d0-973d-351b2996dc80,73.29,69.48,60.24,63.53,3.32,29.0,87.16,0.957,7,62.21,1,0,3,64.86,0.32167,5.533333333333331
f2a647c9-1e5e-4d24-9b9e-6cd165b9531c,87.19,71.64,52.5,66.66,2.9,22.8,96.9,0.1149999999999999,2,70.91,1,2,2,62.07,0.26505,-1.3659999999999997
aaa75d1c-0468-49dd-af88-5d14c801c202,70.21,46.84,43.57,55.81,2.09,14.6,83.33,0.99,6,46.35,0,0,1,45.205,0.41611500000000007,-3.1755555555555546
cb80c711-c6f4-4357-8ac2-2fe0181887ab,97.16,37.87,35.681250000000006,39.45,2.7,15.6,85.56,0.613,1,53.27,0,3,2,36.775625000000005,0.382683125,-22.009999999999998
c9151f30-c5ef-4984-8896-0f523a233bdd,87.69,65.88,71.5,72.63,3.1,19.2,84.56,0.526,5,70.27,1,2,3,68.69,0.22528000000000004,5.834285714285713
a9b59455-5448-410d-a958-8c11a50aabf4,89.7,63.22,69.77,71.9,2.82,20.3,87.47,0.915,7,69.41,1,2,2,66.495,0.22601499999999994,1.3242857142857218
5ef235b3-1038-479c-838f-2a050f2054bd,99.96,80.06,80.93,71.54,3.47,25.9,77.36,0.948,3,72.59,1,3,3,80.495,0.144055,4.76666666666668
d740b0dc-f927-474d-b016-ecff570c2402,99.03,67.92,71.03,76.65,2.85,21.5,69.36,0.394,3,71.62,1,3,2,69.475,0.16550499999999999,10.741666666666674
80c4ff14-a56f-4d6e-8e8f-2fdd99089430,69.79,59.17,67.6,58.32,2.59,22.1,83.14,0.258,4,66.45,1,0,2,63.385,0.35572499999999996,-1.6928571428571502
dde9ba7c-8712-4fb0-8e29-04d1d5b058aa,81.81,55.75,63.69,50.92,2.99,19.0,74.5,0.4,8,63.57,1,1,2,59.72,0.34084,-12.45375
fc9f9701-f36d-44a4-8808-25f28c6856c5,89.39,75.62,75.3,72.17,2.67,30.2,76.49,0.371,5,78.08,1,2,2,75.46000000000001,0.19954999999999998,11.81666666666667
3a0ea191-ed1c-499d-aec0-cd4f1ea85cff,76.56,78.07,76.3,73.77,3.59,20.0,66.27,0.38,6,70.76,1,1,3,77.185,0.24089499999999997,7.564545454545453
5bd7dcf5-b234-4a23-80e1-53578d8ff57e,68.6,76.13,60.61,68.04,2.64,27.3,84.11,0.4049999999999999,1,63.93,1,0,2,68.37,0.31637,4.556666666666672
d5aa64ec-a1ac-44fd-a320-ff89e0a5f7ff,67.73,54.78,42.37,42.98,2.0,15.2,85.38,0.908,7,48.86,0,0,0,48.575,0.45441499999999996,-16.5925
3a884e41-bfbd-4729-8966-212cbe7d819f,70.85,65.58,62.39,63.64,2.39,17.9,72.82,0.542,1,62.95,1,0,1,63.985,0.33372500000000005,-0.36333333333332973
ea463e8a-4f89-4e70-8469-bcac4a7f4401,81.05,65.97,65.65,65.04,3.2,25.5,78.32,0.211,1,74.59,1,1,3,65.81,0.28325,-9.355000000000004
e12c0d00-d0dd-4036-bee2-350a541a06ae,93.54,60.99,50.81,62.69,3.26,17.9,75.8,0.914,7,62.3,1,3,3,55.900000000000006,0.27007,-5.463333333333338
31736982-6d43-495e-a011-5e9b5cc34bcd,77.54,56.73,39.86,46.07,2.86,22.4,77.25,0.875,2,53.04,0,1,2,48.295,0.40674499999999997,-14.085
81e54f12-fa6a-41ff-a2c1-a8d83ce75748,86.92,62.2,64.45,58.43,2.26,25.2,79.46,0.5860000000000001,6,65.48,1,2,1,63.325,0.28705499999999995,-8.291000000000004
eb37030e-c50e-427c-8fe5-fafc6ae80a08,89.52,65.05,72.06,73.07,3.36,25.4,76.08,0.466,5,70.0,1,2,3,68.555,0.21704500000000004,10.655714285714282
c48f137e-59c9-4e56-aec5-43311e17e0fc,68.6,40.02,35.681250000000006,43.79,2.16,20.5,76.21,0.924,3,43.84875,0,0,1,37.85062500000001,0.480678125,-13.698749999999997
41b11143-526d-43a6-add3-c0e6d7d6eaac,92.33,66.5,61.17,59.74,2.36,23.2,82.91,0.194,2,70.37,1,3,1,63.835,0.259955,-7.281666666666659
8e1f20e8-08ae-4763-bf1f-261490f059b7,85.58,75.28,71.41,60.97,2.57,28.5,71.89,0.132,4,69.12,1,2,2,73.345,0.254735,-2.375
95bc27c6-4771-4af7-b532-6e0fdae19b8b,72.38,71.41,77.1,72.35,4.0,23.6,85.94,0.8039999999999999,7,68.85,1,0,3,74.255,0.27066500000000004,7.647999999999996
248bec89-0355-4edd-ad67-e4dbae3d209f,82.13,67.52,64.85,69.12,2.33,16.8,81.33,0.79,4,64.28,1,1,1,66.185,0.265565,-0.22333333333332916
69296f29-7a49-48d5-8eac-8a7fb19b7b76,98.76,74.52,76.45,59.94,2.52,20.8,90.79,0.466,1,73.0,1,3,2,75.485,0.19868499999999997,-2.4742857142857133
e8e2f1ee-1488-4f18-b3be-a18b31c3d7df,93.46,74.86,79.39,63.3,3.48,29.1,77.25,0.128,7,73.44,1,3,3,77.125,0.204885,-3.4385714285714357
faa8f5a6-417d-43cd-81f6-e440abc3bd76,65.32,40.11,51.24,44.89,2.03,16.9,88.95,0.233,3,48.87,0,0,1,45.675,0.467025,-21.010000000000005
8653ef9a-684a-49a2-8fa6-be6b0e69069b,80.82,79.81,73.2,73.47,3.72,20.0,81.87,0.222,4,71.98,1,1,3,76.505,0.22679500000000005,11.202000000000005
76337e86-0185-4a52-a3fc-ce7ae338697f,90.85,36.5525,41.93,43.19,2.3,17.5,82.73,0.784,8,50.92,0,2,1,39.24125,0.3893062500000001,-16.410000000000004
ea524276-36cc-41d6-8c84-55f03ebabcf8,85.82,53.48,53.51,57.28,2.47,17.4,79.3,0.2259999999999999,7,61.13,1,2,1,53.495,0.32439500000000004,0.0
8931d2f0-3ee5-4513-acb2-bcf395df6361,71.26,71.78,70.06,66.79,3.48,21.6,80.53,0.156,3,68.32,1,0,3,70.92,0.30183,4.346666666666678
eb0613de-f2d5-4d5c-896d-249ddfc43127,74.55,69.24,64.04,68.85,3.13,18.5,93.17,0.132,8,63.96,1,0,3,66.64,0.29533000000000004,5.5049999999999955
4ff0d225-ffc7-436c-8b03-2c71745693cc,81.28,78.62,77.1,86.23,3.35,19.3,88.11,0.86,8,74.76,1,1,3,77.86,0.18260999999999997,20.232
70781642-dae4-46de-b7b7-24357b177f9e,98.08,58.05,73.87,61.55,2.26,23.4,76.8,0.274,2,67.5,1,3,1,65.96000000000001,0.22515000000000002,-7.790000000000006
71acf2ba-dde2-424f-bedf-2801738e185e,99.93,83.62,83.74,74.01,3.8,30.4,82.2,0.945,4,81.09,1,3,3,83.68,0.12720999999999993,2.462857142857146
65db2b41-0d81-4e15-9350-470733ea3931,69.51,67.28,64.68,65.59,3.27,21.6,79.92,0.941,4,57.77,0,0,3,65.98,0.32724999999999993,-0.769999999999996
7fa47482-0f8d-4924-b4d4-af0edce593ba,93.89,42.28,42.3,36.6,2.0,15.4,81.64,0.592,8,48.26,0,3,0,42.29,0.38777,-28.218749999999993
c12bdb4a-928c-4275-9066-be5f1992b88e,75.62,38.56,35.681250000000006,40.88,2.0,16.3,80.53,0.775,7,43.84875,0,1,0,37.120625000000004,0.46351812499999995,-15.0625
733fdd8b-7998-474d-bc9b-7e6b10de5675,70.58,55.37,55.12,51.03,2.48,19.4,78.15,0.924,6,60.2,1,0,1,55.245,0.398855,-6.458749999999995
99fc7a7c-da1f-497d-a9fd-46e0d76349d1,65.03,71.66,73.96,64.44,3.43,26.5,82.83,0.8089999999999999,3,70.92,1,0,3,72.81,0.32813,11.939999999999998
e16e55d9-9d01-49b4-b603-abe58a10d165,79.36,44.11,45.33,44.04,2.0,22.1,83.25,0.407,8,60.41,1,1,0,44.72,0.41628,-19.729999999999997
c304805d-07aa-4fe3-8600-a3b6c7c2b2a0,83.9,59.42,69.81,68.94,2.88,19.8,82.92,0.48,5,69.42,1,2,2,64.61500000000001,0.26373499999999994,6.137500000000003
a72c3612-2623-4854-b078-7a57debb2f29,90.61,74.17,67.61,81.55,3.2,20.0,82.42,0.364,8,74.19,1,2,3,70.89,0.18024,9.039999999999992
17eae3dd-999d-439f-bd46-69e580d128b9,89.15,50.24,67.47,61.13,2.82,23.8,80.95,0.639,5,63.97,1,2,2,58.855000000000004,0.28344499999999995,-7.973333333333336
ba91c829-0eda-486d-8906-ea7927cc5ec2,67.3,59.19,55.4,60.72,2.34,17.6,85.58,0.617,6,55.93,0,0,1,57.295,0.376755,-2.1599999999999966
e3922a1a-b002-45cc-b2c0-5698fe7e77fa,69.85,80.0,76.29,74.27,4.0,23.2,76.19,0.275,1,76.45,1,0,3,78.14500000000001,0.263355,7.125
e3d3067d-9c75-4c60-92da-e582e3e85757,92.51,55.83,58.28,53.35,2.26,21.9,89.61,0.147,4,61.37,1,3,1,57.055,0.298745,-10.938571428571429
2050925d-d2d1-4ed9-a965-30b15bc1b760,85.3,57.7,59.91,52.72,2.64,23.9,72.1,0.415,5,60.22,1,2,2,58.805,0.324225,-14.085999999999999
467fc9c9-17ed-4fb4-ba9e-31badb26c4a2,71.74,79.85,74.1,75.97,3.3,21.8,88.53,0.233,4,74.28,1,0,3,76.975,0.254205,10.069999999999993
a00e8789-d7be-4d57-9b9c-f1d80fe08266,71.57,67.3,68.13,61.41,2.95,18.9,84.63,0.751,3,63.53,1,0,2,67.715,0.32634500000000005,-2.3885714285714315
7730314a-5579-4f67-9081-7ba672e3ecc8,81.22,56.68,56.41,66.16,2.27,16.0,73.9,0.945,6,60.29,1,1,1,56.545,0.307005,-5.387142857142862
5b6b4798-32fa-4a76-9b47-26ba1ee942b5,69.4,47.67,47.06,57.66,2.33,15.2,80.58,0.722,3,50.92,0,0,1,47.365,0.40732499999999994,-6.37222222222222
e8b0c1c1-c38f-4ab4-a47f-bd85e784e3f9,66.5,57.81,64.68,58.4,2.6,27.7,80.55,0.8460000000000001,4,61.19,1,0,2,61.245000000000005,0.37506500000000004,-4.183333333333337
b2f0526d-7751-4375-a9cc-77188ddd25c0,69.65,58.68,47.08,62.67,3.35,25.2,62.87,0.318,7,60.38,1,0,3,52.879999999999995,0.37475,-0.7166666666666615
dff1db15-151c-4bbe-aac7-3461baa6a3b5,87.91,81.82,72.59,80.76,3.98,26.3,77.08,0.292,4,76.2,1,2,3,77.205,0.174465,14.180000000000007
0eeb1f91-fe88-4d8b-a5ec-891ff039a8d2,87.76,74.37,83.83,74.61,3.87,22.7,74.73,0.763,7,72.21,1,2,3,79.1,0.18783000000000002,9.118571428571428
c66d1c3f-7d99-4ad6-b7c7-1cb6c07243f1,85.93,78.56,63.61,75.05,2.81,31.1,70.36,0.791,7,71.39,1,2,2,71.08500000000001,0.21787499999999993,14.782000000000004
50a434fc-2b6b-4785-92bd-8a0c040a54f8,91.28,69.17,66.87,66.75,2.82,17.1,84.92,0.493,8,71.91,1,3,2,68.02000000000001,0.23056999999999994,4.600000000000001
9f4e576f-b619-4050-b8d7-8a0abb40eb76,96.11,65.52,67.81,60.25,2.79,20.6,77.74,0.252,6,70.89,1,3,2,66.66499999999999,0.23481500000000005,-6.457777777777778
b305d215-98c8-44a4-b43c-ceaaa588929e,70.37,72.38,68.88,66.73,3.46,24.5,83.44,0.297,1,68.62,1,0,3,70.63,0.30644,-3.9099999999999966
48105607-3a5c-4759-866e-80fdf0475d49,88.18,62.05,49.19,63.82,2.78,15.0,92.76,0.763,3,63.3,1,2,2,55.62,0.28896,-1.6714285714285708
03574a1f-e641-47b5-9741-dac460ef153c,83.78,60.39,63.72,68.82,2.52,22.8,91.92,0.247,1,65.18,1,2,2,62.055,0.27225499999999997,9.657142857142851
98f75651-e7dc-415f-90fe-2ddd977c7586,85.63,68.27,78.55,75.85,3.62,28.1,76.13,0.967,1,74.93,1,2,3,73.41,0.20970000000000003,11.369230769230768
94608ae5-cb9f-441a-b03f-1063ee8d7905,95.97,82.3,79.06,79.24,3.84,20.8,72.86,0.8150000000000001,3,79.9,1,3,3,80.68,0.13635999999999998,5.214999999999989
1a3aeced-ac98-4e00-8909-9a0486bc98a0,65.04,73.53,64.78,83.18,3.16,19.9,91.49,0.979,4,68.07,1,0,3,69.155,0.28283499999999995,12.890000000000015
fb02d7db-c040-41ea-9672-2de269f3d9de,96.51,62.27,72.0,71.78,3.09,27.8,78.05,0.955,8,71.03,1,3,3,67.135,0.197215,3.317142857142855
a70c91c9-a099-4c8b-877b-59ad872b593b,88.15,48.49,65.81,62.39,2.63,20.7,82.53,0.829,2,63.29,1,2,2,57.150000000000006,0.2887799999999999,-2.4385714285714357
4d0d57d3-cb04-484e-ba06-40d771c8033e,97.54,70.56,67.43,56.93,2.85,27.3,90.91,0.522,4,66.32,1,3,2,68.995,0.232065,-8.259999999999998
4e63cfe9-24c3-4527-98c1-8802788a3231,78.89,74.71,59.66,65.27,3.36,22.5,74.16,0.8939999999999999,8,61.28,1,1,3,67.185,0.28707499999999997,1.2788888888888863
c517fd1a-8da4-4bd2-80e3-4fc11caac27d,72.12,67.23,71.39,81.31,3.0,30.6,69.22,0.836,5,69.47,1,0,2,69.31,0.25966,17.321250000000006
b9678edc-4a26-4beb-a995-974df9364a37,79.19,79.14,85.4,89.78,3.44,26.2,73.53,0.516,6,83.71,1,1,3,82.27000000000001,0.16708999999999996,15.985
2de40786-f329-4408-b112-f0d0ce37a26b,79.92,62.5,58.28,67.48,3.07,21.9,88.93,0.8320000000000001,3,65.36,1,1,3,60.39,0.29671,0.31750000000000966
21e78f7b-34bc-4b2a-9f84-0382a1d9f32b,73.01,57.31,62.65,64.8,2.91,20.5,68.06,0.741,7,61.51,1,0,2,59.980000000000004,0.33362,4.863749999999996
08a24998-0c1c-4f7e-9829-d74eeb95d253,99.52,65.97,64.34,68.31,3.2,24.0,71.77,0.945,6,70.67,1,3,3,65.155,0.20152500000000004,-3.2371428571428567
e252caf1-5794-41ef-a012-f6101b13ecfb,80.32,45.86,35.681250000000006,33.71125000000001,2.0,18.3,81.51,0.679,7,45.4,0,1,0,40.770625,0.45527437500000006,-19.574642857142855
4cb01682-3544-416c-ba6a-ea7c57e5e77c,93.51,78.7,85.94,86.09,3.55,26.6,82.63,0.634,7,84.15,1,3,3,82.32,0.12073,21.681666666666672
395bdd9e-c7ce-4c47-8fb1-6f7d8140a3e6,70.61,78.1,67.4,72.43,3.05,27.6,70.67,0.202,5,71.25,1,0,3,72.75,0.28201999999999994,1.710000000000008
41fcf104-c0de-468e-bdd3-c15e408337b8,74.38,50.12,51.14,56.84,2.46,27.4,88.42,0.593,7,56.56,0,0,1,50.629999999999995,0.3800700000000001,-1.2299999999999969
7ba85c7c-7a7b-44dd-ad8c-4798ca2e1d54,97.39,62.3,59.07,43.54,2.58,17.7,73.82,0.669,1,63.81,1,3,2,60.685,0.297765,-18.497999999999998
f2b0423f-8078-4282-97f4-b968dbe184e4,91.24,77.34,88.04,82.0,3.25,30.1,64.98,0.724,8,80.05,1,3,3,82.69,0.14097,14.12833333333333
569ce42a-0776-45f9-9654-b3ceacd82c66,80.37,69.68,66.99,71.52,3.32,21.3,81.81,0.768,6,64.55,1,1,3,68.33500000000001,0.25895499999999994,5.537999999999997
c9374cca-d9aa-4e45-9ee7-a9c5587fbece,91.16,56.85,63.57,55.48,3.13,13.7,78.65,0.775,4,58.31,0,3,3,60.21,0.28829,-0.4625000000000057
0dbd233e-4a90-4987-8b74-c0835fe04811,82.16,57.02,67.06,59.85,2.6,28.5,73.33,0.799,7,69.66,1,1,2,62.040000000000006,0.30569,-8.207999999999991
d0d09b20-b5d3-4d58-8b7f-7f1b8a4c3b80,65.91,46.94,50.7,59.3,2.53,20.2,67.01,0.615,6,56.84,0,0,2,48.82,0.41200000000000003,-12.593333333333334
a94c21c8-d979-4bcb-93fd-a4c7e7eaea61,99.13,67.92,65.59,66.48,2.79,22.4,83.96,0.969,6,72.04,1,3,2,66.755,0.20377500000000004,6.370000000000012
aed1b378-f7ef-4978-8cab-6e66de4f5898,90.86,68.35,62.51,64.99,2.92,15.9,83.38,0.4059999999999999,4,68.77,1,2,2,65.42999999999999,0.24530000000000005,4.6883333333333255
6df1a951-94c8-4d8b-a491-91021a63fdea,76.58,67.54,76.98,69.64,3.68,18.7,71.74,0.4469999999999999,7,69.87,1,1,3,72.26,0.26797999999999994,1.2349999999999994
d1665508-463a-4551-a0a7-89f7f341fe88,67.5,59.03,57.2,57.15,2.71,19.8,89.48,0.5,8,57.67,0,0,2,58.115,0.384205,-1.3100000000000023
0c585d90-d434-42ee-b3ce-fd3cbc2c3570,99.36,65.33,71.36,64.79,2.99,27.8,87.97,0.55,4,76.05,1,3,2,68.345,0.20315499999999997,-6.158749999999998
b94b1200-3a99-4add-b156-4ab2fd059ab0,81.42,70.97,70.59,65.02,3.54,24.8,79.15,0.714,3,71.06,1,1,3,70.78,0.26692,4.641999999999996
1f134ab0-e84c-4683-bb3d-c252d22dac2c,91.51,63.76,62.63,63.42,2.77,19.1,85.47,0.348,3,67.69,1,3,2,63.195,0.254115,-13.078000000000003
823917b5-2279-4d99-9145-e14260d4f7e3,90.84,76.54,68.85,79.72,3.12,28.3,88.74,0.18,2,77.81,1,2,3,72.695,0.179395,14.030000000000001
3aefec21-5bad-4111-8956-ef075e6b1be6,81.55,70.93,64.49,71.43,3.76,27.3,68.88,0.763,5,68.12,1,1,3,67.71000000000001,0.25638,5.938571428571436
6d480d3c-a1c6-4908-b67d-b18f63d4daca,69.44,50.71,50.0,51.6,2.63,14.9,82.13,0.666,3,52.39,0,0,2,50.355000000000004,0.41637500000000005,-15.024999999999999
f047d1e4-242e-49c8-8734-641fe84f975f,73.97,68.1,66.73,67.01,2.87,20.5,79.87,0.213,4,67.45,1,0,2,67.41499999999999,0.30084500000000003,3.1125000000000114
7b317ceb-9b3e-46a7-8118-f2a46efe4e9f,80.98,71.74,64.01,55.88,2.96,20.7,80.27,0.382,6,63.05,1,1,2,67.875,0.30481499999999995,-8.68999999999999
ee622eef-83fb-49a2-95f4-6b68786bd28a,74.71,69.87,67.45,63.77,3.58,27.6,86.79,0.798,4,70.25,1,0,3,68.66,0.30387000000000003,-0.15833333333333144
db66113d-a4bf-4a4e-ae14-2ce3426fac95,88.63,60.2,49.34,50.19,2.82,26.1,75.91,0.4629999999999999,2,60.49,1,2,2,54.77,0.3306,-9.630000000000003
e4ef6290-d673-4519-841d-a901d2f3f202,70.24,59.22,59.62,51.91,2.59,14.5,73.02,0.412,1,56.7,0,0,2,59.42,0.38505,-6.859999999999999
58262fe3-b517-4f11-b104-0cc7c9510aee,75.85,79.69,72.72,85.91,3.97,22.6,86.66,0.418,7,77.06,1,1,3,76.205,0.21025500000000005,21.665999999999997
3e410275-041a-4cd5-9fd3-fffc571a2ba2,94.29,65.03,57.8,56.94,2.48,19.8,75.35,0.548,7,58.2,0,3,1,61.415,0.267775,-7.366
5b328972-85b2-45c2-972b-66926fc7c77a,88.44,84.33,74.64,79.73,3.76,25.3,79.76,0.2,2,83.5,1,2,3,79.485,0.168595,12.923333333333332
640cf048-1efb-4e96-8fe6-05e435bb1f53,80.36,72.32,60.88,69.63,3.9,30.3,69.32,0.6799999999999999,5,75.21,1,1,3,66.6,0.26987,4.906093749999997
9c239f73-8ede-4f02-84a4-df3c9bb6cb8a,68.7,72.03,76.13,80.88,3.49,27.0,83.84,0.275,3,79.35,1,0,3,74.08,0.26032,13.735
00d77926-e876-497c-b833-1858de26e1ae,90.88,61.73,54.27,71.02,2.75,24.1,86.6,0.297,7,69.13,1,2,2,58.0,0.24942,0.37999999999999545
08d165ef-2e73-41c7-8563-175e3538ba79,94.64,69.31,64.26,68.86,3.09,28.9,84.32,0.6799999999999999,6,67.96,1,3,3,66.785,0.21450500000000003,4.136093750000001
a1fd8073-b98c-4d8c-a3ba-ef1a07a5d708,82.52,70.91,69.61,65.67,3.47,21.8,77.67,0.866,3,68.41,1,1,3,70.25999999999999,0.26213000000000003,-4.995999999999995
a6726cf1-0ad3-4f0d-96de-2bb972d35f01,91.82,67.94,69.26,70.58,3.26,29.8,78.54,0.6940000000000001,3,72.13,1,3,3,68.6,0.21518000000000004,9.975999999999999
0329a140-6dec-4898-a595-5448c149a970,77.53,71.24,61.87,72.59,3.04,21.6,80.94,0.6950000000000001,1,64.03,1,1,3,66.55499999999999,0.27244500000000005,10.531111111111116
6775dea6-6848-4d5e-b6ca-ecfa92b7fd22,98.79,73.02,67.35,76.88,3.35,28.0,87.82,0.4519999999999999,1,77.75,1,3,3,70.185,0.16364499999999998,11.147499999999994
2a87ea64-9516-48a3-a2e1-78294b94f47b,72.16,68.13,64.79,66.93,3.06,20.1,87.57,0.1699999999999999,5,66.25,1,0,3,66.46000000000001,0.31119,8.165833333333346
ef4eb16c-9093-4f48-a7b2-61966e03fb8a,73.59,87.85,82.47,86.62,3.86,28.5,86.75,0.95,8,75.57,1,0,3,85.16,0.19030000000000002,18.66444444444444
4e147aea-3f00-4bff-ba12-2ba590fb22bd,97.44,50.04,62.69,49.28,2.66,13.4,80.95,0.737,5,59.39,0,3,2,56.364999999999995,0.293305,-9.277499999999996
72045a93-ea98-41c8-840c-cbecd2568852,99.35,73.13,81.71,77.2,3.26,28.3,73.45,0.154,6,77.18,1,3,3,77.41999999999999,0.13874000000000006,14.335
f2af0ca6-32a9-4e25-8057-ed785ec4c62f,94.51,70.23,60.01,62.94,2.84,20.1,70.1,0.521,1,58.89,0,3,2,65.12,0.23778,-4.549999999999997
249013e2-7bde-4bc1-ad98-608caf3fb4fc,98.44,73.07,61.24,56.97,2.96,28.2,61.47,0.928,4,63.32,1,3,2,67.155,0.233865,-13.298333333333332
02401b94-6ca4-4c4d-aca6-fb5346072448,68.71,65.23,62.35,66.26,3.13,19.8,68.55,0.6950000000000001,4,61.44,1,0,3,63.790000000000006,0.33501,4.201111111111118
b954de05-d47a-40ce-a7f7-5ecc02572643,79.27,65.48,74.56,67.09,3.33,21.3,79.46,0.308,7,70.4,1,1,3,70.02000000000001,0.27159,8.849000000000004
5c219ed0-9304-4b6e-8b38-eb2c2aefff09,86.87,43.87,35.681250000000006,45.89,2.0,13.8,62.74,0.262,6,50.15,0,2,0,39.775625000000005,0.395523125,-15.950000000000003
9ca69bee-59f6-4856-9b58-9721c4011d2c,88.74,72.85,73.83,65.31,2.47,21.1,83.49,0.471,4,71.74,1,2,1,73.34,0.22909,-1.8062499999999915
be591182-b72c-47ac-9b07-236a96e58d00,75.67,54.55,54.88,56.47,2.02,15.0,81.31,0.361,7,64.61,1,1,1,54.715,0.36376499999999995,-7.080000000000005
3eef8e0d-6992-4843-989d-2ce723ca761e,89.92,81.07,69.68,86.98,3.47,29.3,83.42,0.147,5,77.33,1,2,3,75.375,0.15325499999999997,22.691428571428574
65a3f5b4-be3c-421c-b249-ecbc74e5acd2,73.16,68.05,52.07,57.88,2.85,14.7,85.04,0.445,1,62.21,1,0,2,60.06,0.35353999999999997,-11.153333333333329
64214936-25a1-4117-905f-4c2f8d9181b3,74.13,77.04,77.53,84.2,3.24,24.1,76.66,0.906,1,67.41,1,0,3,77.285,0.219025,15.599999999999994
04d4c2ac-9eb8-4296-bcd0-7a1a3fc66671,96.62,75.49,65.58,73.6,3.57,30.3,87.87,0.587,5,78.13,1,3,3,70.535,0.181115,8.968000000000004
6d8e5300-8425-403f-95be-439a82dafd69,78.08,92.8925,75.46,82.22,3.78,31.8,85.0,0.12,4,84.57,1,1,3,84.17625,0.18849125,14.418000000000006
e14591eb-ac34-4286-9627-4e3c09965f9c,99.49,72.22,65.62,76.02,2.87,28.7,80.17,0.422,8,68.66,1,3,2,68.92,0.16722,8.304999999999993
754f9bde-10ad-424f-9c58-3530dbce7a97,66.4,57.41,50.18,47.38,2.69,18.7,91.63,0.742,4,56.21,0,0,2,53.795,0.4308749999999999,-5.450000000000003
d4441046-370d-44cb-a7f4-590268214fc3,76.62,81.39,93.03,68.18,3.71,20.2,83.88,0.583,7,75.49,1,1,3,87.21000000000001,0.2273499999999999,3.670000000000016
28ee9535-6fe2-4067-b7d5-e1ea46c1f978,90.4,90.49,77.8,81.03,3.97,22.9,75.72,0.9,5,82.76,1,2,3,84.145,0.14287499999999997,19.025
a236152d-c77a-4a28-ba05-d5d7fcd9ec41,66.33,58.62,65.91,64.11,2.91,15.9,79.98,0.311,6,56.87,0,0,2,62.265,0.35555499999999995,-6.346666666666664
c85f7d16-5c65-45c8-a2ba-6da8a02060ec,80.53,40.01,43.63,51.06,2.11,13.9,82.29,0.409,7,48.09,0,1,1,41.82,0.39924,-20.161249999999995
a1dba31c-ed4c-4fa0-a731-e0d6a8e7d87c,87.23,68.27,74.21,74.68,3.15,24.7,70.4,0.396,1,69.76,1,2,3,71.24,0.21331999999999998,7.150000000000006
e3ee81dc-83b7-4cf9-8717-67fc1d45a265,79.49,83.09,72.1,85.87,3.5,32.4,79.71,0.756,1,77.06,1,1,3,77.595,0.191645,19.776527777777787
06485a55-d674-4d19-951b-1f9aaef6efdf,76.81,66.41,69.42,66.48,2.98,19.7,79.4,0.951,2,63.67,1,1,2,67.91499999999999,0.289575,0.8199999999999932
9bf72d1d-e1c8-42a9-9f68-5d2bc0789c86,82.31,72.47,71.84,80.0,3.6,21.4,90.78,0.442,2,74.37,1,1,3,72.155,0.21429499999999999,18.93142857142857
201fd583-d5e9-4d3b-97e6-bb6fa2cc23a5,85.17,75.9,81.88,79.43,3.28,27.4,84.5,0.2799999999999999,4,75.99,1,2,3,78.89,0.18435999999999997,6.450000000000003
8e1a50f2-bc52-4d13-95ac-74fe826ba38d,85.66,61.85,55.02,53.33,2.36,26.3,78.7,0.624,1,60.78,1,2,1,58.435,0.322065,-9.050999999999995
9e4f9d96-db10-441a-89e1-f9f418fd3097,89.45,47.94,50.97,60.21,2.83,22.4,72.6,0.581,2,61.17,1,2,2,49.455,0.31320499999999996,-9.041111111111114
bd845a82-5031-43a1-851c-90c02c77bed6,70.26,57.44,62.62,56.1,2.68,18.3,86.62,0.913,8,57.26,0,0,2,60.03,0.37057,-5.359999999999999
fe15c618-5c42-4b22-8c9d-2b7e1db8a883,69.43,77.31,72.18,83.2,3.94,25.7,73.54,0.614,4,68.48,1,0,3,74.745,0.24844499999999997,21.862000000000002
34f01526-1451-498c-ac60-a5475971d10e,71.22,38.95,42.87,34.5,2.0,11.7,100.0,0.218,4,45.35,0,0,0,40.91,0.48888999999999994,-24.774285714285718
c0490e53-6982-4597-8cac-43ada248ed8b,69.37,36.5525,35.681250000000006,33.71125000000001,2.09,20.8,71.01,0.177,7,43.84875,0,0,1,36.11687500000001,0.513035625,-23.976071428571416
654ba01d-1732-4583-968d-40b2ba614bef,74.05,70.64,64.48,63.14,2.89,21.2,80.06,0.682,4,67.24,1,0,2,67.56,0.31170000000000003,3.3616666666666717
a57cdc42-06e2-4b49-a20e-98037289723f,73.23,69.58,63.43,71.06,3.05,25.9,68.45,0.496,6,71.1,1,0,3,66.505,0.29438499999999995,10.314999999999998
866e1070-b4e7-4c42-8146-7666b782a192,85.08,55.83,53.6,61.49,2.15,21.4,89.44,0.738,5,61.66,1,2,1,54.715,0.311065,-0.4519999999999911
097bae9a-61e7-4a9d-876f-0c88fa6968eb,78.97,41.98,47.41,43.48,2.13,14.2,78.24,0.1399999999999999,8,49.57,0,1,1,44.69499999999999,0.41959500000000005,-15.581250000000004
8f6d75d4-219b-45fb-be4f-fb873c29ec98,87.45,73.01,72.59,75.95,3.02,20.1,88.79,0.49,2,75.24,1,2,3,72.80000000000001,0.20394999999999996,16.098571428571425
90926f62-b753-4a32-a9d8-30c7951f77b1,93.51,50.47,59.88,55.36,2.54,22.5,86.45,0.249,8,59.09,0,3,2,55.175,0.294355,-12.513999999999996
373da578-d6b1-4644-9c85-8b2978dcabf9,97.61,56.64,61.22,63.03,2.2,17.4,77.13,0.491,6,62.19,1,3,1,58.93,0.24367999999999998,1.5577777777777797
2360593e-9eb9-4a65-904f-ac13814c9258,85.64,81.51,79.05,68.9,3.53,24.2,85.34,0.425,5,75.94,1,2,3,80.28,0.20989999999999998,9.148571428571437
936e19cb-4326-44ac-9e74-140609d21cad,83.14,63.86,63.11,67.11,2.99,15.9,72.43,0.502,6,63.7,1,2,2,63.485,0.275655,2.2555555555555458
1b604308-664c-4cc8-9771-dd4ff47b46f2,68.66,60.65,71.83,65.99,3.3,17.2,91.64,0.892,5,62.48,1,0,3,66.24,0.32867,4.07
c887905c-6a68-446d-bd9e-bcdbf0b05ec4,80.42,65.07,68.09,70.44,3.08,27.1,66.33,0.223,2,68.77,1,1,3,66.58,0.26726,8.112222222222215
6d2e780c-f92b-4ac6-9f1c-7603c3fb63b1,90.35,63.7,69.13,66.57,2.97,26.5,89.51,0.274,2,70.53,1,2,2,66.41499999999999,0.23964500000000008,-2.7700000000000102
527fa5a5-380e-457b-8c26-c9ce9554bc1a,66.77,59.47,58.98,58.4,3.07,17.9,72.2,0.4,5,62.27,1,0,3,59.224999999999994,0.3800450000000001,-4.973750000000003
902c90a8-4b5d-47a1-8402-d1c26fa03f92,91.32,62.3,61.94,59.52,2.87,20.9,79.96,0.754,8,68.51,1,3,2,62.12,0.26980000000000004,-4.708571428571425
93b0a188-0eee-47ff-b637-ec9c68806af1,97.88,66.04,75.31,68.98,2.53,28.4,70.04,0.193,3,73.58,1,3,2,70.67500000000001,0.18951499999999996,2.9383333333333326
0977ef88-593f-47a9-bc8d-03be8cc70aaa,67.74,61.43,58.73,65.57,2.47,26.3,86.21,0.819,8,67.01,1,0,1,60.08,0.35209,1.1263636363636351
514e1057-4ce5-403b-8053-a710a0c0658d,75.2,74.43,63.27,53.47,2.8,27.5,93.24,0.6719999999999999,7,67.47,1,1,2,68.85000000000001,0.33224,-9.428333333333335
d30df743-8bfc-416b-a550-4d7fa8facd66,96.89,44.87,35.681250000000006,43.13,2.0,12.8,71.86,0.32,5,54.04,0,3,0,40.275625000000005,0.36222312500000003,-20.9625
9b61bdc0-418d-4118-a368-ffe5ea76a734,96.51,56.06,46.26,57.67,2.0,17.0,67.45,0.3319999999999999,3,63.26,1,3,0,51.16,0.28747,-3.1216666666666626
fee59606-b2db-4cf8-8f31-11cb2c7192e4,95.21,71.46,73.53,72.5,2.59,18.0,79.46,0.867,3,72.51,1,3,2,72.495,0.184175,6.670000000000002
74e6d57e-cde8-4e04-a625-7148e147ef30,69.76,47.79,46.18,45.78,2.26,14.8,82.14,0.7150000000000001,8,49.21,0,0,1,46.985,0.4426649999999999,-15.949999999999996
e131e5ab-6df2-4aed-8fac-192fb0e3c70a,68.36,36.5525,39.5,33.71125000000001,2.0,9.4,78.66,0.1379999999999999,1,43.84875,0,0,0,38.026250000000005,0.5113475,-20.255624999999988
25df9520-7b16-48f0-b383-e030ad930441,99.4,72.64,70.25,67.37,3.06,24.8,88.55,0.5860000000000001,4,69.7,1,3,3,71.445,0.18595499999999998,0.6490000000000009
1f767e4b-e78b-4381-8fc4-db48ccb89f43,79.94,46.09,57.55,51.95,2.39,20.2,77.16,0.103,4,57.06,0,1,1,51.82,0.36893,-2.484285714285704
d0d98d9e-3c39-4b70-8407-5ebdf7ad3b03,81.01,89.4,78.92,90.73,3.5,24.0,88.34,0.396,2,81.42,1,1,3,84.16,0.15128999999999998,23.200000000000003
2511c5d9-62b6-4853-b5d0-da3e597b53f4,69.43,73.25,61.43,42.97,2.33,22.5,70.43,0.576,4,54.29,0,0,1,67.34,0.3913499999999999,-13.619999999999997
e05df74f-5032-495a-981c-c2f5d6901484,70.71,64.4,67.43,75.88,3.22,18.9,74.86,0.627,1,65.24,1,0,3,65.915,0.291775,5.673999999999992
49e66be7-feef-4ab0-94b0-5505656cbf31,79.62,58.05,58.46,71.52,2.9,20.5,84.68,0.434,6,60.27,1,1,2,58.254999999999995,0.292195,6.271428571428572
fd214261-b4ca-4e0a-a87b-c4743dda5ef4,66.97,60.73,65.17,69.56,2.84,18.0,76.46,0.63,3,64.4,1,0,2,62.95,0.33458999999999994,1.87777777777778
224d675d-ea27-4395-acbc-05e50c374b5d,76.36,58.17,49.33,60.9,2.64,21.7,77.25,0.484,4,59.38,0,1,2,53.75,0.3506100000000001,-8.626805555555556
5b62d2c1-c620-46f6-be03-d120692aa94b,92.14,73.16,72.88,88.9,3.53,26.4,73.15,0.6599999999999999,5,80.05,1,3,3,73.02,0.14568,23.084285714285727
c2889580-ed4e-4c97-bb62-6eb24d917c71,76.99,84.75,91.25,83.23,3.97,29.9,80.24,0.542,5,82.02,1,1,3,88.0,0.17835,19.226666666666674
e1442a06-5d29-4675-979b-b01bcc173741,80.3,64.41,54.19,55.23,2.36,23.1,79.98,0.905,5,59.88,0,1,1,59.3,0.33521,-13.202500000000008
9955defd-7f9d-47c1-bdbe-9c679e278b75,81.36,58.35,55.77,51.62,2.74,16.7,84.17,0.589,8,58.33,0,1,2,57.06,0.34852000000000005,-6.096666666666671
ff735cd2-bd99-458a-9066-07a2a88abd3e,78.97,69.25,65.4,60.36,2.25,25.9,74.41,0.63,1,63.51,1,1,1,67.325,0.301065,-7.322222222222223
b1a22c43-3281-49e8-b56b-fa758db0ac34,67.48,47.07,49.81,44.85,2.62,12.7,74.73,0.858,8,45.37,0,0,2,48.44,0.45021,-4.207499999999996
a7c6eb0e-0a44-462c-9bd9-d40dbe457f37,86.01,71.65,66.03,67.57,3.11,25.7,77.99,0.506,5,73.44,1,2,3,68.84,0.24672999999999998,4.566666666666663
6ee2551c-743c-40b8-9d63-7c841f29aa4c,77.45,47.38,47.61,46.97,2.24,12.9,61.65,0.952,3,48.24,0,1,1,47.495000000000005,0.40680499999999997,-11.86
eb969840-b7c4-486a-9e69-7d7d79be9415,97.37,59.33,51.9,47.03,2.15,24.7,81.07,0.1389999999999999,2,61.47,1,3,1,55.614999999999995,0.302585,-18.683999999999997
cc9a4775-8a36-45ea-aa09-935cc4d11904,68.44,63.14,69.79,57.59,3.01,19.6,84.45,0.196,2,66.58,1,0,3,66.465,0.354075,-9.477142857142852
39683d74-fd4a-451f-94f3-ae4e1221ae97,98.71,64.75,67.03,68.9,3.07,21.7,77.13,0.346,5,69.9,1,3,3,65.89,0.20079,7.142500000000005
edd07980-1219-4238-9865-dbe3409604a0,76.84,66.22,66.36,71.95,3.43,26.5,65.25,0.157,8,71.8,1,1,3,66.28999999999999,0.27792,4.912999999999997
f798e9b3-da5b-408d-8b2d-79a103253e5a,79.08,64.57,63.14,62.01,3.14,23.3,66.62,0.992,3,63.49,1,1,3,63.855,0.306085,6.509999999999998
ea48fffe-317d-4310-bd43-cd96f37caf7b,93.8,66.9,74.79,75.48,2.67,26.1,68.83,0.958,1,72.01,1,3,2,70.845,0.185825,10.111999999999995
7c3a0213-225c-475b-bb00-873327c9e568,92.96,58.76,68.92,58.83,2.24,14.6,80.41,0.341,8,66.18,1,3,1,63.84,0.26015,0.0
c4d3fca5-30ce-4133-a8fb-d968b8fe3a47,86.84,61.76,56.02,62.32,2.61,24.7,84.08,0.118,5,66.16,1,2,2,58.89,0.28901000000000004,-6.477272727272727
2afda879-21b8-4722-9614-9a68f7266341,70.41,68.81,61.61,66.51,2.59,24.0,65.2,0.7150000000000001,5,60.6,1,0,2,65.21000000000001,0.3232,4.780000000000008
d9ec8d01-e3c4-4613-9583-2880ef62ab12,91.58,61.65,65.0,63.78,2.57,25.5,78.26,0.266,5,67.71,1,3,2,63.325,0.252365,-6.992000000000004
e45f3e0f-f447-4908-93d3-c7a4208ea982,83.03,66.47,69.11,70.46,3.07,18.5,71.36,0.1629999999999999,5,73.53,1,2,3,67.78999999999999,0.25313,0.1977499999999992
70e09ca5-2dbd-4e32-944d-703d1985f7aa,76.97,68.71,66.75,68.51,2.83,20.8,70.81,0.394,2,64.49,1,1,2,67.72999999999999,0.28340000000000004,2.6016666666666737
8f0a43bd-1815-4e0e-92c4-09d46d24516e,82.47,65.59,55.7,49.63,2.84,22.6,82.81,0.741,6,58.81,0,1,2,60.645,0.33929499999999996,-10.306249999999999
a75e9f0a-d15c-4655-924a-40f8b67cbda9,73.25,65.47,64.28,75.59,2.92,24.2,75.15,0.919,5,68.56,1,0,2,64.875,0.285605,7.143000000000001
02a2f43f-7302-4f83-9bb2-73e264e84202,99.82,76.47,78.47,76.28,2.97,18.6,74.18,0.955,8,72.62,1,3,2,77.47,0.13947000000000004,7.817142857142855
5859ad01-35a6-420d-bc98-745b37f0c912,75.27,63.01,45.77,63.85,2.46,22.4,70.42,0.819,4,60.69,1,1,1,54.39,0.3442,-0.5936363636363566
338f9932-802e-47d2-94a0-74be420e9ad7,75.01,55.92,53.67,49.11,2.81,19.5,72.92,0.608,4,51.26,0,1,2,54.795,0.388245,-6.167500000000004
215d7f45-ab77-414e-94ba-0963706705aa,91.07,68.4,65.19,70.41,3.24,26.8,68.17,0.274,2,72.59,1,3,3,66.795,0.22410500000000003,1.0699999999999932
132a74cd-5345-40fe-8372-a0be349adcee,82.34,84.11,80.72,77.82,3.59,26.4,74.53,0.758,6,75.17,1,1,3,82.41499999999999,0.18993500000000005,21.19714285714285
e2ffd742-f4ea-453e-b6b8-17c6e379a3a3,84.84,54.08,44.41,47.32,2.63,24.2,71.98,0.967,6,53.24,0,2,2,49.245,0.37094499999999997,-17.160769230769226
70471f6c-c5de-41a2-99ee-824374db6c26,84.58,84.73,75.81,70.31,3.46,22.4,87.31,0.5690000000000001,4,74.78,1,2,3,80.27000000000001,0.20993999999999996,12.113750000000003
d305d0d4-fd06-40ad-8118-f0dd92d4b9ad,71.23,62.26,54.04,59.07,3.24,22.8,79.4,0.641,2,59.15,0,0,3,58.15,0.36341999999999997,-2.8299999999999983
2aee085f-4ef6-4037-ba83-d8c35044df96,96.25,58.19,67.26,65.09,2.82,26.6,91.52,0.741,8,66.08,1,3,2,62.725,0.23155499999999996,5.153750000000002
03f86f5e-c879-4d79-9745-68334fc6bc2c,86.47,68.78,63.48,73.55,2.91,26.9,66.27,0.511,7,73.69,1,2,2,66.13,0.23508000000000004,-2.1480000000000103
607c0183-b5c5-4257-8717-6d38cb8cedcc,80.04,77.88,78.33,70.2,3.46,23.1,87.5,0.43,8,73.42,1,1,3,78.10499999999999,0.234925,-4.217500000000001
3c5e21e2-abdb-4968-80b6-868d317d2989,73.2,54.96,58.56,54.39,3.12,19.4,89.5,0.825,6,55.93,0,0,3,56.760000000000005,0.37375,-3.537142857142861
bf68b640-e419-4b6b-9484-b2e4e0a6c055,99.47,74.78,78.45,79.03,3.3,26.1,93.11,0.312,4,81.05,1,3,3,76.61500000000001,0.13518499999999997,15.587999999999994
e3adc68e-300b-45e5-aaf9-75be9b3c4886,85.93,57.01,64.54,56.24,3.1,20.3,74.47,0.806,3,60.29,1,2,3,60.775000000000006,0.3052349999999999,-6.297499999999999
a15f44c9-03d4-4c04-9865-1dc8ada3bd3d,87.86,75.73,70.98,70.56,2.96,21.2,81.46,0.4349999999999999,2,72.75,1,2,2,73.355,0.216815,-0.923333333333332
136aeda6-ec04-4ee6-9433-e108d778e3bb,65.5,61.93,62.27,53.67,2.31,21.6,84.65,0.31,6,57.94,0,0,1,62.1,0.39069000000000004,-10.547142857142859
72e5a6e1-f6f6-4662-a7fa-42e426bdd9e1,89.45,61.36,63.63,61.74,2.53,20.9,91.34,0.731,6,60.78,1,2,2,62.495000000000005,0.269495,-0.988749999999996
67d73e18-bc43-453a-90d6-6af0f68b3e7c,83.28,62.46,64.15,53.77,2.77,27.2,66.48,0.634,2,59.17,0,2,2,63.30500000000001,0.3156549999999999,-10.638333333333328
09754947-de96-4bba-85bc-42cecf796a9d,94.95,66.54,60.31,60.01,3.58,19.2,90.16,0.7849999999999999,3,64.54,1,3,3,63.425000000000004,0.249895,-2.576666666666668
17219f8d-7c80-451f-afd9-72230c386b9f,95.19,66.51,69.25,61.03,3.02,22.0,84.52,0.92,7,69.22,1,3,3,67.88,0.23251000000000002,-3.2562499999999943
a6f4ae84-02b6-43bf-9f79-120adf45cb17,80.29,61.45,62.0,66.59,2.93,29.5,77.13,0.991,4,71.9,1,1,2,61.725,0.29389499999999996,8.952500000000008
9535328b-b3a9-4dea-9989-234abeaf65f7,83.82,65.29,55.74,53.88,2.7,14.9,83.75,0.8039999999999999,7,56.98,0,2,2,60.515,0.321535,-10.821999999999996
7c42b952-6d57-484f-afed-9a011fe1a737,86.58,53.41,38.57,49.39,2.93,15.1,62.39,0.362,1,53.61,0,2,2,45.989999999999995,0.36754000000000003,-9.823472222222222
7cec2473-7c03-4003-a819-fb02d7b8f6a8,86.32,65.25,67.52,78.24,3.05,27.4,88.98,0.13,7,70.51,1,2,3,66.38499999999999,0.22084500000000007,11.61699999999999
64c01670-229e-4556-b4bb-c2f4519af0e3,97.06,67.98,69.99,61.35,3.19,18.6,68.76,0.3379999999999999,1,69.63,1,3,3,68.985,0.22075499999999998,5.024000000000001
4d5771d5-f729-4f7c-9374-6f7cfb3c105b,81.11,68.21,56.28,54.19,2.79,20.2,80.03,0.2,1,61.47,1,1,2,62.245,0.326255,-12.616666666666674
ccd8232e-2bd5-4b7b-893a-648e78465113,84.82,45.1,46.88,34.91,2.04,23.5,73.86,0.137,7,52.01,0,2,1,45.99,0.41802000000000006,-24.068333333333335
a639b809-4d46-4cbd-bf19-07467785b43b,73.08,68.63,68.02,62.12,2.99,17.9,75.91,0.475,4,64.11,1,0,2,68.32499999999999,0.31634500000000004,3.4880000000000067
ba696f3d-ecab-4047-ad20-459c6d9b9ae4,91.6,77.21,83.25,74.36,3.65,24.5,69.81,0.6910000000000001,6,78.81,1,3,3,80.22999999999999,0.16983000000000004,7.522857142857134
7da3324f-18a7-4669-8583-f8c065e7b7d6,86.27,86.82,90.14,83.63,3.68,32.2,66.51,0.636,2,82.74,1,2,3,88.47999999999999,0.13859000000000005,14.427142857142854
782e3067-9529-448f-bfc7-0b2659608ad3,79.48,83.1,80.28,85.25,3.56,20.9,69.51,0.448,8,80.35,1,1,3,81.69,0.18125999999999998,17.61800000000001
8c156a49-c4df-4257-ab9f-58f74619f1ed,86.33,70.49,69.83,67.89,3.59,20.9,70.31,0.709,8,69.2,1,2,3,70.16,0.24053000000000002,5.11359375
c1962116-e1a5-4e3b-84e8-8017d4c25275,92.09,62.46,70.23,66.79,2.72,23.8,77.34,0.893,5,61.97,1,3,2,66.345,0.23223499999999997,3.022500000000008
747e2c12-ef42-4e74-bd60-c0494507dd55,99.29,61.62,63.1,68.57,2.71,16.7,72.1,0.2799999999999999,6,68.92,1,3,2,62.36,0.21005,-4.410000000000011
0ea7ff3a-705d-4776-8bb9-a810bb46f551,85.32,71.23,77.44,69.53,3.65,28.5,71.93,0.4429999999999999,6,72.53,1,2,3,74.33500000000001,0.227125,12.520000000000003
38f02eff-8c30-4321-8228-d45f97d41093,76.13,70.93,71.67,79.49,3.5,28.3,74.51,0.965,5,69.16,1,1,3,71.30000000000001,0.24311,10.668333333333322
14230af1-a844-41f1-986a-9f3708b14b04,96.5,86.17,85.42,94.3,3.43,32.2,59.09,0.376,6,87.97875000000002,1,3,3,85.795,0.073715,31.040000000000006
f1af1ec6-5bc6-4ec7-8eab-97601146ea98,86.23,46.18,39.83,48.24,2.09,21.9,82.87,0.837,3,54.78,0,2,1,43.004999999999995,0.38134500000000005,-15.123750000000001
b15d5ced-32a6-4a1d-984e-18bea956178d,83.62,63.92,65.09,61.03,2.65,25.8,73.44,0.666,6,58.34,0,2,2,64.505,0.288915,-5.594999999999999
8264dacb-e49e-467e-b396-23cc4e44a75b,91.23,62.09,67.37,62.54,2.48,15.3,100.0,0.606,5,64.77,1,3,1,64.73,0.25327,-5.606000000000002
4bb98180-3fb4-4f9a-9f60-255b4d625439,90.34,56.47,67.03,61.17,2.38,18.4,78.98,0.363,5,67.54,1,2,1,61.75,0.26988,-1.3049999999999997
73a2da1f-80b7-410c-ac44-d3ce2d953e64,77.67,69.41,77.66,75.5,3.82,27.5,84.08,0.548,4,70.98,1,1,3,73.535,0.24221499999999999,11.194000000000003
50b0e450-2b8f-4050-926d-9b8e9b1ea96f,82.91,76.63,82.21,90.19,3.6,22.4,75.16,0.819,8,78.52,1,1,3,79.41999999999999,0.15953000000000006,25.74636363636364
0d09a438-00b4-4be8-8c26-b5aa12785df6,71.25,49.1,59.62,66.91,3.36,15.9,73.36,0.2319999999999999,8,61.21,1,0,3,54.36,0.35119,-6.280000000000001
d1c6ca9b-7e13-4453-bc18-ddd0246ec6ae,77.5,58.51,62.11,48.37,2.97,18.2,89.58,0.184,2,62.19,1,1,2,60.31,0.36396,-12.66555555555555
1deed87c-91e9-4735-9622-d1da6ead949a,86.14,65.2,60.97,58.87,2.27,18.9,82.23,0.974,2,65.32,1,2,1,63.085,0.28957499999999997,1.3599999999999994
0c467770-9460-4577-8a96-02bec1fa8736,94.08,67.1,63.06,65.92,3.04,16.9,89.62,0.5700000000000001,8,65.25,1,3,3,65.08,0.23067999999999997,3.6780000000000044
04686b36-0120-4167-bcd6-f73ed7907628,87.57,51.84,57.78,56.49,2.42,16.3,70.9,0.251,1,58.92,0,2,1,54.81,0.31582,-2.440178571428575
dfcc50de-004f-4196-9ba9-9af8eabb8490,69.86,61.81,54.4,61.49,2.97,22.3,75.72,0.834,6,59.93,0,0,2,58.105000000000004,0.36177499999999996,-0.6000000000000014
9f15bc7e-6850-4e2e-92cc-1ce89b39fa61,85.79,69.94,70.18,65.91,3.2,18.4,72.15,0.345,2,74.35,1,2,3,70.06,0.24892999999999998,0.04399999999999693
5bea7607-2822-449a-bf72-2056bc0eae01,98.47,68.66,72.07,64.74,3.11,17.3,89.02,0.765,4,66.97,1,3,3,70.365,0.200805,3.4737499999999955
8e0d1b28-422a-4123-aa40-a33b7acb9a8e,99.39,66.36,62.28,49.34,2.56,25.2,81.15,0.396,2,66.68,1,3,2,64.32,0.26146,-18.189999999999998
091073d9-82ab-4e24-ad94-5693534087e6,69.75,58.47,55.42,66.46,2.12,18.0,84.87,0.381,6,61.75,1,0,1,56.945,0.35078500000000007,6.1048437499999935
412756ae-61d0-460f-bcb6-e39cd0fe49ed,68.83,72.34,80.93,74.47,3.59,21.8,79.06,0.134,4,77.19,1,0,3,76.635,0.27136499999999997,7.112857142857138
24a157a9-b010-40ca-a689-605d616b5d2e,84.04,45.1,37.94,33.71125000000001,2.01,22.1,83.56,0.362,2,43.84875,0,2,1,41.519999999999996,0.4381462499999999,-25.502222222222215
918f4700-3673-4a82-9a4e-1cb0f288e435,72.46,70.86,61.04,62.4,2.84,28.3,60.63,0.604,1,59.88,0,0,2,65.95,0.32511,1.592499999999994
b25d27d3-d9b5-489d-aa2d-ac35a55ab5f8,77.46,57.18,50.82,48.1,2.0,18.1,81.29,0.529,3,59.89,0,1,0,54.0,0.38386000000000003,-18.21399999999999
c670c974-19be-4b37-bcc4-14956ce7ab9e,70.07,61.03,74.24,63.01,3.29,18.3,88.67,0.5519999999999999,4,64.01,1,0,3,67.63499999999999,0.3277850000000001,-8.797142857142852
20db3a5b-e19f-47ca-8e26-308a2a68f06f,96.6,65.23,65.58,60.5,3.14,25.4,72.03,0.921,7,65.97,1,3,3,65.405,0.23588500000000004,2.1612500000000026
32f3cecc-5941-471a-b1a0-bfe8c48abcd6,86.09,74.63,67.64,75.03,3.44,24.6,85.67,0.833,6,67.6,1,2,3,71.13499999999999,0.217145,3.907499999999999
297482f6-7cb6-410c-b465-1bef0fdad15b,95.34,57.28,58.76,62.17,2.93,17.6,85.82,0.519,6,62.6,1,3,2,58.019999999999996,0.25806999999999997,-2.608571428571423
20be09a3-6f7a-48e9-8cdd-05f13c32d32a,98.83,65.18,73.88,72.28,2.94,22.8,85.34,0.4009999999999999,5,74.86,1,3,2,69.53,0.17924999999999996,2.625
7073f65a-bfcf-43e7-b957-94be0b569959,87.86,53.78,53.94,40.07,2.64,20.1,85.79,0.488,4,56.38,0,2,2,53.86,0.36677,-23.009999999999998
0015756e-2026-4604-b499-0c93452bdac4,89.1,53.54,64.1,60.45,2.79,23.6,88.7,0.607,7,61.64,1,2,2,58.81999999999999,0.28579,1.3081818181818292
d71533dd-45ee-40d6-9fdf-bafad4b7dfb4,96.97,61.47,71.13,70.17,2.53,21.0,76.95,0.884,1,63.9,1,3,2,66.3,0.20271,-7.193333333333328
731e6927-b514-4408-8107-a9d66e72de07,95.87,68.02,74.0,65.68,2.75,28.5,84.17,0.321,6,74.06,1,3,2,71.00999999999999,0.20644999999999997,0.5700000000000074
0ef6e7ee-de48-4dbb-94b4-1624b6d144bf,93.66,65.36,68.88,60.97,2.65,25.8,82.18,0.445,4,72.02,1,3,2,67.12,0.24109000000000003,-8.063333333333333
ef48569d-e5ba-4cb8-b8a6-3cf4b1201086,68.92,84.27,91.15,91.96,3.53,34.1,82.48,0.727,4,79.63,1,0,3,87.71000000000001,0.18531000000000003,23.378
f79db23e-d73e-48b8-885e-dc3a04d87744,81.23,55.3,42.96,49.08,2.9,22.8,82.76,0.242,3,58.53,0,1,2,49.129999999999995,0.38045,-9.39
884c6660-31f5-4b10-8151-3236610841e1,67.64,75.12,76.69,76.85,3.78,22.2,86.85,0.994,6,70.44,1,0,3,75.905,0.271175,7.2011111111111035
dcef885f-4f0b-4960-a512-2127940bf6ca,94.26,69.89,64.74,72.43,2.67,18.4,73.13,0.354,5,69.34,1,3,2,67.315,0.20372499999999996,7.025000000000006
49f16d54-5480-4a68-a26d-86bc760e47cd,70.24,66.52,62.06,66.51,2.91,24.2,94.59,0.554,8,63.29,1,0,2,64.28999999999999,0.32664000000000004,-2.192999999999998
090a5e75-b9bf-4f9f-88c5-1b3c77b20138,90.31,72.54,65.76,58.54,2.81,19.5,86.21,0.315,2,72.7,1,2,2,69.15,0.25569,-2.7920000000000087
ae7755c5-110b-4aae-a606-e6b5fe761c7c,89.42,62.95,66.39,62.52,2.79,21.5,64.8,0.795,7,62.29,1,2,2,64.67,0.26075,11.575000000000003
0063c03f-c500-42c9-8a11-28d978024e25,96.56,69.97,66.89,76.23,3.26,20.7,86.26,0.244,4,77.09,1,3,3,68.43,0.17977999999999994,0.11499999999999488
042c853a-558a-4603-9ca0-54523676acff,75.5,82.18,83.86,72.03,3.11,30.5,81.07,0.836,3,78.42,1,1,3,83.02000000000001,0.23284999999999997,8.041250000000005
a82a7402-d6c7-4b00-b1f8-0599ed0063a1,69.5,63.43,53.08,54.75,3.12,23.5,97.87,0.889,3,58.97,0,0,3,58.254999999999995,0.382985,-1.2224999999999966
1c54d822-f261-447f-a153-b884886df05b,99.52,68.9,61.07,57.64,2.79,20.6,68.35,0.618,4,60.05,1,3,2,64.985,0.23404500000000003,-7.513999999999996
251f0683-3ad2-4385-8b26-daf871f44179,99.1,80.6,79.87,79.5,4.0,33.1,87.69,0.665,2,78.66,1,3,3,80.235,0.12439500000000002,7.623999999999995
474aa98f-fdce-4486-9240-c94b000b93b2,73.86,64.17,69.97,66.45,3.41,22.1,78.27,0.1649999999999999,8,65.47,1,0,3,67.07,0.304,-2.973333333333329
1202791f-69a3-48e6-9549-65e37b699f0f,85.29,67.83,64.07,69.24,3.43,19.0,75.3,0.5599999999999999,6,71.53,1,2,3,65.94999999999999,0.25327,4.15285714285713
8cad24f8-5bc4-4118-aee5-e5f5662964ba,79.65,58.91,59.64,52.17,2.29,21.3,80.64,0.921,1,56.97,0,1,1,59.275,0.34706499999999996,-6.168749999999996
e4ec4188-c4e4-4fde-a474-21e580572d7e,86.62,61.14,61.57,54.38,2.55,20.3,74.4,0.347,4,57.98,0,2,2,61.355000000000004,0.30631499999999995,-1.223124999999996
e328ffad-788d-4ecb-8b21-8fb26b88b0d7,90.84,79.97,79.65,87.42,3.81,22.9,82.61,0.118,3,80.25,1,2,3,79.81,0.13495,18.622727272727275
17f11129-c812-499e-b5fc-c59cb7464ec1,82.8,69.9,58.53,60.19,2.58,19.3,76.49,0.131,4,65.8,1,1,2,64.215,0.29558500000000004,-2.0150000000000006
b2ffbb06-8e9e-4806-b705-5b438433017d,72.83,92.12,86.89,84.92,4.0,26.1,72.2,0.512,2,82.64,1,0,3,89.505,0.18540500000000001,18.360000000000014
bbdcf907-4dfe-45e7-9d60-6957ad4f75d7,92.15,60.72,60.12,55.24,2.25,27.2,85.97,0.5549999999999999,4,64.05,1,3,1,60.42,0.28441999999999995,-6.474444444444451
f245941e-fc0a-457b-b1fc-00d7805305a8,75.75,64.82,65.2,63.98,2.79,23.2,76.06,0.111,2,67.81,1,1,2,65.00999999999999,0.31003000000000003,-3.027142857142856
cded1f12-22f2-461a-ace7-87e2c4f4afd3,74.59,71.85,69.17,67.36,3.12,24.5,81.32,0.317,1,68.27,1,0,3,70.50999999999999,0.28803000000000006,4.637500000000003
dbf923f3-ecf5-4859-b9b7-a7103006a1eb,95.21,56.42,54.48,49.02,2.13,13.1,84.34,0.4669999999999999,6,56.61,0,3,1,55.45,0.30574999999999997,-8.162857142857135
a7484fdd-a37c-48a5-9838-87508810729f,97.67,48.14,46.17,66.05,2.0,18.5,86.02,0.126,8,61.2,1,3,0,47.155,0.26970500000000003,4.391999999999996
15273a48-c9c2-4056-bc90-345635e135cb,98.38,56.91,57.89,50.78,2.24,23.1,78.92,0.819,2,60.66,1,3,1,57.4,0.28193999999999997,-13.663636363636357
131b81eb-f560-4873-949b-965c1deaab51,83.69,73.58,74.36,79.97,3.66,29.3,88.88,0.934,5,74.73,1,2,3,73.97,0.20342000000000002,10.55749999999999
5860c1b5-90e9-4ff2-b51e-00cdd047114f,97.94,60.66,64.26,58.19,2.27,16.1,81.95,0.424,2,67.35,1,3,1,62.46,0.24629,-1.0787499999999994
aa67e818-d391-4cdd-b278-72489c992919,70.08,68.92,73.05,78.13,3.63,24.2,83.36,0.624,4,68.99,1,0,3,70.985,0.272335,15.749000000000002
1693123d-1919-4d67-8421-82f705fca8df,83.81,52.71,57.79,61.8,2.34,19.8,80.33,0.635,3,63.34,1,2,1,55.25,0.31360999999999994,5.890000000000001
822d4198-6417-4be1-84af-1e73e7c0f8eb,65.35,59.77,59.83,52.69,3.05,25.9,72.18,0.403,5,57.93,0,0,3,59.8,0.40113,-9.943999999999996
5d03a6f1-18cb-4dbb-bee7-0b1d568e7eb2,93.24,52.2,49.65,44.8,2.6,24.4,58.98,0.837,4,54.89,0,3,2,50.925,0.3398650000000001,-18.563750000000006
cebc59b6-c528-4bd4-b1c9-7eef9fb8e129,66.56,66.54,59.19,65.11,3.01,25.2,79.98,0.964,3,57.86,0,0,3,62.865,0.349835,-11.485
2c45a609-6c14-4fa5-b3b9-bb5cd601983a,76.02,66.3,68.19,78.01,3.36,22.0,80.22,0.307,8,71.52,1,1,3,67.245,0.26015499999999997,13.686666666666667
0d5b8644-e0cc-45ef-a824-fd3f65a9b90d,65.47,54.43,61.39,54.69,2.53,18.4,75.0,0.411,4,60.7,1,0,2,57.91,0.40031999999999995,-8.442500000000003
dc537194-8261-43d2-abbe-c47ed3fc8a75,75.59,75.68,66.88,75.3,3.53,21.3,81.42,0.3299999999999999,8,70.39,1,1,3,71.28,0.2579,9.454999999999998
91547e6f-409e-43d6-8f31-fd17160304e0,74.86,61.07,59.96,48.31,2.88,26.8,76.6,0.475,6,58.34,0,0,2,60.515,0.37408499999999995,-10.321999999999989
875acc03-6888-4723-aff0-c1e9728838a3,67.74,85.08,85.19,77.49,3.99,23.1,81.73,0.776,7,78.14,1,0,3,85.13499999999999,0.24116500000000005,8.183333333333337
d600740d-fbf2-4ba5-a2ed-88882a485765,90.12,71.02,59.34,67.22,2.96,17.7,72.43,0.96,7,64.08,1,2,2,65.18,0.24231999999999995,7.353999999999999
7e881a3c-35e3-4bd7-89f2-96b846428cda,94.15,64.96,70.73,79.71,2.97,23.8,82.08,0.362,5,75.87,1,3,2,67.845,0.18073499999999998,20.49652777777777
76cd4e78-ecf3-402f-9876-53607835b2dc,96.24,65.65,63.02,68.89,2.52,26.6,86.43,0.438,7,74.0,1,3,2,64.33500000000001,0.21536499999999997,-5.146666666666675
d8df66bd-dccd-45e0-aea8-60750e02f3b0,99.9,63.35,64.63,70.69,3.73,18.4,77.27,0.8009999999999999,7,68.87,1,3,3,63.989999999999995,0.19635999999999998,-5.060000000000002
4e8157d6-f920-40aa-8e45-44db62ddef4d,69.02,61.57,65.15,64.69,2.88,22.9,74.8,0.923,2,66.68,1,0,2,63.36,0.33977,-1.8925000000000125
ed7bbb25-ed89-49c6-bd71-caf87308a563,81.64,64.42,62.66,87.32,3.2,17.6,77.73,0.883,1,70.98,1,1,3,63.54,0.22086000000000003,21.6190909090909
f49f96f5-a2b6-441e-b213-6e96b7519f40,71.7,39.72,39.83,35.69,2.4,13.3,73.87,0.931,5,43.84875,0,0,1,39.775,0.48680499999999993,-26.476666666666667
3a68a1f5-c631-43d7-baed-52bd6de6ca79,88.08,76.88,70.97,67.5,3.12,26.5,79.81,0.484,5,73.82,1,2,3,73.925,0.22340500000000002,-2.026805555555555
1efcad68-1e9a-4d85-bad1-70e9b0153c50,99.36,62.72,61.53,68.64,2.87,18.9,95.41,0.943,8,69.84,1,3,2,62.125,0.21026499999999998,8.54
6fca78c5-8789-4873-b800-820bb1074576,86.63,64.7,71.62,73.11,2.76,28.8,87.04,0.262,3,71.26,1,2,2,68.16,0.22967000000000007,11.269999999999996
f7dbbefb-0cdd-4cd5-92cc-5fc8eefb4a82,94.35,57.57,61.65,39.86,2.52,16.3,75.78,0.786,3,60.34,1,3,2,59.61,0.32419,-15.93
15f6a7af-b596-4b5f-88bd-f7c7430ad8d6,94.05,57.26,59.69,76.21,2.65,16.6,77.4,0.877,5,67.69,1,3,2,58.474999999999994,0.21974500000000002,3.6316666666666606
ed84f921-3c04-4ee4-bb89-732448061e79,72.28,89.05,91.16,85.82,3.93,27.8,98.94,0.756,1,82.08,1,0,3,90.10499999999999,0.18310500000000005,19.726527777777775
bb635561-b67e-4e0c-9aae-981eb4954980,84.05,61.93,67.18,68.87,3.28,17.5,79.71,0.919,5,63.76,1,2,3,64.555,0.263525,0.4230000000000018
58712cf5-f31c-440f-85b2-98cfa9edae82,82.76,68.13,75.91,78.1,3.14,27.8,82.91,0.185,4,74.94,1,1,3,72.02,0.2186,13.597999999999999
3c909f23-dce6-4f83-8d52-b1816a151b48,78.34,60.55,52.49,55.84,2.75,22.2,72.03,0.292,7,57.77,0,1,2,56.519999999999996,0.34956,-10.739999999999995
32618753-cd55-4a63-8d27-02fa98265935,89.81,55.98,50.97,54.14,2.7,19.1,86.77,0.7929999999999999,8,61.18,1,2,2,53.474999999999994,0.317915,-7.1875
34e14081-0207-4dae-a43d-b7c8f519dc99,97.55,59.04,50.15,55.78,2.47,21.7,79.68,0.625,4,62.91,1,3,1,54.595,0.278675,-7.4609375
4e89f05e-611c-4c1a-b562-96488084b22a,68.43,74.35,78.48,66.53,3.73,30.2,61.87,0.581,7,73.24,1,0,3,76.41499999999999,0.297445,-2.7211111111111137
3247a989-945f-4f8c-b6c3-e4cfb07b4a30,95.35,64.66,69.66,62.0,2.54,24.3,67.04,0.924,2,63.02,1,3,2,67.16,0.23112000000000002,4.511250000000004
45c13c48-abde-4982-b3fd-babe2415653f,72.29,66.72,73.41,77.75,3.74,22.4,89.34,0.632,5,72.22,1,0,3,70.065,0.267395,9.544000000000011
1627d09a-2a26-4c57-aca5-e1673308592d,90.69,60.76,55.5,65.33,2.37,28.1,79.88,0.8630000000000001,3,69.25,1,2,1,58.129999999999995,0.26686000000000004,2.48888888888888
5f06f2e8-48f0-4522-8230-1075f976d877,80.48,91.27,77.77,69.27,4.0,31.5,71.33,0.388,7,79.0,1,1,3,84.52,0.21670999999999999,5.317999999999998
be25d7be-7e18-468f-ac7a-daf64d64293a,91.3,57.31,63.72,57.2,2.81,17.7,83.28,0.424,3,60.73,1,3,2,60.515,0.281655,-2.0687499999999943
6d3cc1cd-ffe3-4f21-835a-750802a370db,89.92,71.23,73.97,69.61,3.17,21.2,90.08,0.351,6,73.64,1,2,3,72.6,0.21369,-0.30750000000000455
2e6abb52-fe86-410d-9c6b-7195d1f0df47,88.13,51.47,54.54,55.24,2.57,22.8,78.46,0.356,4,55.92,0,2,2,53.004999999999995,0.32274500000000006,-7.392499999999998
7a05b6f4-e9c3-4bfe-b307-dd8b82102eec,91.85,68.77,57.87,55.59,2.66,22.7,74.01,0.5349999999999999,8,66.34,1,3,2,63.31999999999999,0.27587000000000006,-1.8899999999999935
e94966be-f233-4745-bb0c-8bb47388a8ce,95.27,68.88,57.95,64.37,2.72,20.6,65.27,0.5690000000000001,3,64.52,1,3,2,63.415,0.235565,6.173750000000005
bd8f13a2-d58f-4571-a40e-2690f564a853,88.81,82.53,81.91,87.41,3.48,23.3,83.23,0.79,3,79.32,1,2,3,82.22,0.13587,18.066666666666663
b07eb64f-2944-42d1-891a-e08c2209df01,81.54,67.55,54.83,61.74,2.62,17.5,85.52,0.125,7,67.6,1,1,2,61.19,0.30504999999999993,-3.604999999999997
cd2f4a78-9892-4430-80d8-5e2ae10d31dd,94.98,63.93,64.45,72.26,3.12,19.5,81.98,0.619,5,68.94,1,3,3,64.19,0.21072999999999997,7.283333333333331
452270d1-40ca-4862-87b6-b6009a53a02c,71.85,70.13,66.59,64.12,3.11,23.9,84.01,0.42,7,56.98,0,0,3,68.36,0.31516,-3.3559999999999945
4ad22d88-ef3d-4ec3-827e-9938d78e8038,89.2,64.46,77.69,62.31,3.33,25.6,79.66,0.773,4,68.7,1,2,3,71.07499999999999,0.243045,-1.6142857142857139
344a9002-1746-4c61-b1df-da9b9e2001d7,71.38,62.74,73.42,70.99,3.49,21.4,82.75,0.702,3,65.21,1,0,3,68.08,0.29727000000000003,5.894999999999996
ce9223c7-3984-416c-8460-b1153fd4eb1a,81.45,81.58,85.85,68.87,3.73,22.4,84.11,0.403,1,77.74,1,1,3,83.715,0.21644499999999997,6.236000000000011
8b17d6a2-edfa-4c2a-a41c-8ed080cf281d,68.63,56.64,58.39,58.71,3.16,16.3,95.75,0.636,4,62.29,1,0,3,57.515,0.376805,-10.49285714285714
f7418078-f368-416f-ba56-bfa80a7ba820,92.48,68.82,60.1,66.17,2.67,25.9,84.87,0.6559999999999999,4,63.6,1,3,2,64.46,0.23818999999999999,2.328333333333333
28f6f6ef-654a-4617-a7a1-ed079139b45c,89.26,43.41,36.19,46.46,2.2,15.8,90.25,0.7969999999999999,5,50.07,0,2,1,39.8,0.3841799999999999,-16.10818181818182
db8a2b7d-f7a8-40f7-9c75-a36c395b8536,74.1,58.61,62.14,56.19,2.54,26.0,92.7,0.35,6,60.24,1,0,2,60.375,0.353905,-7.022500000000001
32de8ff2-cf78-499b-aebf-1f524d2d1245,68.92,81.33,77.72,74.22,3.52,25.4,80.09,0.204,5,70.12,1,0,3,79.525,0.263085,14.32666666666666
3cf2a2f3-7b90-444a-95f3-3b27006276c4,89.45,64.12,62.64,66.55,2.49,22.9,79.29,0.993,1,67.02,1,2,1,63.38,0.25241,0.8166666666666629
3e8b875f-7cab-46e6-883b-de8e9aaedf67,83.63,72.69,66.92,74.01,3.86,27.0,73.63,0.877,7,68.48,1,2,3,69.805,0.23403499999999997,1.431666666666672
248dd1dc-9876-4eae-9cd7-a6d9dd2ab74c,83.06,56.45,70.43,61.26,3.07,27.5,80.18,0.515,7,70.05,1,2,3,63.440000000000005,0.29366,-1.990000000000002
ad988425-a8aa-4b5f-9b12-1c2e4415c877,80.6,80.46,68.33,69.25,3.72,26.1,75.27,0.3279999999999999,5,66.16,1,1,3,74.395,0.24666500000000002,9.176000000000002
149ce2fd-e2cd-4b11-8936-7967b32c778b,66.63,46.99,52.22,52.89,2.84,24.3,85.01,0.181,7,59.27,0,0,2,49.605000000000004,0.425995,-13.231428571428566
d43d04d4-2d37-4c77-af76-8506888d995c,81.91,68.64,78.93,78.09,3.35,19.5,68.21,0.772,4,65.5,1,1,3,73.785,0.216735,18.336666666666673
2ff2b560-6940-400b-9967-f5cd3d11bc00,72.63,57.74,46.7,48.23,2.41,15.1,85.32,0.441,1,54.09,0,0,1,52.22,0.40813000000000005,-11.399999999999999
2f245502-2497-419e-906d-40aa3b2fde32,94.99,74.96,67.38,74.94,3.36,27.0,84.67,0.987,2,74.0,1,3,3,71.16999999999999,0.18171000000000007,4.201250000000002
2a566f09-a89c-40af-a5dd-b42ed2570f4b,79.77,63.17,66.6,66.64,3.24,24.4,74.62,0.214,2,68.75,1,1,3,64.88499999999999,0.28634500000000007,-1.8200000000000074
075b1bbf-6d07-47dc-b1d8-061e87e93fb1,87.48,65.17,62.05,61.09,3.41,23.4,67.31,0.363,4,65.23,1,2,3,63.61,0.27598,-1.384999999999998
6146a977-00fd-454d-b3f7-35b294dec3ed,75.57,81.94,79.89,81.25,3.77,23.6,85.09,0.263,6,76.38,1,1,3,80.91499999999999,0.21122500000000005,22.99111111111111
48e0b3b8-9595-4a51-9f03-f3f8220e25cb,90.97,67.37,67.38,58.9,2.57,23.0,98.08,0.916,4,68.34,1,2,2,67.375,0.257295,-1.2466666666666697
45857c87-0301-4f1e-b51f-4b9f1ca94058,76.63,36.5525,35.681250000000006,41.36,2.0,8.900000000000006,79.71,0.5690000000000001,8,47.67,0,1,0,36.11687500000001,0.461049375,-16.83625
a9d36339-4c25-409a-b39f-4914e714e854,91.06,48.79,58.1,66.3,2.77,21.8,72.61,0.817,1,61.14,1,3,2,53.445,0.276525,-5.582222222222214
3ab6b621-6085-45bd-b662-0b0742c57c1a,94.66,90.96,71.55,81.2,3.35,24.0,81.04,0.979,8,75.41,1,3,3,81.255,0.133995,10.91000000000001
e70d78ad-d7e6-4704-bc7a-f326acf6ac6a,80.02,60.5,56.21,55.53,2.47,20.4,85.59,0.924,4,58.5,0,1,1,58.355000000000004,0.33826500000000004,-1.9587499999999949
e28f743e-d275-4872-adf9-69ed3b34dcae,80.52,74.95,82.47,80.51,3.97,25.0,79.7,0.928,5,74.57,1,1,3,78.71000000000001,0.20025999999999997,10.241666666666674
6dbd35f1-0b4f-4353-8286-74208db5cf7f,92.62,57.65,59.47,62.8,2.48,20.6,66.01,0.8630000000000001,1,58.89,0,3,1,58.56,0.26543999999999995,-0.04111111111112109
14816a6d-6221-49ed-93b6-53d8c30db5da,77.27,60.12,57.52,59.7,2.98,21.7,75.51,0.89,8,55.19,0,1,2,58.82,0.33536,-8.905000000000001
047a2127-331d-4be1-ad43-fc26ebb97546,86.38,62.42,57.89,51.44,2.48,14.5,74.32,0.5700000000000001,1,64.51,1,2,1,60.155,0.31969500000000006,-10.802
6b0d2258-33e2-4d2b-bbdc-6fd72325a30c,86.31,69.42,64.32,64.43,3.2,17.7,82.73,0.796,6,69.5,1,2,3,66.87,0.2608599999999999,-3.798333333333332
3bdd617c-862d-47ca-a92e-54bba29abcec,98.4,77.27,72.57,71.78,3.25,22.9,84.48,0.8560000000000001,6,69.81,1,3,3,74.91999999999999,0.16630000000000003,4.955555555555563
a5f9200c-f6c5-4862-9ab4-1bfaaf37249a,95.32,52.65,55.27,51.91,3.01,15.2,89.89,0.734,2,53.79,0,3,3,53.96,0.30111000000000004,-11.740000000000002
b03d4625-d3ff-4639-8cf1-7443d89cf664,86.05,70.75,69.72,67.37,3.01,21.7,93.24,0.728,6,66.7,1,2,3,70.235,0.24298499999999998,-3.587999999999994
256c1729-a35f-4c4f-84b2-4ec9f2147fdc,69.09,59.43,61.97,65.45,2.59,28.9,86.65,0.826,3,71.91,1,0,2,60.7,0.3451899999999999,6.777500000000003
31fd496c-4226-4a12-a1fd-87bfd2335d19,72.86,57.1,39.84,48.3,2.54,17.5,82.87,0.4669999999999999,8,49.69,0,0,2,48.47,0.41825,-8.88285714285714
8e0a69f3-bcf7-48b8-9509-c379842f959d,67.78,52.75,52.74,56.05,2.64,20.6,69.27,0.882,3,47.88,0,0,2,52.745000000000005,0.402495,-5.007999999999996
13741374-cd0e-4d0c-a6e5-3600ab2c4156,67.86,58.94,50.34,53.34,2.96,21.0,100.0,0.383,5,57.3,0,0,2,54.64,0.40462,-3.473333333333329
9eeeea45-8ed2-46ab-8c94-99a56f663b5e,81.78,51.46,42.7,37.39,2.33,15.4,73.7,0.836,5,43.84875,0,1,1,47.08,0.41947,-26.598749999999995
dcd7d217-6253-4e1d-8094-52e18dcdde5d,95.22,59.42,68.93,63.78,2.79,28.6,76.1,0.233,7,68.71,1,3,2,64.17500000000001,0.23525499999999996,-2.1200000000000045
59291a3d-a136-4b68-99e0-8092215346c7,92.88,66.12,57.68,69.7,2.81,22.0,85.2,0.744,4,66.74,1,3,2,61.900000000000006,0.23368,3.5460000000000065
37359f2b-8ca7-4b83-a63e-e697a1ac0b97,93.74,84.97,77.64,87.91,3.68,30.7,76.84,0.629,6,82.12,1,3,3,81.305,0.11739500000000001,22.64999999999999
b3946b05-4399-42d5-bc5c-d52d9bcf7cd5,93.6,62.17,53.12,58.6,2.81,18.1,72.99,0.8130000000000001,1,64.83,1,3,2,57.644999999999996,0.276865,-10.815999999999995
d6496c4a-67ab-4696-8d8f-57976bb35c0c,75.42,65.63,80.96,75.27,3.91,30.2,79.43,0.842,2,73.72,1,1,3,73.29499999999999,0.25262500000000004,2.396666666666661
685ebce6-59e2-4743-913a-fff222bef1b0,78.7,68.99,70.4,62.35,3.46,26.0,71.42,0.972,6,66.92,1,1,3,69.695,0.289065,-2.3399999999999963
b1400696-cd1e-4e28-b431-9906f0b88efd,92.75,81.75,74.43,74.92,3.7,25.8,81.12,0.665,8,76.53,1,3,3,78.09,0.16997,3.043999999999997
939bc3a5-deba-4593-a384-3a4d996521f4,65.2,58.13,55.9,62.49,3.39,21.2,78.58,0.745,4,57.75,0,0,3,57.015,0.380685,1.4309999999999974
1561c4a1-6e7f-44b4-87af-36165d26bbab,85.15,89.02,81.76,83.8,3.7,30.8,70.29,0.982,2,75.63,1,2,3,85.39,0.15182999999999996,19.230000000000004
8d3dafa2-455b-41cf-a68d-1688022cf4b7,88.45,46.96,43.91,37.39,2.37,18.8,90.16,0.155,3,52.08,0,2,1,45.435,0.39772499999999994,-17.305
72dd24e6-d7f8-40ff-a6e0-87f6ddb1c3d3,80.4,69.19,70.67,74.94,3.03,31.1,78.57,0.4,1,74.88,1,1,3,69.93,0.24378999999999998,11.566249999999997
7e16beab-825c-4125-8552-d56f4857e2d3,71.48,65.25,58.8,62.5,2.69,22.2,83.61,0.354,5,63.39,1,0,2,62.025,0.340505,-2.905000000000001
eb6e7576-420f-49ac-98b5-888ce442de0b,82.13,67.76,68.85,74.83,2.79,29.8,78.13,0.292,8,69.08,1,1,2,68.305,0.24207500000000004,8.25
009c9d29-cb5b-44f0-ab19-e79f608337e5,86.23,58.32,62.57,56.61,2.94,21.3,77.41,0.318,1,64.55,1,2,2,60.445,0.303915,-6.776666666666664
c954cc71-9be9-4ee8-918b-4a8be8a9ce15,65.32,64.08,55.21,64.49,2.66,24.6,73.5,0.5980000000000001,4,61.33,1,0,2,59.644999999999996,0.366315,0.12285714285714278
250a2942-cf22-4e3e-ab79-54ada38f2670,96.59,74.5,92.36,87.43,3.79,23.7,78.72,0.293,4,79.99,1,3,3,83.43,0.10105999999999994,21.742857142857147
52e2288a-0d29-4045-9c92-ed7c2afb2716,87.54,64.1,66.31,80.62,3.1,23.0,64.71,0.1169999999999999,7,75.09,1,2,3,65.205,0.21236499999999997,13.590000000000003
3d9d8be0-d3df-4d2c-9641-782d834369b5,85.57,64.26,45.37,59.36,2.96,17.5,78.24,0.612,1,60.23,1,2,2,54.815,0.31519500000000006,-6.326000000000008
1a548470-423c-4918-9ba2-3870496cadcb,89.37,52.11,64.77,56.99,2.83,18.1,91.38,0.944,7,61.83,1,2,2,58.44,0.29623,-7.350000000000001
9eaad703-1b59-4b39-92aa-436d6d628a3d,70.22,57.63,46.24,53.82,2.66,17.4,80.83,0.301,3,54.68,0,0,2,51.935,0.40185499999999996,-12.346666666666671
48c239ef-c14b-44f3-aaa7-12410fed4608,95.32,79.72,72.11,72.8,4.0,21.4,74.29,0.712,7,74.49,1,3,3,75.91499999999999,0.17257500000000006,2.607142857142861
a42ed225-c203-4dd6-9fec-41592dc859d9,88.82,56.44,63.01,62.07,2.59,24.2,70.04,0.729,7,65.55,1,2,2,59.724999999999994,0.279335,-4.039999999999999
666da689-4411-40cb-8f3f-b4a6e21581e0,89.87,66.48,59.53,62.65,3.04,20.4,77.4,0.658,1,62.94,1,2,3,63.005,0.263555,-2.1555555555555586
7beb9ed5-d348-4ced-af78-5442ba9d5d2c,69.56,71.11,73.74,68.02,3.95,23.4,73.72,0.628,7,69.86,1,0,3,72.425,0.30042500000000005,8.876666666666658
e469af02-0252-4536-a496-bd2b4bd45351,80.98,59.11,68.74,57.63,2.88,24.6,75.44,0.689,4,66.8,1,1,2,63.925,0.311415,-0.8733333333333277
197c6d8c-9ea8-4312-bb22-b9f1113d0084,79.62,68.43,67.1,81.8,3.4,29.7,79.97,0.671,8,72.73,1,1,3,67.765,0.23282499999999998,19.85285714285714
d9a4abbc-276c-4acc-b5d6-1cff36cc6b03,72.65,73.12,73.77,78.53,3.1,23.3,92.86,0.488,8,77.56,1,0,3,73.445,0.253475,15.450000000000003
48d4a05b-89eb-4142-b5fb-3ce1b4c80c0c,98.63,69.32,73.55,57.1,3.14,22.5,99.1,0.361,5,71.28,1,3,3,71.435,0.21987500000000001,-6.450000000000003
9890ceb5-f8ce-402d-88ee-58d0b2e0585a,73.24,65.42,57.42,69.11,2.62,25.2,70.0,0.526,8,60.86,1,0,2,61.42,0.31545,2.3142857142857167
2c2d7e50-fd6b-4212-9a3c-303c8dfd287e,91.61,69.54,62.93,68.81,2.77,26.6,88.47,0.596,5,72.99,1,3,2,66.235,0.22842500000000002,-0.4449999999999932
dfc8825d-dd62-490b-8f9f-a2fdd19fc825,72.69,58.28,61.58,66.72,2.98,22.2,74.23,0.978,1,59.89,0,0,2,59.93,0.32929,-1.0674999999999955
3c44d1ee-773b-4f05-ad85-730e37e9c99f,67.88,64.46,54.53,67.22,3.27,23.4,87.9,0.514,8,62.96,1,0,3,59.495,0.348335,5.539999999999999
bc312c79-8227-41fa-bb08-15098151e5ba,88.33,51.86,68.84,57.5,2.97,14.8,71.23,0.8720000000000001,3,59.41,0,2,2,60.35,0.29313,-9.416000000000011
8a56b92f-6aba-4d12-9961-b262d6ab7289,92.91,80.63,91.39,94.50125,4.0,26.0,85.72,0.557,5,87.97875000000002,1,3,3,86.00999999999999,0.08682625000000005,27.453000000000003
2f051037-4a8a-4022-b5c5-14d29405a885,80.22,60.6,69.65,63.92,2.83,18.6,81.54,0.381,5,63.88,1,1,2,65.125,0.29198500000000005,3.5648437500000014
74fb51e6-bcab-4dfa-b835-e325d1c580cc,73.65,54.4,58.3,64.63,2.76,24.4,87.14,0.5469999999999999,5,65.39,1,0,2,56.349999999999994,0.34245999999999993,2.0899999999999963
62e76342-bd65-4efe-b4e4-4b99c44f9084,79.15,43.64,48.04,35.48,2.15,12.7,82.52,0.841,7,45.16,0,1,1,45.84,0.43943999999999994,-28.260000000000005
76a0e188-dd25-44df-996c-5fc403c187b5,80.21,80.39,78.7,78.42,4.0,31.4,76.88,0.602,5,77.92,1,1,3,79.545,0.20526500000000003,20.06363636363637
12d82524-7a63-4f74-bbaa-0df0013cfcda,96.34,72.62,74.0,70.25,3.08,25.0,90.71,0.43,4,77.26,1,3,3,73.31,0.18395999999999998,-4.167500000000004
2f0867f5-b110-4e94-be63-94af3ade52c1,82.58,62.38,67.49,58.85,2.25,15.4,76.4,0.1139999999999999,2,62.05,1,1,1,64.935,0.298325,-11.103749999999998
74fdee82-e2a6-4ce2-899d-0d57ddbc6c5e,77.12,59.3,61.02,54.59,2.81,18.3,70.35,0.765,8,58.91,0,1,2,60.16,0.34726999999999997,-6.676249999999996
074a7a25-2a13-4973-b802-2129e2eacbb6,71.38,73.81,79.01,83.2,3.65,23.3,83.78,0.972,7,71.96,1,0,3,76.41,0.23565000000000003,18.510000000000005
aed26930-ebf2-418d-96ad-a1a7f241e4ed,97.08,72.68,71.48,70.49,3.13,17.0,85.32,0.11,2,74.97,1,3,3,72.08000000000001,0.18397,9.755714285714284
e1abbc1d-7d1b-44fc-b74d-c4d56b2af3ba,94.19,75.33,66.9,73.3,2.68,28.4,67.19,0.926,4,70.58,1,3,2,71.11500000000001,0.18999499999999997,4.984999999999999
8da428cb-21b6-40bb-a971-0eba16868a8d,74.27,56.45,63.64,51.56,2.81,27.1,82.0,0.806,1,62.42,1,0,2,60.045,0.36810499999999996,-10.9775
e4620f6b-c416-4c6e-ae76-fae7ea4fc5e3,73.44,70.01,62.03,61.69,3.75,18.2,81.03,0.507,4,63.37,1,0,3,66.02000000000001,0.32311,-3.3500000000000085
63018b6b-0bdb-4bff-88c8-52bfcfa2490c,88.98,70.85,56.74,65.88,3.28,22.0,74.85,0.247,7,68.23,1,2,3,63.795,0.255055,6.7171428571428535
dc8c259f-6758-4e0b-a0c2-c6c8fbfa3019,96.23,83.24,66.01,71.55,3.07,24.9,76.63,0.5820000000000001,1,68.67,1,3,3,74.625,0.17655499999999996,6.538749999999993
de54c333-56e3-477e-8fe6-4940b546da2f,86.73,64.52,64.9,64.55,2.27,23.4,68.53,0.184,1,67.04,1,2,1,64.71000000000001,0.2652999999999999,3.5144444444444503
035e326d-d965-4800-9daa-eb1b35b6150a,71.83,52.49,51.77,44.37,2.54,15.0,81.48,0.241,6,58.17,0,0,2,52.13,0.42318,-8.167499999999997
6b25e7c2-3291-49ea-80a7-23c1cdf33f4d,71.82,65.46,80.28,67.35,3.91,27.8,74.9,0.311,8,69.67,1,0,3,72.87,0.29206000000000004,-3.106666666666669
b32742de-1bc9-444b-aae0-873bbbdebe14,74.2,56.36,54.05,59.31,2.65,27.7,68.77,0.701,5,63.43,1,0,2,55.205,0.359655,0.21750000000000114
1aa5af96-7b8f-4914-9891-cf09a478c7de,80.25,83.84,84.56,84.88,3.41,28.9,82.12,0.752,6,81.77,1,1,3,84.2,0.17176000000000002,23.35142857142857
5ac356b4-f718-4de0-937c-8841661f847f,73.37,64.77,68.33,64.56,2.71,17.8,82.82,0.317,8,67.52,1,0,2,66.55,0.31318999999999997,1.8375000000000057
6a744989-6ea8-445a-b48e-69aac5534221,75.35,60.68,50.56,62.2,2.72,26.2,73.75,0.972,4,60.98,1,1,2,55.620000000000005,0.34513999999999995,-2.489999999999995
4866a735-4af0-4f57-a37e-c3e1543c4d70,84.21,86.86,76.86,75.65,3.79,22.3,84.89,0.413,1,77.93,1,2,3,81.86,0.19063000000000002,8.665714285714287
d68b8935-1671-429c-811d-d1429f06237e,99.15,69.77,69.39,68.05,2.58,21.4,70.63,0.252,5,70.14,1,3,2,69.58,0.19050999999999998,1.3422222222222189
9b77f719-b40f-48da-b43b-9e1add7afacc,77.62,73.63,68.99,57.28,2.71,24.6,89.22,0.324,8,65.57,1,1,2,71.31,0.30374999999999996,-5.270000000000003
6612b45f-7c24-40b9-b994-c524fd9c207b,79.28,63.3,76.89,63.63,3.59,26.3,77.17,0.294,5,66.15,1,1,3,70.095,0.28170500000000004,-1.885714285714279
e45ac6a7-e54a-494b-badb-de0b41890e9d,98.65,58.06,56.95,63.77,2.59,17.9,74.02,0.181,8,68.19,1,3,2,57.505,0.24157499999999993,-2.3514285714285634
d972b3b2-dfdc-4100-80e2-fc524e822f0c,66.59,54.19,56.23,37.3,2.93,25.9,85.62,0.826,5,48.9,0,0,2,55.209999999999994,0.45611,-21.372500000000002
8d966245-db75-4979-92a1-4d90434efc9c,84.16,60.7,67.25,59.08,2.51,27.5,78.78,0.683,1,63.18,1,2,2,63.975,0.29419500000000004,-11.444999999999993
58479141-0db6-4568-b059-ff9b286b8f20,93.7,65.86,66.01,67.5,2.86,23.7,86.38,0.266,8,73.08,1,3,2,65.935,0.22489499999999998,-3.2720000000000056
e5cb989e-6abc-4613-98fa-76a4aa72d5ab,79.71,66.19,68.22,66.13,2.79,22.8,74.1,0.602,1,63.53,1,1,2,67.205,0.28115500000000004,7.7736363636363635
2433edd2-9e3a-45bc-8093-4275a5d610a0,70.58,66.8,63.7,68.9,3.67,19.5,86.69,0.349,3,62.6,1,0,3,65.25,0.31522999999999995,8.42333333333334
eb3c7619-8db3-4ec6-9b71-9f907e36b55e,76.81,61.34,66.35,62.97,2.89,24.0,78.07,0.409,4,63.74,1,1,2,63.845,0.31231500000000006,-8.251249999999999
0fb79132-bdac-44e1-a29d-88beff9710a6,85.1,75.07,62.63,75.02,3.81,23.2,58.80000000000002,0.937,8,64.95,1,2,3,68.85,0.22799000000000003,10.681249999999991
5db3697a-7fac-475d-b43e-5c6170b6a8b5,81.99,60.51,65.45,52.6,2.97,20.2,88.58,0.21,8,64.36,1,1,2,62.980000000000004,0.32530000000000003,-16.169999999999995
7b3b8174-a18f-40ea-97a8-c357582777ad,95.83,66.34,62.53,59.85,3.12,26.4,92.75,0.5549999999999999,8,65.48,1,3,3,64.435,0.24382500000000001,-1.8644444444444517
612e8a98-1336-49e3-9038-c1e6f1b86da9,80.91,72.86,71.75,66.83,3.57,27.0,84.76,0.142,1,76.48,1,1,3,72.305,0.258955,4.869999999999997
0fa590b6-7096-4aa0-a8d5-11e01b98f846,96.55,79.86,72.95,69.33,3.33,30.0,86.53,0.238,4,83.19,1,3,3,76.405,0.176595,1.543999999999997
48b30ca3-dff7-4b2e-9f45-6e187c52aa9f,81.01,63.22,60.69,70.21,3.18,18.2,79.19,0.583,5,69.35,1,1,3,61.955,0.279465,5.700000000000003
26779433-35c5-4ef6-accb-6b4ad68fbfe8,91.95,54.05,51.89,53.15,2.81,25.0,68.22,0.8560000000000001,7,62.19,1,3,2,52.97,0.31384,-13.67444444444444
95318db9-0311-46f7-9317-ddf5449908e1,97.51,69.68,71.19,80.62,3.66,30.5,85.26,0.16,6,76.09,1,3,3,70.435,0.15679499999999996,10.318333333333342
3006a5c3-08c7-4394-b9fd-802310c72c0b,96.24,74.06,65.74,59.4,3.06,26.7,82.46,0.505,6,68.83,1,3,3,69.9,0.22713999999999998,-1.1579999999999941
6c232f44-e5a7-4cea-9a52-607fc40e8b3d,76.32,74.13,82.75,74.19,3.62,28.1,82.63,0.225,3,69.84,1,1,3,78.44,0.23683000000000007,7.290000000000006
697e526d-651d-4ea2-86be-dd177c942626,70.87,77.79,79.87,70.23,3.67,23.2,83.91,0.713,7,76.72,1,0,3,78.83000000000001,0.26933999999999997,12.786000000000001
783be9ec-6282-4801-9058-ad8723bd2008,81.09,61.04,49.13,61.03,2.71,21.2,84.46,0.532,3,64.53,1,1,2,55.085,0.327295,2.188888888888897
6c481e18-3c9a-4a37-870c-9d7b7508d429,81.01,60.78,53.25,52.76,2.24,18.9,75.97,0.756,1,56.35,0,1,1,57.015,0.34663499999999997,-13.33347222222222
c126d8bb-e86e-4747-a6bc-ecb79e8297fa,68.65,62.84,55.86,58.66,3.04,16.7,75.04,0.305,7,60.72,1,0,3,59.35,0.37137,-6.941666666666677
d859c5e3-77ee-4d07-81b8-06707994b29a,87.42,63.89,58.51,74.02,2.66,18.4,77.84,0.301,1,72.99,1,2,2,61.2,0.24466,7.853333333333325
18c8fabb-c772-47fa-ac12-e75e2dae56c8,71.11,63.99,66.7,53.03,3.03,26.8,65.28,0.152,2,68.05,1,0,3,65.345,0.360435,-9.89888888888889
f3cf99e5-03d5-44b2-831d-f77f767623f9,79.37,69.11,72.43,70.58,3.15,29.1,69.39,0.39,2,69.82,1,1,3,70.77000000000001,0.2584699999999999,8.326
4cfbacdb-ae9f-4f00-968d-c7e5eaadad22,86.19,51.84,60.81,55.51,2.62,16.9,71.13,0.526,3,58.75,0,2,2,56.325,0.319735,-11.285714285714285
65fc0837-8b75-407a-b570-c6881e0b06a0,91.08,61.0,63.76,53.85,2.83,16.0,88.64,0.607,2,67.67,1,3,2,62.379999999999995,0.28699,-5.291818181818172
7f27f31e-ed26-480f-907b-976bdf2e7fb8,99.63,85.58,85.87,79.52,4.0,29.7,75.0,0.605,6,80.59,1,3,3,85.725,0.10574500000000003,8.536000000000001
391c0086-1458-4704-901b-0c1d668e3e3c,81.36,66.72,61.31,66.74,3.25,27.7,81.92,0.537,7,65.19,1,1,3,64.015,0.282295,0.20333333333331893
3cd8b4bc-b05a-457d-a118-5a1d1fc056da,65.39,81.09,68.58,81.41,3.27,30.0,88.38,0.869,8,72.98,1,0,3,74.83500000000001,0.26970500000000003,16.987777777777765
4f40dff7-2ee8-4ea0-9f10-52ad2d7488d3,81.66,61.17,57.14,61.24,2.7,26.9,78.86,0.7150000000000001,8,63.23,1,1,2,59.155,0.31217500000000004,-0.4899999999999949
0ed13079-e7f4-4fd5-985b-5d177f446611,84.02,75.79,65.23,77.12,3.16,29.1,90.72,0.215,5,76.72,1,2,3,70.51,0.22102999999999998,17.14714285714286
154a910e-00af-4ff8-892d-a0c5b1c0c4cd,82.86,74.34,80.15,94.1,3.5,30.7,74.94,0.8019999999999999,3,75.86,1,1,3,77.245,0.154525,19.77833333333332
4a095e0e-f0fc-49c5-a575-64511daba940,78.9,68.94,65.49,69.72,3.26,19.4,78.34,0.264,8,67.85,1,1,3,67.215,0.2735949999999999,12.535714285714285
8123a704-75b5-4ed4-95f7-2c8ef1040885,65.4,50.6,46.96,48.36,2.08,19.4,83.85,0.173,3,54.04,0,0,1,48.78,0.44697999999999993,-28.078000000000003
03425e7a-3983-4032-8b39-1ea82969f929,93.62,70.0,56.73,66.5,2.81,28.0,78.9,0.8109999999999999,7,70.04,1,3,2,63.364999999999995,0.23592499999999997,-3.9344444444444377
06e3d9b2-165c-498d-be36-d90d537f0e8e,74.59,41.24,42.85,48.57,2.51,19.2,58.80000000000002,0.8380000000000001,6,49.63,0,0,2,42.045,0.42979500000000004,-13.273333333333333
d58014e8-a245-456d-9354-5537b056eb11,80.99,66.97,66.35,65.13,3.06,18.7,75.83,0.735,1,67.84,1,1,3,66.66,0.28067,-1.6357142857142861
586e0b8b-6e4a-486b-a168-322656e601b5,82.15,54.01,44.87,40.4,2.28,22.7,84.57,0.146,3,59.51,0,1,1,49.44,0.40187999999999996,-23.082500000000003
71f6ba01-dbeb-4448-aabc-407c8f21ef6a,90.84,55.59,60.91,60.72,2.01,24.1,93.67,0.1169999999999999,4,66.75,1,2,1,58.25,0.27973,-6.310000000000002
73cf8029-8074-4fac-8f9a-0a9394212690,93.95,74.27,55.49,70.65,2.91,17.3,83.68,0.953,3,62.53,1,3,2,64.88,0.21760999999999997,-1.4824999999999875
19498900-a17b-4ac4-a7cb-ec92847e54c7,77.24,64.76,62.05,69.55,2.52,16.9,86.48,0.125,7,67.26,1,1,2,63.405,0.292175,4.204999999999998
f9a02e30-ccdd-4c17-bb6c-2b07cab7b9ea,72.02,63.22,68.91,62.8,2.91,24.6,66.99,0.89,7,64.61,1,0,2,66.065,0.325325,-5.805000000000007
0aee7a53-f8ce-4c70-aa4d-3e53af61d7f3,99.1,65.05,55.52,69.6,2.85,19.2,84.39,0.248,1,69.83,1,3,2,60.285,0.21394500000000005,-1.4550000000000125
4e6a9a12-1515-4be2-96a7-ec42c3cbc937,87.46,74.56,70.88,75.98,3.32,28.3,94.44,0.529,6,83.18,1,2,3,72.72,0.20406000000000002,9.666000000000011
29458d00-bc6b-4a31-ae43-71999bfad490,87.01,85.92,86.64,80.91,4.0,30.1,73.94,0.901,1,79.56,1,2,3,86.28,0.15038999999999997,14.527500000000003
e5f7ba2a-b490-41c9-9af6-2fd7dfd64f01,82.46,57.43,72.49,60.47,2.86,26.4,68.25,0.526,4,67.83,1,1,2,64.96,0.2938700000000001,-6.325714285714284
1430833c-11ba-4425-a90a-04c8d3c6aa56,87.56,92.8925,91.03,91.13,4.0,33.2,83.0,0.1639999999999999,4,87.97875000000002,1,2,3,91.96125,0.10048624999999997,17.060000000000002
803d2f0f-0664-4f47-8865-a68985067b4a,73.33,71.02,68.98,66.27,3.06,24.4,87.49,0.971,4,64.88,1,0,3,70.0,0.29786999999999997,1.1850000000000023
3f38ce91-f78b-4015-8939-1ad612b3d1eb,85.93,69.8,66.83,58.93,2.62,18.2,74.9,0.433,7,64.59,1,2,2,68.315,0.274545,-1.1900000000000048
5b53f3a9-ac72-4eb3-a9e8-9358721ca9cd,78.58,65.32,62.56,61.85,3.32,19.3,72.25,0.3399999999999999,8,62.91,1,1,3,63.94,0.30831000000000003,1.5350000000000037
b528d9aa-5931-48b7-bd8b-7eb1503188df,87.93,47.28,51.77,51.29,2.1,12.8,88.22,0.93,8,55.29,0,2,1,49.525000000000006,0.34583499999999995,-7.920000000000002
171268bd-bfef-4d00-8850-5a9a9fbaa0cf,80.32,58.86,61.05,56.76,2.54,21.1,85.81,0.728,6,58.32,0,1,2,59.955,0.328575,-14.198
0c5d5162-c516-41df-96c6-b44f22472a92,93.04,49.97,60.15,48.35,2.59,16.4,80.71,0.508,3,58.11,0,3,2,55.06,0.31760999999999995,-9.835
8080565f-474f-4df3-8722-6a81101012cf,98.35,84.36,78.16,79.37,3.94,20.9,91.47,0.516,6,76.81,1,3,3,81.25999999999999,0.12471000000000004,5.575000000000003
595d9ce5-43db-4d08-8c24-6ead6ec16333,73.07,57.32,58.99,56.81,3.01,26.7,70.27,0.5940000000000001,1,59.09,0,0,3,58.155,0.36282500000000006,-7.018749999999997
b928e71a-d798-422c-a71f-2d83531f30bc,98.78,82.74,80.47,87.1,4.0,33.5,64.71,0.43,3,83.92,1,3,3,81.60499999999999,0.09876500000000003,12.68249999999999
f464e02d-9ed9-4708-bb33-561e80219633,98.11,75.86,70.67,71.25,3.46,27.0,82.64,0.958,3,70.78,1,3,3,73.265,0.17401499999999998,5.881999999999991
7a7c80bf-0a6d-4cbc-b864-6019ff5004df,81.56,68.38,68.97,61.82,3.32,28.2,100.0,0.308,5,76.54,1,1,3,68.675,0.282275,3.5790000000000006
0ec35996-157e-4eda-829d-f3cd348672fe,68.68,53.73,58.98,55.39,2.7,15.4,86.67,0.82,2,56.75,0,0,2,56.355,0.3900449999999999,-11.462000000000003
78be5a51-ed27-4ec0-8e90-ea7bb25e7765,87.87,79.11,65.59,81.63,3.53,31.0,65.37,0.1379999999999999,4,80.5,1,2,3,72.35,0.18658000000000002,27.663125
c2b52100-cdc7-4d92-ae78-c9d1ca2afe46,71.44,69.32,69.21,65.59,3.58,21.7,91.92,0.548,4,65.68,1,0,3,69.26499999999999,0.30967500000000003,1.284000000000006
3a273645-9c13-4cd3-b233-ced72aeab424,84.07,78.71,81.6,80.99,3.72,23.6,77.25,0.947,5,78.12,1,2,3,80.155,0.180285,13.689999999999998
035b53ab-ca12-40df-91fa-451e62a7febc,98.7,70.26,76.07,78.25,3.44,27.0,70.9,0.2759999999999999,6,76.1,1,3,3,73.16499999999999,0.150955,20.03
1421c0d1-9a7d-45b0-9acc-7e14a68c9e45,68.42,55.44,55.16,50.52,2.71,18.6,65.13,0.1669999999999999,5,56.54,0,0,2,55.3,0.40885999999999995,-15.6025
c52f9ca0-4ad0-4d0e-83bb-c35459356094,81.05,63.45,78.44,76.27,3.25,30.6,81.11,0.469,5,74.99,1,1,3,70.945,0.234155,7.161999999999992
47c57ca9-65e2-45bd-9890-063ff8763e88,75.6,57.22,64.62,60.39,2.51,16.6,80.09,0.378,4,56.55,0,1,2,60.92,0.33367,-8.866666666666674
abbc069d-d16e-4c5c-a047-5d68e33fbd95,84.99,37.65,44.72,34.11,2.0,12.3,85.8,0.156,8,46.53,0,2,0,41.185,0.43415499999999996,-28.33333333333333
2750220b-2ab2-4f56-8923-f73f7981c22f,77.85,57.68,48.3,60.78,3.13,22.2,66.51,0.315,2,61.19,1,1,3,52.989999999999995,0.34729000000000004,-0.5520000000000067
7674bdd3-1e80-4e8c-a7b7-8ed32423dd76,93.73,77.22,74.65,73.88,3.4,23.0,76.12,0.287,5,72.94,1,3,3,75.935,0.17563499999999999,3.447499999999991
f5c82bef-5dc6-4637-bb9e-dc2578217a63,71.73,63.4,65.74,56.22,2.28,19.7,87.73,0.375,2,59.96,0,0,1,64.57,0.35070999999999997,-9.265
8c1c9c78-8326-43ab-a0ad-e0355e022f83,93.3,65.63,61.49,66.51,2.76,24.0,73.23,0.631,7,70.91,1,3,2,63.56,0.23659,5.065833333333337
b5756b7a-893a-4391-8caa-09f016d7ca0f,98.13,50.5,59.23,57.01,2.82,24.4,74.54,0.79,3,61.77,1,3,2,54.864999999999995,0.27185500000000007,-12.333333333333336
da279144-5677-42b0-a6b7-dac0749aaf89,86.81,85.97,84.31,79.79,3.7,33.2,92.8,0.313,7,85.52,1,2,3,85.14,0.15796999999999997,16.13125000000001
51933e5e-eb7a-4253-94e9-805528d33d0d,75.84,75.09,76.96,71.6,3.19,22.2,87.59,0.375,1,78.08,1,1,3,76.025,0.253765,6.114999999999995
53a67fc8-981d-43d6-84b8-47f2d54639b6,75.3,77.53,75.35,76.11,3.48,26.7,75.64,0.62,1,73.76,1,1,3,76.44,0.24115000000000003,18.277187499999997
efd7d70e-67a1-4a08-9afd-3a1f9469e293,72.47,56.08,49.86,58.71,2.43,14.6,71.53,0.337,5,55.28,0,0,1,52.97,0.37508,-6.107499999999995
24140552-de88-4271-9ec1-cf461c2573ce,78.5,63.8,59.48,68.22,2.65,22.3,86.91,0.377,4,63.26,1,1,2,61.64,0.29641999999999996,-1.3799999999999955
16dbe8ba-6a78-47d4-951f-6a8e23c1fcae,86.0,73.56,85.07,71.16,3.14,23.8,74.7,0.646,2,76.93,1,2,3,79.315,0.20457500000000003,7.10499999999999
2335fd8a-6c2c-4b7d-8463-de128e2ae6d1,65.12,65.95,73.03,75.42,3.32,21.1,80.01,0.245,4,68.4,1,0,3,69.49000000000001,0.30478999999999995,9.239999999999995
7459be96-adab-4086-8cf6-300bf447cb61,76.85,54.67,67.72,67.49,2.87,23.8,72.32,0.119,1,65.52,1,1,2,61.195,0.30654500000000007,-1.8900000000000006
38c6bdfe-97ae-420a-8636-627979849ac5,80.21,81.26,81.0,80.01,3.63,22.0,78.62,0.8699999999999999,6,72.94,1,1,3,81.13,0.19574000000000005,10.39
b3d5c77c-256b-4ed1-abc5-45c05f7af849,66.37,59.71,60.87,65.12,3.49,30.3,74.78,0.413,4,64.99,1,0,3,60.29,0.35828999999999994,-1.8642857142857139
b34c3bd3-ad75-4ad8-b3ef-d71287066b00,87.98,66.76,72.09,60.73,2.98,23.7,95.44,0.761,1,65.63,1,2,2,69.42500000000001,0.257615,-9.202857142857148
dad3bc4e-87be-4699-a68a-ab25bcebc0c5,80.98,55.59,44.61,49.19,2.37,15.7,88.56,0.137,8,59.46,0,1,1,50.1,0.37821,-9.788333333333334
cff9a4df-910f-49d7-a476-7fd3fa05db38,83.28,65.57,60.61,58.96,2.52,19.3,80.48,0.901,8,61.92,1,2,2,63.089999999999996,0.30073,-7.422499999999992
3b6fa5a8-acbe-42d5-9eba-61ce4acda133,90.81,59.04,48.67,49.77,2.02,17.4,89.21,0.287,5,59.74,0,2,1,53.855000000000004,0.325885,-20.6625
0662ef00-49a5-488e-9f0f-a9e5c6d2ccc0,67.09,72.98,73.16,77.0,3.54,20.3,85.79,0.309,4,75.05,1,0,3,73.07,0.28143,8.025999999999996
ce420505-5d09-4605-9545-217d4aa1cb53,97.15,68.34,61.07,78.22,2.77,21.8,78.18,0.837,4,67.04,1,3,2,64.705,0.18262499999999995,14.856249999999996
e827a588-2249-4cf6-9ee2-4d20c4187c80,93.04,59.41,58.11,56.32,2.25,18.5,87.74,0.393,8,66.86,1,3,1,58.76,0.28259999999999996,-4.605714285714285
91f5b4c9-212f-4072-8cc2-27d172ef7ba7,98.39,63.95,62.92,62.16,2.68,24.0,79.17,0.1699999999999999,8,66.25,1,3,2,63.435,0.229655,3.3958333333333357
f69300ae-08ed-475a-b5c5-bb5cdae94bde,72.26,68.72,72.22,72.09,3.11,25.8,94.58,0.836,3,67.8,1,0,3,70.47,0.28328,8.101250000000007
d40d8a4c-4bcd-478f-a611-5c188be75da9,67.04,56.43,54.0,56.8,2.91,22.7,86.71,0.759,3,57.83,0,0,2,55.215,0.39579499999999995,-7.471428571428575
4d3cdcd5-81d9-4d3e-9a3f-5373767f263a,90.11,48.99,49.01,49.37,2.09,17.0,84.94,0.623,2,59.5,0,2,1,49.0,0.34445,-23.685694444444444
39d37fbd-b38c-4b1e-a4bd-6985bbc2c260,71.14,66.78,72.62,69.9,3.4,19.5,79.53,0.192,3,62.93,1,0,3,69.7,0.29663999999999996,4.377142857142857
4972172c-1a93-4d22-930b-d4a98910cd8c,65.01,56.13,56.47,49.51,2.72,19.0,81.52,0.643,1,57.38,0,0,2,56.3,0.42253,-14.907500000000006
531c98b5-e850-4f02-96b9-6da053e0e72c,73.41,84.46,78.34,74.94,4.0,30.2,74.44,0.597,6,70.99,1,0,3,81.4,0.23734000000000002,13.173333333333332
8ab0f9ce-57cf-4777-847c-85be2b99de9f,96.45,68.86,55.81,58.0,2.59,20.0,78.43,0.8390000000000001,1,65.97,1,3,2,62.335,0.253195,-1.8350000000000009
15e73afb-b6c4-4f0c-9d32-5117ea53c827,75.62,83.18,70.47,78.25,3.21,19.4,95.51,0.5860000000000001,2,73.6,1,1,3,76.825,0.23229499999999995,11.528999999999996
4e2e6eff-f7f9-4d59-9289-9ac3ff13525c,83.63,67.24,64.03,64.48,3.16,28.8,89.38,0.111,3,70.7,1,2,3,65.63499999999999,0.275135,-2.5271428571428487
02139355-d10f-44c4-b91b-ba9e2c91e1cb,79.0,53.44,51.79,42.63,2.1,19.9,89.29,0.188,4,59.57,0,1,1,52.614999999999995,0.398265,-20.28
77e90bb1-8da6-4f6e-aa8d-cb7d843613b0,93.17,51.17,45.95,42.73,2.3,20.7,89.74,0.828,6,54.57,0,3,1,48.56,0.35345,-12.983333333333334
e6b9f6f0-01a3-4fc6-9529-569c2176d2a4,87.24,70.32,55.69,67.76,2.77,17.4,96.38,0.44,1,70.75,1,2,2,63.004999999999995,0.25874500000000006,-5.3374999999999915
e85fb17d-a019-4688-9e46-547cf56eeeaf,93.27,53.24,55.09,64.6,2.86,20.4,81.15,0.6809999999999999,4,62.21,1,3,2,54.165000000000006,0.270625,-8.76428571428572
bec6eff8-02ae-4dd2-a31d-9fe70e920934,90.79,84.39,88.26,82.02,3.96,28.8,73.76,0.8869999999999999,5,77.9,1,2,3,86.325,0.13180499999999998,10.141999999999996
f9f5e2fd-e6ca-4eb8-8b32-bcfbbc2e544a,75.51,54.64,60.05,53.08,2.94,25.8,71.28,0.883,6,54.52,0,1,2,57.345,0.36668500000000004,-12.620909090909095
a95043b9-3c8f-422a-b5cb-02f532b3a27b,88.41,60.4,48.69,51.74,2.34,25.8,70.09,0.788,6,62.41,1,2,1,54.545,0.32750500000000005,-13.986666666666672
56485e65-7807-4ff6-9609-47159e5d0fab,90.4,89.35,88.41,79.34,3.8,26.4,71.02,0.935,3,77.69,1,2,3,88.88,0.13374,10.689999999999998
59e949cb-5252-484d-8451-cdcbcd80dfd1,98.66,73.49,76.46,80.33,3.1,30.3,81.94,0.196,2,79.52,1,3,3,74.975,0.139445,13.262857142857143
3c8c56f7-1486-4e59-9f6d-1aef3309f6a1,66.02,73.8,73.37,56.57,3.58,29.0,77.89,0.122,5,64.45,1,0,3,73.58500000000001,0.34545500000000007,-4.869
30ea5eaa-7bb0-438d-8105-f85003770fdf,80.16,70.25,59.2,57.36,2.65,23.0,78.48,0.647,3,59.79,0,1,2,64.725,0.313105,-5.1585714285714275
1f0b49c0-d49b-4e3a-8064-b87201d629f8,66.65,36.5525,35.681250000000006,33.71125000000001,2.12,19.6,68.59,0.625,7,43.84875,0,0,1,36.11687500000001,0.5239156249999999,-29.529687499999994
201061a6-2b50-4887-807d-afe40529e82a,93.08,68.5,59.06,66.97,3.0,25.9,72.77,0.471,4,72.38,1,3,2,63.78,0.23543,-0.14624999999999488
66e229ed-6511-410c-9451-a3876e78a1e6,95.45,49.47,54.94,53.33,2.54,25.0,80.45,0.775,1,62.25,1,3,2,52.205,0.301595,-2.6125000000000043
66ad6199-e619-41b6-bf1f-58a530de8c42,70.34,73.15,77.36,79.86,3.57,22.4,76.41,0.384,5,73.1,1,0,3,75.255,0.25329500000000005,10.581000000000003
c9553c44-6a7d-4e12-b290-016ea4655e63,74.67,68.87,73.24,70.19,2.99,27.9,68.19,0.345,2,68.74,1,0,2,71.055,0.27758499999999997,4.323999999999998
9ffbb1d9-bb1a-4d72-89a5-27bf0c977423,99.25,62.88,61.93,71.0,2.69,24.5,85.79,0.29,4,71.73,1,3,2,62.405,0.20278500000000002,17.788333333333334
dc48083a-ca35-410d-aec8-3bad52d1fbbe,77.15,63.27,55.0,62.02,2.7,18.8,90.08,0.462,2,63.57,1,1,2,59.135000000000005,0.3279349999999999,2.9485714285714337
e694af9f-7e0f-4c60-84c1-a7a31b1967ae,85.25,59.71,54.59,61.43,3.0,23.6,81.57,0.678,2,61.47,1,2,2,57.150000000000006,0.30326000000000003,2.519999999999996
9b02035b-9542-4042-8a2f-8b72e14f4275,65.71,57.11,55.62,51.24,2.58,16.6,96.25,0.5469999999999999,3,52.84,0,0,2,56.364999999999995,0.414345,-11.299999999999997
efbcb360-97b2-42d6-aa0c-15004e58febb,96.56,70.62,65.41,69.31,3.01,28.2,88.23,0.581,7,73.63,1,3,3,68.015,0.201785,0.058888888888887436
b354b773-7e01-46f2-9539-b6e43c4714b6,66.95,56.29,55.09,53.64,2.8,20.4,76.01,0.19,1,56.49,0,0,2,55.69,0.40421,-9.719999999999999
a6e6f13f-b2da-47bf-8a32-858535b880ca,86.53,53.73,44.78,54.67,2.42,20.8,72.68,0.142,3,57.93,0,2,1,49.254999999999995,0.34210499999999994,-7.289999999999999
8e3170e4-3187-4151-a58d-a5691b7f75f7,87.63,48.69,45.06,51.96,2.5,12.1,90.08,0.764,1,53.6,0,2,1,46.875,0.352975,-11.580113636363635
78778283-d439-4b03-a600-adc4025da0a9,79.14,60.48,53.09,69.23,3.02,19.3,91.44,0.577,1,66.77,1,1,3,56.785,0.305395,1.8700000000000045
8ddb12be-8473-44b5-b3f9-8593a9744a4e,89.57,67.89,66.52,60.73,3.82,27.0,87.96,0.489,6,68.56,1,2,3,67.205,0.25791500000000006,-8.2275
d3cf61da-fae9-41a3-ba3c-b9688778d789,90.33,73.07,69.49,64.13,2.73,20.8,73.27,0.874,5,68.39,1,2,2,71.28,0.23245000000000002,1.1700000000000017
145cf1cf-74c6-473d-bab3-84a3774a5c88,82.57,76.76,72.26,71.27,3.42,20.0,74.87,0.6719999999999999,1,70.87,1,1,3,74.51,0.23238000000000003,8.371666666666663
ebf28427-4878-4eaa-9ac8-663e96a3cd21,98.92,85.09,81.21,78.21,3.8,31.8,83.14,0.213,2,80.39,1,3,3,83.15,0.12023999999999999,14.3125
a2218b86-8bee-4c16-aa29-3cea3a072b79,93.46,71.27,69.04,59.79,3.43,26.5,86.33,0.122,6,68.05,1,3,3,70.155,0.23632500000000004,-1.649000000000001
e928673c-0247-4c08-9e6f-f87388eb8398,93.42,60.45,55.85,58.47,2.48,22.1,89.25,0.122,7,66.53,1,3,1,58.150000000000006,0.27646,-2.969000000000001
053290a0-f64a-48cd-8700-be8530fc783c,77.44,70.87,65.17,76.06,3.71,27.4,77.72,0.568,7,74.89,1,1,3,68.02000000000001,0.25799999999999995,6.340000000000003
889f948f-570a-4c7e-8e3a-29f90177be49,88.29,58.39,49.64,51.87,2.29,23.6,69.5,0.532,2,59.88,0,2,1,54.015,0.32918499999999995,-6.971111111111107
dfa7d2d9-f7a5-4a8d-a287-4c3e0bfc5bfd,98.09,64.82,64.63,67.06,2.71,15.8,71.06,0.696,6,66.27,1,3,2,64.725,0.212285,7.845714285714287
41edcfa0-6535-41e4-b148-385a49b6d810,86.66,66.31,62.27,58.29,2.78,27.0,75.13,0.317,7,67.16,1,2,2,64.29,0.28562,-4.432499999999997
2e65d482-7646-40dc-8d08-085b6f453f75,91.47,57.58,62.18,68.11,3.13,23.0,82.61,0.159,1,66.0,1,3,3,59.879999999999995,0.25015,5.88666666666667
5a3a77a6-bfab-4445-b810-9d941ff18bb5,82.22,74.53,73.73,80.01,3.69,25.3,58.80000000000002,0.955,6,69.86,1,1,3,74.13,0.20869999999999997,11.547142857142859
d072034c-0931-4ce3-95c5-e80f7c7d206d,73.24,50.15,43.49,52.35,2.22,18.2,78.22,0.655,1,53.94,0,0,1,46.82,0.40953,-10.229999999999997
e2220a6d-be31-481b-bfcb-f1e8b78f6464,77.04,60.34,63.46,62.59,2.88,17.1,85.42,0.373,7,67.52,1,1,2,61.900000000000006,0.31837,2.166000000000004
ddb9d7a8-83ef-444c-b542-eaef2886e927,66.26,55.57,70.83,68.53,3.11,21.3,84.27,0.268,1,66.44,1,0,3,63.2,0.33976999999999996,3.5374999999999943
498112e3-da27-4a86-9213-834bd72b0104,68.96,53.47,58.05,49.04,2.26,27.1,81.99,0.48,7,58.98,0,0,1,55.76,0.40976,-13.762499999999996
d4c78b51-d0d4-4c17-9c1a-67a8d3c26779,87.75,82.06,88.35,80.25,3.92,29.9,77.11,0.8140000000000001,8,84.5,1,2,3,85.205,0.152635,13.165714285714287
0a4100ee-f474-4a80-9c66-5c1ab33b0d6b,66.02,52.83,59.84,71.93,3.0,26.2,58.80000000000002,0.796,2,55.74,0,0,2,56.335,0.35112499999999996,3.701666666666668
f1f79218-a5c8-4b2c-b3cd-5c2b5e5fd1cc,80.55,65.79,66.37,75.35,2.34,24.3,75.4,0.94,5,68.18,1,1,1,66.08000000000001,0.25351,10.189999999999998
9ef7da98-9cdb-4337-b3ef-cecbbe864b48,68.82,57.48,61.01,62.97,2.5,24.2,82.34,0.999,8,61.29,1,0,1,59.245,0.35807500000000003,-0.5222222222222186
ed278473-c17c-47df-a3ed-cfa5f9cd35fc,81.36,74.45,69.96,78.39,3.23,27.3,100.0,0.2779999999999999,8,80.06,1,1,3,72.205,0.222775,9.087499999999991
9be87400-b6ff-480b-983e-f4a70c57f1c4,78.46,63.12,64.59,71.64,2.93,19.7,77.86,0.53,3,61.65,1,1,2,63.855000000000004,0.279675,6.875
a6016f47-5bcc-43df-8d34-e7ea2a54951a,82.92,75.14,82.67,89.07,3.48,24.9,80.06,0.764,2,76.34,1,1,3,78.905,0.164395,25.529886363636358
5409fff6-9b15-4f77-9500-5bdfebf8a753,68.99,92.8925,86.54,87.86,3.71,23.7,73.59,0.7809999999999999,7,73.56,1,0,3,89.71625,0.19131125000000004,15.227500000000006
27ba064f-c5cb-4692-9e9e-578712992f23,73.27,61.12,61.39,67.48,2.5,27.7,78.73,0.281,8,65.49,1,0,1,61.254999999999995,0.32071500000000003,2.635000000000005
e4abfb53-aa72-49fe-9fad-c749c0ca7017,67.7,62.47,54.93,55.89,3.38,27.0,74.74,0.264,5,63.69,1,0,3,58.7,0.38543,-1.2942857142857136
603d7651-482a-4314-b1ff-f3ac50f5d77f,91.99,50.48,54.29,59.73,2.87,25.0,76.74,0.849,5,62.0,1,3,2,52.385,0.29569500000000004,0.5414285714285683
3c41cd55-3216-4926-9a14-392da86a6f3c,83.84,85.01,71.17,80.12,3.35,24.8,66.69,0.7969999999999999,3,75.68,1,2,3,78.09,0.19000999999999998,17.551818181818184
8bceed71-41c7-434f-8ec5-ad26fc786408,73.0,58.15,65.51,48.27,2.66,26.6,87.98,0.186,6,63.95,1,0,2,61.83,0.3777,-17.509999999999998
c453275b-9fc8-4cd8-9b8a-3e88b582ddd6,94.11,76.15,64.12,59.82,2.52,21.6,90.04,0.8960000000000001,1,70.56,1,3,2,70.135,0.23369499999999999,-1.3933333333333309
5cbe22cc-e2fa-40db-9634-ad8269f538ca,88.51,91.65,84.62,75.82,3.16,30.2,88.57,0.409,8,81.17,1,2,3,88.135,0.15409499999999998,4.5987499999999955
74d9dc43-79ca-4437-bad0-07a436734e82,92.04,61.55,64.44,62.09,2.91,17.8,81.38,0.318,1,60.93,1,3,2,62.995,0.25658499999999995,-1.2966666666666598
f76dc20b-f230-43eb-90ee-854ed8285bc9,87.76,60.08,58.18,66.67,3.4,28.5,88.54,0.765,6,65.45,1,2,3,59.129999999999995,0.27155999999999997,5.403750000000002
eca64648-a1f5-4062-88c8-eeb4bc713db6,76.62,67.48,70.26,64.59,3.01,24.5,82.17,0.62,3,66.98,1,1,3,68.87,0.29313999999999996,6.757187500000001
326424fd-c75d-46cf-8ee3-1f0b2755d7da,67.96,60.93,62.5,59.29,3.19,19.6,96.78,0.306,5,64.01,1,0,3,61.715,0.365145,-4.472000000000001
19a9b722-acab-4aff-b312-87281431610c,65.21,57.35,52.17,48.85,2.47,16.8,81.94,0.108,2,54.2,0,0,1,54.760000000000005,0.42833,-2.5333333333333243
890afb01-ed5e-4c84-ba93-e0cf90974919,85.43,64.46,65.37,67.73,3.28,19.6,65.27,0.731,8,61.52,1,2,3,64.91499999999999,0.260345,5.001250000000006
d2188cd7-99cd-4737-9f1a-9ccee6268fab,92.94,63.95,61.63,51.41,2.97,16.5,69.32,0.215,5,59.19,0,3,2,62.790000000000006,0.28564,-8.562857142857148
50d7d3a7-2a98-4fbd-a88b-cfa57ad9e1d8,93.36,72.6,59.96,57.49,2.6,27.0,80.83,0.1169999999999999,8,72.91,1,3,2,66.28,0.25525,-9.54
6fb4ec43-9e03-44c3-8e47-dbaab6cf2cd9,82.62,52.71,57.87,51.49,2.08,15.8,68.46,0.8390000000000001,8,53.23,0,1,1,55.29,0.34918,-8.344999999999999
b57dec53-cfd4-4aae-99fe-b75de7838e0b,74.52,82.9,86.17,83.4,4.0,22.9,72.25,0.929,4,69.46,1,0,3,84.535,0.19811499999999999,19.315875000000005
3aa8221b-f090-4da8-a70a-74701868ddb5,72.03,52.88,70.09,55.79,2.93,25.2,82.57,0.179,8,67.8,1,0,2,61.485,0.36005499999999996,-0.36249999999999716
1f699237-c9c7-4c13-84af-7a71fc6801af,82.31,68.02,67.72,55.92,3.44,22.3,73.7,0.347,4,65.26,1,1,3,67.87,0.29938999999999993,0.3168750000000031
e2db087e-681a-4e20-bca0-c6381fb5a21f,82.19,52.62,48.86,60.76,2.54,21.4,75.96,0.454,4,59.4,0,1,2,50.739999999999995,0.33674,-2.81909090909091
3b4c7f97-d6c2-44b1-a688-84f5354fc36a,86.28,59.61,42.39,42.8,2.0,14.4,69.88,0.263,1,55.11,0,2,0,51.0,0.37348,-15.458888888888893
2c417550-5537-41d6-af77-c6d686e185f7,86.15,68.1,61.16,57.46,3.57,16.9,81.5,0.149,3,65.93,1,2,3,64.63,0.28912999999999994,-6.9666666666666615
879e397e-8800-4b66-a532-ebb99594aadb,81.02,69.2,78.05,74.55,3.35,24.7,88.88,0.359,6,72.28,1,1,3,73.625,0.23139500000000002,8.25
b99e8b6d-97d5-4e02-94ee-4b6133df0e02,89.44,71.68,71.83,78.61,3.11,26.3,68.34,0.8539999999999999,7,78.12,1,2,3,71.755,0.191145,16.957187500000003
ebb91087-2268-489c-97c2-0e5575d01ed3,76.16,61.33,70.17,66.6,2.75,18.5,73.45,0.861,4,66.09,1,1,2,65.75,0.29831,0.034285714285701374
d4ca798b-c784-4494-8492-8bceaeb08868,98.35,58.6,75.59,64.32,3.14,19.9,66.73,0.45,3,65.82,1,3,3,67.095,0.21235500000000002,-5.702500000000015
f23fa825-f2b9-447f-ac50-24ff5cbfe472,75.0,67.23,60.33,53.14,2.95,19.9,71.04,0.937,7,56.93,0,0,2,63.78,0.34924,-11.198750000000004
4c871cd6-a020-4d75-94f6-534fb09117d6,91.45,71.55,68.65,78.19,3.22,20.5,81.23,0.287,6,73.74,1,3,3,70.1,0.18933,7.757499999999993
cc3438a3-c524-4676-aaa4-61f767293fbb,91.83,80.05,78.17,82.34,3.63,30.7,81.12,0.759,5,80.22,1,3,3,79.11,0.14833,18.06857142857143
cac3180e-d31c-49c1-bfc6-2658bd3aeb44,67.77,70.65,59.53,68.35,3.13,27.7,81.18,0.104,3,66.9,1,0,3,65.09,0.3286,5.46142857142857
16d8441b-d587-4524-bec6-ab4e7414377f,95.68,66.86,47.29,55.18,2.1,24.8,76.63,0.6990000000000001,7,64.33,1,3,1,57.075,0.28051499999999996,-4.462499999999999
86e2a0e2-a662-4fa8-87a3-9c48a3bc7388,98.12,87.87,87.38,83.84,4.0,22.1,77.42,0.655,8,80.35,1,3,3,87.625,0.09312499999999996,21.260000000000005
059ff2d1-7ba9-4807-8cf9-3a37a6168cb8,83.54,58.36,66.17,66.82,2.35,16.6,76.86,0.506,7,64.88,1,2,1,62.265,0.27858499999999997,3.816666666666663
c2ba4b90-b75b-4cb1-a800-fb40d13e45a6,79.49,64.54,57.37,51.64,2.74,16.8,86.29,0.961,5,59.4,0,1,2,60.955,0.344255,-15.469999999999999
47003b05-9f85-4269-bf1e-4fc923b03ac6,87.16,70.22,72.92,67.94,3.08,18.8,72.45,0.817,7,63.23,1,2,3,71.57,0.23283,-3.942222222222213
13de74c6-c1d2-4da4-86c6-74dd9f84d7f5,81.29,71.34,66.21,49.14,3.27,20.4,87.3,0.614,1,58.49,0,1,3,68.775,0.32109499999999996,-12.198
5759d72a-c4bc-471f-ae88-878206382976,82.19,63.96,64.66,64.98,2.5,26.8,86.76,0.354,5,71.4,1,1,1,64.31,0.28336999999999996,-0.42499999999999716
50cfb629-9e74-43c4-ba7b-43c6ed1b3bf1,83.41,63.43,70.73,57.16,2.55,16.1,92.17,0.327,7,72.13,1,2,2,67.08,0.29364,-5.581111111111113
022d4c3d-a631-4218-a58a-a313b08b86d2,75.32,61.84,65.68,57.0,2.54,25.4,90.55,0.363,2,67.61,1,1,2,63.760000000000005,0.33643999999999996,-5.475000000000001
9a7ee316-d5df-4654-abd8-89bfd0c38fff,99.14,80.59,80.82,90.15,3.4,21.3,86.51,0.483,1,83.6,1,3,3,80.705,0.09087499999999998,27.28750000000001
61d31f36-ab3f-40d1-8260-ed46109d94b8,74.81,77.66,78.14,71.0,3.54,31.9,86.51,0.158,8,79.24,1,0,3,77.9,0.25406,8.61
e0fc0cf4-e76b-4e87-bae0-d77e28a8c130,73.07,66.39,69.71,71.28,2.92,29.8,86.87,0.706,8,70.58,1,0,2,68.05,0.28973000000000004,1.7660000000000053
1d715660-3477-44bd-816c-15aa4578b524,73.81,72.91,76.84,73.19,3.51,30.2,84.9,0.968,3,72.8,1,0,3,74.875,0.260565,10.251666666666665
e6bc0c18-8bdd-44f4-8430-612320ac6871,80.43,70.46,79.85,77.06,3.92,22.7,73.66,0.558,5,73.25,1,1,3,75.155,0.22163499999999994,9.608571428571437
f0272a8c-fa21-4be2-8f6c-1c62bfdab3e5,89.69,62.16,61.09,67.25,2.8,22.9,74.87,0.108,4,65.97,1,2,2,61.625,0.25461500000000004,15.866666666666674
2f8e263d-51ff-485e-b992-5f9fc392b078,92.27,57.06,57.38,49.39,2.22,21.5,71.2,0.605,1,58.39,0,3,1,57.22,0.31109000000000003,-21.593999999999994
760da1db-8698-4ec2-a7cc-6c067722f228,75.32,61.44,53.08,53.73,2.59,26.5,71.53,0.425,1,62.48,1,1,2,57.26,0.36575,-6.021428571428572
cac7b588-713f-42db-837b-fdb3e7399305,71.51,56.95,59.84,53.79,2.45,22.5,59.08,0.735,1,56.66,0,0,1,58.395,0.377405,-12.975714285714282
0c7fc4ae-648a-4e9e-9a25-e8e88a42fa25,87.49,61.38,56.76,67.83,2.37,17.4,84.83,0.646,8,70.74,1,2,1,59.07,0.26934,3.7749999999999915
9b5228a6-5898-44f8-a050-a5075106562e,74.08,66.67,69.47,68.72,3.69,30.0,70.6,0.7070000000000001,1,67.09,1,0,3,68.07,0.29331,-4.13000000000001
046faa66-1b06-470e-a9a2-9d74188e5e13,71.14,62.95,60.04,61.22,2.35,20.1,81.57,0.442,8,56.84,0,0,1,61.495000000000005,0.347295,0.1514285714285677
483665d9-8acf-445f-904f-8281de87935d,90.72,76.62,81.29,76.49,3.86,19.0,67.04,0.987,4,72.84,1,2,3,78.95500000000001,0.170785,5.751249999999999
47011af2-18df-4ab5-a277-a74f5cbdc716,85.15,68.96,69.79,74.82,3.08,19.3,66.13,0.42,3,64.67,1,2,3,69.375,0.226815,7.343999999999994
aa6c6238-e21f-4166-a8cd-af52bc2c849d,89.4,64.81,58.62,50.32,2.77,20.1,83.0,0.688,6,62.75,1,2,2,61.715,0.306295,-11.235
b890dfa4-a948-4102-8549-105c7cfa4ec2,92.93,70.01,63.8,55.99,2.65,23.0,78.5,0.404,5,66.49,1,3,2,66.905,0.25959499999999996,-12.984659090909098
142a4b06-4b4c-4e0d-adff-c5099073a57c,78.57,54.81,55.39,50.41,2.67,24.6,81.18,0.95,4,60.18,1,1,2,55.1,0.36919,-17.545555555555566
b3551ebb-540a-42a4-826f-5be3946e39dc,88.32,63.02,58.2,56.23,2.65,13.6,93.08,0.869,3,63.26,1,2,2,60.61,0.2962,-8.192222222222235
63734b18-c05d-40a5-b466-6ea77edf808e,72.61,50.35,51.82,69.52,2.25,18.8,68.06,0.975,5,56.21,0,0,1,51.085,0.34774499999999997,2.923333333333332
231463df-b65e-470f-84a6-b9b48ab5c014,82.52,88.29,88.3,81.71,3.87,24.4,80.34,0.936,1,77.88,1,1,3,88.295,0.15990500000000002,12.346666666666664
444bc38b-7054-489c-a322-20387864f083,92.55,62.46,50.06,47.57,2.83,15.4,83.9,0.607,1,53.02,0,3,2,56.260000000000005,0.31831,-11.571818181818173
3d1e1152-b59a-4345-965b-a1df346e1850,86.27,65.21,68.22,63.42,3.54,29.0,83.41,0.614,8,65.21,1,2,3,66.715,0.26451499999999994,2.0820000000000007
8222737d-b754-4bc4-956e-b51b1485d670,73.2,57.79,54.07,58.09,2.0,22.6,68.64,0.507,8,54.27,0,0,0,55.93,0.36513999999999996,-6.950000000000003
07c8979c-2544-46b3-82de-3824e0fbf0fe,79.65,67.75,76.74,72.51,3.18,20.9,79.03,0.248,5,70.76,1,1,3,72.245,0.24713499999999997,1.4549999999999983
731f352a-734c-45e5-a3cb-deb70934da5d,75.82,42.73,53.63,50.24,2.0,23.9,75.85,0.631,7,52.67,0,1,0,48.18,0.40146,-11.204166666666666
deae23d2-5f34-4bdc-9d96-d46055b6ca99,75.01,51.94,49.78,43.6,2.75,24.2,74.67,0.758,6,48.84,0,1,2,50.86,0.41658,-13.022857142857141
2b185d3e-75f5-4951-a9be-13095ce0563b,78.41,61.47,71.46,72.59,3.03,23.2,98.2,0.6719999999999999,8,69.48,1,1,3,66.465,0.269195,9.69166666666667
60552838-86a8-449b-8fb2-fa5b938e7c4c,74.65,50.41,55.94,44.94,2.06,17.1,62.28,0.682,3,52.03,0,0,1,53.175,0.407055,-14.838333333333331
beb71819-4930-4cfd-8633-90fc91239a1f,76.34,77.32,64.42,63.28,3.25,21.3,63.4,0.5,1,61.64,1,1,3,70.87,0.29218999999999995,4.82
25463f1f-360e-4235-b51d-d8ccbb52e771,93.6,77.5,76.04,79.26,3.71,24.6,82.82,0.306,1,82.91,1,3,3,76.77000000000001,0.15750999999999998,15.498000000000005
eb967642-3712-45d2-84aa-30422a25b6dc,68.99,56.11,61.3,56.07,2.91,21.5,87.22,0.8949999999999999,5,57.39,0,0,2,58.705,0.3797150000000001,-2.269999999999996
7139eba1-e8d7-4f30-ae9e-d9cc2144ef9c,65.73,65.15,63.31,59.15,3.22,17.0,79.38,0.639,6,61.82,1,0,3,64.23,0.36693999999999993,-9.95333333333334
c0dd97e6-6f5d-4881-b1f7-e4b19a7d06f4,69.42,77.04,79.91,86.94,2.97,22.6,75.91,0.2319999999999999,7,81.91,1,0,2,78.475,0.22607500000000003,13.75
54261333-a4b7-42bb-9a68-891ea1f3628a,90.92,66.98,69.73,59.89,3.45,29.7,58.80000000000002,0.378,4,68.58,1,2,3,68.355,0.25158499999999995,-9.366666666666674
e1795967-f056-4969-b8c7-efd2725b8f23,66.04,50.54,58.81,72.19,2.85,21.3,78.25,0.508,2,61.32,1,0,2,54.675,0.35524500000000003,14.004999999999995
420ea4d2-db33-45b9-82d6-70c718aa1e8f,83.82,66.3,62.23,71.49,2.58,20.5,72.66,0.534,5,73.08,1,2,2,64.265,0.25745500000000004,6.924999999999997
abc6ec07-ca1f-4adc-a6d1-0fcb4aca8903,89.59,58.59,60.84,44.85,2.76,24.7,80.3,0.538,8,58.6,0,2,2,59.715,0.327945,-6.68
f3677905-e849-44f6-9477-49d2816a7a93,75.43,69.9,76.85,81.67,3.21,18.0,71.62,0.181,3,71.26,1,1,3,73.375,0.23314499999999996,15.548571428571435
5cc16a80-26cf-466a-880a-0a9f99fa0484,98.77,51.34,52.71,42.95,2.89,21.5,86.5,0.753,8,62.16,1,3,2,52.025000000000006,0.319995,-17.437999999999995
e7a81387-f788-4383-b641-9481dfa82cff,84.97,74.21,74.5,79.05,3.34,28.8,74.22,0.881,6,73.41,1,2,3,74.35499999999999,0.19990500000000005,14.573333333333323
107d520b-bbdb-4ea6-bf57-9df20849d8be,79.57,70.3,68.3,75.07,3.15,20.1,75.79,0.817,2,60.93,1,1,3,69.3,0.24861000000000008,3.1877777777777823
be335dbf-d440-49b5-a16f-fd90b833139d,91.9,39.71,45.78,53.14,2.0,21.8,88.19,0.293,1,60.43,1,3,0,42.745000000000005,0.3447449999999999,-12.547142857142859
2ccea066-75b3-4747-ab67-940e25e26885,68.37,69.62,71.94,66.37,2.92,20.2,91.72,0.835,7,68.71,1,0,2,70.78,0.31506999999999996,-5.412499999999994
bbd1e19f-b2b3-4b31-8127-eb8dcaa696cc,65.35,69.2,62.42,73.77,2.83,25.4,78.06,0.61,4,62.39,1,0,2,65.81,0.31986000000000003,4.716666666666669
7beb1f17-dce6-4025-82ad-4006ad1b3eba,87.28,68.64,56.07,70.47,2.49,15.5,86.8,0.953,8,63.79,1,2,1,62.355000000000004,0.252405,-1.6624999999999943
84ed70a0-a777-4781-bad7-63db1f129d2b,82.33,62.19,57.68,63.44,2.55,21.1,69.18,0.736,6,63.61,1,1,2,59.935,0.30055499999999996,-7.284999999999997
ec1886d4-8d51-4fb5-ba58-4568a90f39f0,93.19,87.43,89.64,94.50125,4.0,33.5,71.3,0.718,1,87.97875000000002,1,3,3,88.535,0.07813125000000003,16.885937499999997
71a14e71-d011-4110-9608-a5d8904767d1,99.56,56.88,54.86,54.84,2.33,13.2,74.67,0.7889999999999999,3,61.92,1,3,1,55.870000000000005,0.2696299999999999,-11.477777777777774
4e37d9e7-a4db-4e82-bdf2-28465de66c2b,91.35,51.7,65.45,52.78,2.3,23.3,78.73,0.503,2,65.45,1,3,1,58.575,0.300535,-8.217500000000001
e4450367-5f26-4636-8795-0cc2c5221011,94.85,50.77,46.95,49.35,2.2,21.9,73.38,0.8779999999999999,6,53.43,0,3,1,48.86,0.32597000000000004,-11.38428571428571
7b414085-d5db-4513-89bc-b9ceaa099d1f,83.98,67.02,66.56,44.51,2.95,25.7,78.44,0.509,5,66.44,1,2,2,66.78999999999999,0.33018000000000003,-14.219999999999999
658e8da2-00de-411c-b032-e5f8a7ea8813,79.79,61.91,66.13,59.62,2.81,27.9,83.42,0.178,5,66.15,1,1,2,64.02,0.30992000000000003,-1.6450000000000031
38e2d224-5e08-40d0-be54-a62011f7c6e1,86.32,82.49,76.26,80.16,4.0,23.4,75.81,0.382,4,74.82,1,2,3,79.375,0.17611500000000002,15.590000000000003
ba03ba6e-e498-4677-8848-479bca13f9e2,93.48,47.44,51.73,51.63,2.45,24.9,72.45,0.36,5,59.47,0,3,1,49.584999999999994,0.32243499999999997,-10.286666666666662
b40e5484-cdf5-4b83-b3e2-07d41e23e1c3,76.29,70.42,73.61,71.53,3.35,21.1,92.24,0.671,4,74.77,1,1,3,72.015,0.26420499999999997,9.582857142857144
679d0a88-b7ca-4368-8c57-bd24a1e70a14,94.3,58.93,56.69,55.74,2.07,14.9,71.42,0.8550000000000001,7,58.92,0,3,1,57.81,0.28214999999999996,-2.3899999999999935
f790cdfe-ea87-4819-9328-6bda31fc54fd,68.35,43.06,53.24,52.03,2.3,15.0,69.74,0.647,5,51.04,0,0,1,48.150000000000006,0.42606,-10.488571428571426
e7c82f56-0c51-4d1b-a791-c3d8f2370b09,75.54,66.11,68.42,61.84,3.24,26.5,77.64,0.937,7,65.17,1,1,3,67.265,0.31052499999999994,-2.498750000000001
ce76944e-5011-46bd-ae79-77191248dfa2,66.91,75.8,71.82,80.28,3.25,23.3,71.03,0.409,1,67.35,1,0,3,73.81,0.27009000000000005,9.058750000000003
eda86916-3d92-48c0-a0a4-68c09ddc7bc6,66.69,65.77,69.47,74.68,3.6,22.4,86.21,0.112,6,69.45,1,0,3,67.62,0.30633999999999995,5.638571428571439
49dca3fc-2a5c-44a2-b68e-7e3741b7754b,98.21,77.01,73.31,71.58,3.7,29.3,80.24,0.8160000000000001,4,76.81,1,3,3,75.16,0.16694000000000003,10.853636363636362
f3ea8d0b-e6a4-4e0d-8d08-766de828d6b6,66.25,51.02,54.17,59.5,2.24,15.4,82.22,0.962,2,53.11,0,0,1,52.595,0.398715,0.0
1ff177e3-5723-407a-b85b-f3e1b8c95552,98.32,80.67,75.92,67.16,3.03,28.7,65.81,0.1129999999999999,6,75.67,1,3,3,78.295,0.17035500000000003,4.050000000000004
8e79a7be-c9bf-4d9b-af3a-76c66fa2d93e,66.19,71.2,59.15,61.86,2.57,29.1,84.02,0.843,5,62.85,1,0,2,65.175,0.354135,5.882222222222218
b2b352fc-be80-42f2-920e-e0d9f591508a,70.51,83.11,73.24,65.16,3.73,27.0,77.79,0.889,5,67.78,1,0,3,78.175,0.28795499999999996,9.1875
a49ee7c1-1903-44be-b791-cbef43884b7c,93.86,82.07,85.38,76.12,3.45,22.7,83.27,0.157,1,80.43,1,3,3,83.725,0.14502500000000002,9.082999999999998
94544c20-3bde-4433-b4a0-4e44b04ec667,78.51,80.64,61.61,71.49,3.07,23.1,80.16,0.615,1,71.44,1,1,3,71.125,0.258115,-0.403333333333336
9cd70109-008a-4c32-b69d-9c82079fd7b7,89.68,61.42,67.79,57.03,3.36,19.2,85.07,0.462,1,59.88,0,2,3,64.605,0.276375,-2.0414285714285683
baf36451-a494-412b-9b54-8862330133c7,80.38,65.22,65.69,64.54,2.85,16.2,79.54,0.903,6,61.0,1,1,2,65.455,0.288495,0.3616666666666788
9aab4658-c70b-4c3f-ab4f-35e25d56bf81,98.48,61.71,65.69,80.45,3.01,17.5,95.16,0.356,8,70.37,1,3,3,63.7,0.17362999999999995,17.817500000000003
f74b698e-2cff-4cb9-ac73-2310c4ed8e0a,82.84,66.7,59.66,56.24,2.89,20.3,89.45,0.5900000000000001,2,68.44,1,1,2,63.18,0.31038,-6.340000000000003
906c41e9-d9b2-4a41-bc04-cee53814d8b7,91.49,75.57,80.08,72.42,3.6,18.7,80.88,0.246,5,75.36,1,3,3,77.82499999999999,0.18330500000000005,-0.7099999999999937
0d2295af-7175-4c44-93ef-a9214146b223,75.04,58.83,40.91,59.18,2.77,17.3,84.0,0.448,8,56.79,0,1,2,49.87,0.37268999999999997,-8.451999999999991
a03892e6-c5e1-4f59-b11b-c3e5430e6e7b,67.18,57.36,52.98,49.81,2.8,24.6,93.41,0.759,3,59.77,0,0,2,55.17,0.41634,-14.46142857142857
ccb8d67c-a390-4249-b98a-193575c4a8a6,74.85,59.59,59.79,57.05,2.98,20.6,80.29,0.298,7,57.44,0,0,2,59.69,0.35038,-14.234285714285718
8cf3a6ab-360c-4861-a349-386ce4dd8bf1,81.29,72.35,72.78,73.61,3.16,18.6,73.85,0.932,8,67.85,1,1,3,72.565,0.236315,9.682222222222222
b39f4191-6804-4c7a-841d-5d5eb982e18d,74.28,63.88,51.86,56.51,3.04,20.8,72.42,0.8039999999999999,6,54.39,0,0,3,57.870000000000005,0.35974000000000006,-8.192
9df065c1-b9ff-4af9-aee6-a860cae1bd12,67.49,56.88,51.79,57.57,2.48,24.0,85.65,0.773,8,59.21,0,0,1,54.335,0.39432500000000004,-6.354285714285716
66d32ebc-c3de-4ffb-9686-3645eb6054b3,87.5,68.1,63.46,69.36,3.13,24.4,88.18,0.929,5,66.23,1,2,3,65.78,0.24458,5.275874999999999
734bac04-9835-4da2-8d60-3923cef6e4c3,77.21,64.36,68.8,61.86,3.43,21.4,74.5,0.765,8,63.29,1,1,3,66.58,0.30584000000000006,0.59375
b6771cd1-4283-4310-8e4c-2619105fa245,76.76,81.07,78.92,90.11,4.0,24.4,87.37,0.187,8,76.72,1,1,3,79.995,0.18264499999999995,24.543750000000003
67dc7931-f54c-4b21-8e8d-edaad74f1ec5,85.04,56.83,61.45,51.1,2.54,24.6,75.64,0.679,6,60.63,1,2,2,59.14,0.3291199999999999,-2.1858928571428606
e923638a-6ee0-45f5-a0ed-f7ed47e052f1,67.63,62.18,56.2,58.98,2.64,20.2,82.13,0.836,1,57.02,0,0,2,59.19,0.37497,-5.008749999999999
5e58aaa7-8b2e-4833-b248-7d8aa1bd98c1,73.85,63.1,67.04,71.79,3.23,21.0,91.71,0.4389999999999999,7,64.87,1,0,3,65.07000000000001,0.29401999999999995,5.150000000000006
4b398d22-6384-4544-9272-a8bf5a8d2fa5,88.11,52.02,50.39,37.76,2.33,12.7,76.8,0.185,8,52.68,0,2,1,51.205,0.38066500000000003,-26.741999999999997
4ae8c317-ab0d-463a-91a9-3591ed3065fa,67.19,76.14,82.94,82.16,4.0,26.3,89.41,0.157,2,80.08,1,0,3,79.53999999999999,0.24614000000000005,15.12299999999999
0b20895e-7ec4-4989-b15d-25c28ebf631f,76.63,52.79,52.92,53.37,2.63,21.6,70.7,0.606,6,53.65,0,1,2,52.855000000000004,0.37480500000000005,-14.776000000000003
81609ac6-871c-4089-8937-287634b889ba,75.79,49.4,57.92,42.38,2.61,24.2,71.94,0.5650000000000001,2,57.8,0,1,2,53.66,0.40871999999999997,-19.10285714285714
1af42ab7-e22e-4087-9603-f92e71e232dc,88.23,63.3,59.09,71.93,3.33,18.8,83.66,0.507,5,69.64,1,2,3,61.195,0.24770499999999998,6.890000000000001
31dc6745-6b52-4b07-8b37-2ec758784abd,94.07,57.13,62.38,60.79,3.22,27.1,90.04,0.433,4,65.74,1,3,3,59.755,0.262085,0.6699999999999946
55fbfb31-789e-40bf-92a1-e6a3c6f59f5c,83.23,69.71,70.53,59.2,3.01,29.0,88.6,0.913,5,68.21,1,2,3,70.12,0.27912,-2.259999999999998
2e853c13-8608-4452-9684-d29b8cc24fd0,68.29,82.02,79.88,82.36,3.64,28.6,90.23,0.7230000000000001,2,76.14,1,0,3,80.94999999999999,0.23691000000000004,19.96
a1e9a0ec-d276-411a-b24d-62b2fbc1ef33,70.96,44.41,50.5,33.71125000000001,2.18,16.9,91.26,0.844,7,50.81,0,0,1,47.455,0.47266125000000003,-24.47416666666666
a788baa2-c9bb-4ae1-a8ab-956df771fe48,68.85,55.96,62.29,71.2,2.94,17.6,73.95,0.658,1,62.59,1,0,2,59.125,0.33362500000000006,6.394444444444446
13c35e41-f8ce-483e-966a-b6269f440389,99.27,77.66,63.54,64.61,2.89,18.9,66.6,0.968,5,66.09,1,3,2,70.6,0.19729000000000002,1.6716666666666669
beeb8df4-111d-4da6-bcbb-093077bfee70,67.29,65.0,72.58,66.09,2.38,23.9,95.67,0.946,3,68.88,1,0,1,68.78999999999999,0.3262,7.410000000000004
7d87d378-d396-4851-b22e-71855c9859ab,80.51,38.56,42.55,37.34,2.17,16.9,86.64,0.679,3,48.3,0,1,1,40.555,0.444275,-15.945892857142859
3484f50c-0878-4cf0-b4a9-effc55aab1a8,92.0,58.54,72.56,57.67,3.54,20.3,71.08,0.3419999999999999,8,63.49,1,3,3,65.55,0.26234,-6.931428571428569
1fa75ae2-3953-4c1a-8829-8bc1daa5095c,93.52,42.82,35.681250000000006,42.37,2.0,11.2,76.21,0.889,3,43.84875,0,3,0,39.250625,0.38105812499999997,-13.6025
d5b06834-c6a9-4768-a888-2c57978e09a8,88.46,74.24,71.68,62.82,3.72,19.9,73.6,0.8460000000000001,5,68.56,1,2,3,72.96000000000001,0.23881999999999998,0.23666666666666458
875e0a29-92d5-4d82-b137-7dd2584c0149,98.11,53.69,57.68,61.42,2.31,14.7,74.8,0.644,2,61.36,1,3,1,55.685,0.256245,-3.0733333333333235
b7bc3f13-1f19-4435-8c8c-cd5c8835fe06,78.73,57.85,54.44,56.66,2.36,17.9,71.85,0.414,4,55.94,0,1,1,56.144999999999996,0.346665,-12.112000000000009
59c1170e-82bb-4ee8-8a4a-1bb7a9407927,77.9,68.66,69.67,58.93,3.06,26.2,86.57,0.974,2,62.19,1,1,3,69.16499999999999,0.30411499999999997,1.4200000000000017
df22110b-04ce-493b-9b91-57cdcc81aedd,75.03,58.38,66.77,57.32,3.09,21.0,81.59,0.893,1,63.45,1,1,3,62.575,0.340195,-6.447499999999998
72b58ea0-1f0e-46b2-9e09-097b1f0ccccc,69.47,72.6,77.09,61.38,3.13,24.0,81.26,0.6799999999999999,8,71.3,1,0,3,74.845,0.313445,-3.3439062499999963
f81a0f55-33c4-4cdb-b5bb-86a79311cbf3,78.95,76.57,84.19,72.56,3.92,21.7,82.67,0.395,6,71.98,1,1,3,80.38,0.22538,2.9471428571428504
70075711-c295-4b6a-8228-f273c8320740,86.1,73.59,70.2,71.72,3.78,28.2,78.42,0.549,8,72.14,1,2,3,71.89500000000001,0.22475499999999995,4.1200000000000045
5fde52f4-1fec-4b12-9203-c49bd42d4f9f,76.62,73.57,70.92,73.62,3.33,24.5,81.22,0.306,1,75.55,1,1,3,72.245,0.25592499999999996,9.858000000000004
71b1006c-b27b-44d5-8e83-d64363edb3ad,91.93,65.59,62.56,72.06,2.57,26.9,91.8,0.761,1,71.23,1,3,2,64.075,0.22387499999999996,2.1271428571428572
7d55e422-c16a-4b0e-9d63-365885f39d3f,95.29,71.6,65.42,70.42,3.56,29.2,68.98,0.378,6,68.29,1,3,3,68.50999999999999,0.20204999999999998,1.163333333333327
2de2a4e8-ddf5-4bba-8c7a-901b958bfd1c,66.09,66.6,70.57,60.58,3.56,18.6,77.52,0.343,5,66.41,1,0,3,68.585,0.34814500000000004,-9.3125
a3c2c639-6dad-40b0-b9a0-bef373ffec50,87.43,55.35,56.28,40.27,2.53,17.6,89.37,0.491,2,59.53,0,2,2,55.815,0.36202499999999993,-21.20222222222222
0469b85d-01cf-4b8c-82e4-5b39c764ac08,72.72,37.83,37.02,41.46,2.0,22.1,85.75,0.764,8,51.72,0,0,0,37.425,0.47246499999999997,-22.080113636363635
30184eb8-fb45-4e28-8583-42190f85aa0a,80.98,75.97,72.42,71.16,3.16,29.7,71.88,0.981,1,75.42,1,1,3,74.195,0.240015,-2.1225000000000023
78bc5d18-c2b6-4f4a-94dc-f4e42aa88e24,91.61,78.44,79.66,73.84,3.4,21.5,73.35,0.8880000000000001,2,72.13,1,3,3,79.05,0.17489000000000002,12.257999999999996
a6a97c8f-d319-4624-84bb-9e065778a4ba,67.08,56.79,60.32,60.5,2.4,25.0,86.63,0.145,7,66.12,1,0,1,58.555,0.37451500000000004,-13.105999999999995
20c4d6c7-0f08-4e8c-9cae-bba8025a7a1e,86.12,59.99,63.89,63.93,3.1,24.0,72.59,0.526,2,64.63,1,2,3,61.94,0.27791,-2.865714285714283
ddea8fdb-c3c7-439c-a7d3-f59d32d64152,79.48,76.94,71.57,86.83,3.77,27.0,75.26,0.767,7,69.72,1,1,3,74.255,0.198825,20.581999999999994
9226aff0-baca-43b0-b25a-7b6ee1e976e6,96.18,77.63,65.94,64.48,2.69,23.3,78.13,0.352,8,66.32,1,3,2,71.785,0.20648499999999997,-2.1119999999999948
04c01716-e6be-407d-801c-b52b3c1b13e9,70.95,42.45,46.22,37.37,2.37,21.1,91.56,0.775,4,51.24,0,0,1,44.335,0.471085,-18.572500000000005
19ed201c-039a-476a-b99a-c2e8c9d19568,69.43,55.77,51.72,49.86,2.13,19.0,70.72,0.702,7,54.7,0,0,1,53.745000000000005,0.41146499999999997,-15.235
8c2004d2-9a38-4f79-855b-1a74049e7edf,89.46,77.51,76.2,74.92,2.99,25.0,74.25,0.875,6,71.15,1,2,2,76.855,0.18683500000000003,14.765
fe83a101-3c3f-41d8-9ead-caefa8745349,70.87,67.19,56.32,77.2,3.51,30.5,92.55,0.626,7,68.89,1,0,3,61.754999999999995,0.299655,7.263333333333335
19495645-be49-4126-9861-25e39679de10,71.81,64.28,59.37,66.22,2.85,16.1,81.56,0.258,2,63.75,1,0,2,61.825,0.32862499999999994,6.207142857142848
cdfe9920-afb3-4ffc-a87a-82e726f5664e,91.0,79.85,81.48,79.53,3.43,25.2,77.84,0.588,2,81.54,1,2,3,80.66499999999999,0.15541500000000003,15.64
74b39388-148f-4b53-8ae1-b7aec27e0b0d,87.41,66.46,61.89,69.83,3.28,28.8,97.21,0.347,5,74.84,1,2,3,64.175,0.248345,14.226875
136875be-358f-4cee-a601-d874e829c391,70.87,61.83,65.65,79.5,3.5,26.8,81.45,0.243,2,67.92,1,0,3,63.74,0.28679999999999994,15.744285714285716
5ace0649-4717-47fb-a25b-fbacff5d033a,87.89,67.32,63.4,69.0,2.8,21.5,90.66,0.136,8,72.16,1,2,2,65.36,0.24536000000000002,4.012500000000003
5ef6ccfe-2a01-4ac2-b013-f809d272e861,88.16,57.1,65.61,68.16,2.8,16.8,73.27,0.327,5,61.27,1,2,2,61.355000000000004,0.258815,5.418888888888887
fb9e4a80-be5f-407c-8041-b4d3f4c0aa10,81.38,67.28,66.24,72.79,2.49,15.9,83.38,0.381,1,68.34,1,1,1,66.75999999999999,0.25583000000000006,12.434843750000006
79ec93bd-0555-4cd7-a9e1-78e0e8ebc185,67.1,82.95,77.24,71.1,3.48,20.0,79.21,0.3259999999999999,7,68.8,1,0,3,80.095,0.27801500000000007,4.486666666666665
949d9b21-f130-409b-9515-97a8b2e79cea,85.58,61.9,62.6,63.77,2.74,28.5,89.84,0.562,4,61.73,1,2,2,62.25,0.27962,-1.490000000000002
d4d1910c-e2c6-440e-8fae-ac7f0b24249a,87.09,67.62,59.06,52.58,2.95,17.8,85.52,0.257,7,67.96,1,2,2,63.34,0.30388,-9.954285714285717
4a3dd255-72c6-4cc2-a983-3dab4fc14449,77.41,58.5,56.6,50.79,3.11,17.2,79.86,0.748,2,53.8,0,1,3,57.55,0.36534,0.0
1670792f-67b5-4e67-9913-11ae12f8f769,73.38,72.97,69.32,64.13,3.06,19.9,89.42,0.629,1,68.12,1,0,3,71.145,0.30065500000000006,-1.1300000000000097
824ca714-b337-476e-b38c-7bec7beb1dbb,68.3,46.27,64.74,55.64,2.52,17.4,76.1,0.9,2,54.8,0,0,2,55.504999999999995,0.393365,-6.365000000000002
0d0a631d-a4c7-4a9d-87cf-e8074eaa4f03,88.29,63.43,61.79,71.44,3.44,22.8,79.36,0.667,6,67.14,1,2,3,62.61,0.24468999999999996,5.393999999999991
4ee11f91-38a9-48ba-861b-40c3767f2fd7,95.34,77.55,70.87,82.01,3.76,24.2,71.23,0.636,8,77.91,1,3,3,74.21000000000001,0.14997999999999995,12.807142857142864
ef68d8f2-96ca-4ca8-8919-93e3f98c6f18,76.82,71.65,74.32,79.83,3.61,28.6,96.04,0.596,6,74.35,1,1,3,72.985,0.234275,10.575000000000003
d476942e-8757-4e6d-b824-7e108695d20f,84.56,80.1,78.42,77.56,2.84,29.4,67.89,0.4349999999999999,4,74.51,1,2,2,79.25999999999999,0.19130000000000003,6.076666666666668
6c2f6b41-a273-4dad-a490-52894b7b53a2,66.26,62.16,68.8,68.54,3.4,18.8,79.35,0.325,4,62.74,1,0,3,65.47999999999999,0.3329,7.060972222222233
7cfcc46f-8578-4cb2-b86e-bdd6414b7138,94.4,74.85,72.34,60.29,3.01,21.0,64.83,0.757,2,67.24,1,3,3,73.595,0.220745,-5.157142857142851
298aa42d-cd57-4dd5-b090-b5364c3c286d,82.56,70.15,55.12,61.18,2.26,17.7,72.51,0.94,4,61.61,1,1,1,62.635000000000005,0.298315,-3.979999999999997
267f1800-28b7-4c6d-89dd-607200669347,85.62,50.85,49.51,44.95,2.0,20.1,67.03,0.946,5,56.68,0,2,0,50.18,0.37212999999999996,-13.729999999999997
657e8dd9-5db3-4384-9e2c-fe5e2fd3b7a5,87.79,64.04,66.65,65.22,2.81,26.6,80.44,0.759,8,70.71,1,2,2,65.345,0.25714499999999996,0.9485714285714266
5729774e-d2e0-4fde-a399-a056e8ef6a4b,85.9,52.04,53.84,52.41,2.0,22.6,64.18,0.4049999999999999,2,59.24,0,2,0,52.94,0.34035,-11.073333333333338
a23cd8e7-c586-4a9e-b9d9-bb25f717cc18,96.58,69.56,63.35,71.11,3.0,24.4,64.39,0.934,8,63.25,1,3,2,66.455,0.20098500000000002,1.697499999999991
838419fb-e308-4959-88c8-aa2af2382417,75.1,52.87,49.47,49.48,2.41,24.0,76.29,0.938,2,46.64,0,1,1,51.17,0.39765,-9.475000000000001
d7503fdf-3420-49ac-a30f-0b86e97a1091,86.18,74.57,79.71,74.05,3.18,23.7,77.66,0.97,7,74.28,1,2,3,77.13999999999999,0.20171000000000003,10.841666666666661
5f133ee9-0bcd-4018-815b-acbd95c12b41,98.47,59.69,66.09,67.93,3.05,20.2,77.36,0.8939999999999999,7,66.19,1,3,3,62.89,0.21365999999999996,3.938888888888897
7eb809df-6259-4a5a-b5cf-e1863bf8d35e,91.2,44.64,50.9,40.68,2.24,20.6,91.35,0.373,3,58.65,0,3,1,47.769999999999996,0.36985,-19.744
1afd1c2b-92f3-4efd-9f75-15895fe39fd0,91.06,70.76,77.0,85.65,3.58,19.7,75.7,0.8029999999999999,7,73.66,1,3,3,73.88,0.15716999999999998,18.067999999999998
4e94b081-cfcd-4d39-8aa1-59952ce89a1f,73.43,61.23,61.98,62.78,2.89,16.5,84.64,0.5650000000000001,2,63.55,1,0,2,61.605,0.333125,1.297142857142859
fae31f7c-c6df-492b-8d22-e1c7d2d725a4,94.85,74.12,69.51,65.9,2.99,23.2,84.3,0.674,8,74.58,1,3,2,71.815,0.207455,8.259999999999998
b53aa846-fc8e-45be-8bd6-8dad7dce5a32,99.84,73.01,76.56,69.15,3.06,19.3,89.42,0.4009999999999999,2,70.23,1,3,3,74.785,0.16883499999999999,-0.5049999999999955
f6d9d5fa-7b66-41fc-9585-a05de209d09b,96.74,61.65,70.75,62.77,2.72,24.0,80.1,0.192,1,74.18,1,3,2,66.2,0.22613,-2.7528571428571453
1de5f3e4-ed3d-4043-8910-99f6e18699b6,97.42,82.89,65.08,72.49,3.1,24.5,81.2,0.51,3,72.14,1,3,3,73.985,0.17089500000000002,9.819999999999993
08d394f1-51d0-4064-811b-b8c7ee9d5844,66.93,62.64,66.92,65.63,3.12,19.4,81.21,0.412,3,63.48,1,0,3,64.78,0.34104999999999996,6.859999999999999
8ef610ae-883d-4e8a-a743-13913feefb37,84.01,56.94,55.46,67.73,3.06,28.0,75.26,0.796,4,59.94,0,2,3,56.2,0.29217,-0.49833333333333485
3a52844c-7a55-4652-860b-5b5f6dfc4ccf,98.95,65.47,59.41,64.51,2.89,24.0,61.22,0.177,4,67.34,1,3,2,62.44,0.22334999999999997,6.8226785714285825
0100d5a7-ff02-457c-9ce4-7fa5b3e1e8a4,93.91,63.33,68.72,64.71,3.26,20.1,79.09,0.449,8,64.1,1,3,3,66.025,0.232155,-1.3633333333333297
366e747a-fa4b-460c-8af8-9dd6e3a50c90,72.7,59.87,75.91,70.6,2.97,19.7,76.54,0.731,2,65.21,1,0,2,67.89,0.29373,7.871249999999996
645ea339-93b9-4e4b-b093-408916e1d7d2,65.4,69.78,70.29,63.94,3.17,18.0,81.25,0.518,6,62.64,1,0,3,70.035,0.336475,2.135714285714286
1bd51bce-fb42-470d-8dee-07b2533bb509,94.29,69.33,67.15,60.0,2.96,25.8,84.12,0.371,2,71.41,1,3,2,68.24000000000001,0.23811999999999994,-0.3533333333333317
59403074-9e70-4f9c-ad47-3c2c11630240,67.59,58.28,56.89,52.08,2.86,22.2,84.95,0.321,5,59.25,0,0,2,57.585,0.400645,-13.030000000000001
c0e4c9a1-0ae0-4b94-b4b0-21b7faac1abb,66.17,68.12,81.65,67.03,2.85,25.4,89.96,0.799,8,71.81,1,0,2,74.885,0.30957499999999993,-1.0279999999999916
ec7629c0-c2bf-4209-98d4-53f9e4edb14a,67.81,54.77,57.48,53.85,2.38,16.1,66.23,0.773,1,52.88,0,0,1,56.125,0.398835,-10.074285714285715
7554212d-84de-4a2e-9a2e-66f89b7ba1b1,69.68,61.03,59.24,63.99,2.86,22.0,94.91,0.388,2,56.96,0,0,2,60.135000000000005,0.34890499999999997,0.03800000000000381
695bebbe-9102-4ff7-8078-37a8c0334b3b,79.21,66.56,59.62,67.27,2.79,26.2,73.88,0.172,6,66.19,1,1,2,63.09,0.29208000000000006,1.0859999999999985
409a4de1-2c0c-4006-9993-dcb6e53e303b,81.26,57.32,52.96,51.27,2.33,24.7,79.82,0.39,5,60.87,1,1,1,55.14,0.35573,-10.983999999999995
14a4c8b1-0954-49ef-9742-791abf6721d4,98.39,72.11,74.46,76.74,2.81,27.7,88.77,0.54,7,72.83,1,3,2,73.285,0.156365,15.94166666666667
fbba9eba-3653-489d-bea7-390cb868b9be,98.38,69.05,70.46,58.84,2.79,26.0,74.44,0.429,5,67.82,1,3,2,69.755,0.220695,6.880000000000003
a8f8d520-5cc4-4fff-ac48-c9d4ec317ba9,97.24,84.2,74.78,76.52,3.63,23.2,66.67,0.588,1,77.64,1,3,3,79.49000000000001,0.14301,12.629999999999995
ee0d4fe2-4ff3-4c02-b761-08f766ef3e8a,80.3,71.46,64.72,66.36,3.38,26.9,87.38,0.372,8,71.19,1,1,3,68.09,0.27545000000000003,1.894999999999996
f366d90b-ac63-487d-88de-2b67af8c82b0,98.51,77.96,69.2,71.36,2.76,24.2,87.88,0.229,6,77.41,1,3,2,73.58,0.17113999999999996,4.353333333333339
cd4fa9c0-769e-4c85-bb29-f0b2ecae1a35,90.77,64.23,66.03,62.47,3.0,18.1,81.07,0.866,1,65.86,1,2,2,65.13,0.25412,-8.195999999999998
6be50dc4-af7a-4871-aca9-8db6ed180ff4,66.9,78.77,63.94,69.86,3.67,29.2,78.46,0.947,1,68.74,1,0,3,71.35499999999999,0.308755,2.5600000000000023
8ad8a39f-1970-44a2-95c5-1df35ea5f4a4,88.25,74.38,74.82,71.46,3.62,29.3,72.69,0.135,1,76.54,1,2,3,74.6,0.20882,5.340000000000003
4b2fc36c-9337-4e44-b0d5-92e191b42c42,84.56,63.31,73.01,69.46,3.74,18.3,80.99,0.8029999999999999,5,63.81,1,2,3,68.16,0.2489,1.877999999999986
bbbe58e7-2ff0-45f7-81aa-637820df0d0d,90.79,72.87,76.59,68.5,2.98,23.6,70.58,0.8560000000000001,4,74.03,1,2,2,74.73,0.20714999999999997,1.6755555555555617
0029774b-6afe-468a-8dab-27a2fd07101f,68.17,64.94,74.02,67.3,3.31,29.4,76.33,0.7969999999999999,2,68.73,1,0,3,69.47999999999999,0.31698,4.731818181818177
f2c0c427-cd52-4bdc-83b6-92e56784d4a8,99.43,75.72,77.4,74.28,3.84,31.9,81.17,0.7230000000000001,4,79.47,1,3,3,76.56,0.14975999999999995,11.880000000000003
8f9a19f0-47bd-4705-8ddb-8ba9cc56e82e,70.91,70.74,52.03,64.55,2.84,17.3,86.48,0.372,2,65.89,1,0,2,61.385,0.338555,0.08499999999999375
e4a323f6-ff85-4cde-841b-a7f5c4af0f81,71.12,73.88,76.54,66.8,2.85,28.4,80.04,0.93,2,69.24,1,0,2,75.21000000000001,0.28948999999999997,7.589999999999996
d3a1e660-1821-4fac-8a27-e733ec15b4b5,89.96,52.54,56.95,56.15,2.75,23.2,68.08,0.591,1,56.97,0,2,2,54.745000000000005,0.307475,-9.17333333333334
01d29f7b-d5e6-43d6-acd2-1fdac57c9f13,70.44,56.09,49.8,52.18,3.18,15.6,86.19,0.4429999999999999,7,61.93,1,0,3,52.945,0.40286500000000003,-4.829999999999998
376d975b-aff6-4b53-b658-5d4e819105a6,99.35,56.98,68.94,62.09,2.91,21.1,89.2,0.4049999999999999,5,66.0,1,3,2,62.959999999999994,0.22745000000000004,-1.3933333333333309
3fca372d-b7e3-4cee-a4a9-3898a8c07d11,84.79,50.82,58.96,46.16,2.92,22.4,85.72,0.791,8,52.73,0,2,2,54.89,0.35769,-14.107999999999997
8606b296-7da3-4ae2-b253-7ed92ea00926,98.39,89.25,73.09,77.67,3.82,32.6,69.44,0.424,3,81.05,1,3,3,81.17,0.12991999999999998,18.401250000000005
f5ac695c-769c-496d-99bd-263560716a9f,87.56,65.5,69.07,57.65,2.96,22.1,86.62,0.597,3,66.54,1,2,2,67.285,0.274955,-4.116666666666667
05e6ab57-255a-439d-b73a-8327a958d835,84.54,79.31,78.07,69.82,3.47,25.3,75.97,0.494,6,78.19,1,2,3,78.69,0.21631,3.2099999999999937
42af63ac-51a0-48d5-97a4-f776b4f48792,78.57,72.13,78.47,78.6,3.39,22.0,76.7,0.658,7,72.6,1,1,3,75.3,0.22402000000000005,13.794444444444437
2fbeb9ba-9862-4143-afd7-20e2fcce02cb,72.69,60.11,60.93,61.49,3.13,25.7,71.21,0.767,2,67.02,1,0,3,60.519999999999996,0.34320999999999996,-4.758000000000003
a54fc071-048b-4288-ba1d-8884250288a9,88.24,68.28,71.9,74.88,2.95,26.9,75.9,0.963,3,68.89,1,2,2,70.09,0.21213,15.088333333333331
89b6d21d-3ccb-4a08-80e6-7b5951da387c,72.87,69.55,68.94,63.13,2.85,24.7,87.6,0.744,7,69.59,1,0,2,69.245,0.311395,-3.023999999999994
a903ef00-7a79-4638-8284-66e35bd9fd44,92.71,63.9,70.8,75.81,2.78,20.9,97.71,0.494,4,72.89,1,3,2,67.35,0.19968000000000002,9.200000000000003
126e7216-19e1-4580-944b-e7fa219a21fb,75.06,50.9,54.88,42.25,2.15,18.5,83.47,0.76,4,53.56,0,1,1,52.89,0.41434,-21.950000000000003
be1cf2ab-459c-4103-bd8c-9e855fc48d8b,78.21,57.82,66.73,59.65,2.77,21.5,77.77,0.85,3,61.71,1,1,2,62.275000000000006,0.32138500000000003,-0.9185714285714326
16e2f4bf-4885-406f-876a-c45b9a8b5f14,81.75,74.19,64.8,60.58,2.91,17.0,81.03,0.434,1,62.7,1,1,2,69.495,0.282775,-4.6685714285714255
32cf3edc-1033-4222-b719-aaa73d57fe06,76.52,83.7,68.54,73.78,3.42,19.7,68.27,0.618,7,68.45,1,1,3,76.12,0.24422,8.626000000000005
63e7c556-9de9-45a9-af20-d52056227edc,93.9,81.41,72.8,66.94,2.98,20.9,65.3,0.235,8,70.8,1,3,2,77.10499999999999,0.19226500000000002,5.766666666666673
b05fff2c-8db2-43db-8ce0-124b69ee8435,88.87,71.37,76.17,67.2,3.58,26.3,73.79,0.272,8,70.18,1,2,3,73.77000000000001,0.22160999999999995,-1.4399999999999977
9f02b6ed-759f-4bd1-8c72-80f6a41e2d04,80.65,65.42,62.49,68.86,3.31,17.7,94.72,0.682,6,68.32,1,1,3,63.955,0.278955,9.08166666666667
0274d6a7-fb1d-408a-b0d3-b9a916a2ae18,93.61,71.03,68.44,74.81,2.67,18.5,80.26,0.833,8,70.82,1,3,2,69.735,0.19192499999999998,3.6875
29d697fd-e179-4247-8eae-e2f85593c682,75.1,54.04,55.83,59.74,2.89,18.7,88.73,0.592,2,60.21,1,1,2,54.935,0.35557500000000003,-5.078749999999992
772f25c8-474d-479b-9db0-a9fcd13c8a68,91.53,76.77,79.03,75.86,4.0,30.9,73.74,0.752,8,80.42,1,3,3,77.9,0.17259999999999998,14.331428571428575
e9b07ccf-e300-43b2-bf61-dd3c03046634,68.65,63.62,76.46,64.54,2.53,19.5,71.92,0.7929999999999999,1,69.05,1,0,2,70.03999999999999,0.32165999999999995,3.2125000000000057
6d9d3f47-135a-469f-91fc-1aee2b6598cf,98.94,67.37,55.26,67.1,2.94,19.0,73.28,0.934,3,66.07,1,3,2,61.315,0.21899500000000002,-2.312500000000014
dd25e3ec-d8d3-46c0-a4c7-b5124b6be169,93.72,59.7,53.17,68.44,3.05,14.7,85.26,0.604,6,61.82,1,3,3,56.435,0.250495,7.632499999999993
c51b6ac3-799c-4e0d-ac7e-3df2b2d8ca34,81.65,64.68,62.27,71.64,3.04,23.5,76.81,0.124,3,67.11,1,1,3,63.47500000000001,0.26805499999999993,11.421666666666667
d2081e95-4a6c-49bc-95ef-c3c67c4cfd71,78.81,48.28,50.84,47.95,2.47,23.3,76.86,0.876,1,54.78,0,1,1,49.56,0.39222999999999997,-7.18
9ac0dd84-f223-46bf-9e69-cbd385fa0f1c,92.05,69.26,64.89,56.95,2.69,17.4,76.84,0.8880000000000001,3,58.63,0,3,2,67.075,0.259725,-4.632000000000005
9a1558a5-f4bb-4cf4-a770-ed5e2f5a8399,93.27,64.86,57.86,56.28,2.91,25.6,79.29,0.747,3,57.16,0,3,2,61.36,0.274,-7.502499999999998
dba34f93-cffc-48fc-be0a-4593deff1954,70.51,55.88,60.81,69.77,2.68,17.5,81.4,0.6910000000000001,8,63.84,1,0,2,58.345,0.333615,2.932857142857131
469cfbf9-4870-48ed-aa3a-1334c52dc69c,88.62,68.77,70.35,77.19,3.18,24.4,84.11,0.495,6,72.91,1,2,3,69.56,0.20526999999999998,10.340000000000003
ed55a5d6-482b-47f2-a879-15686748c78b,71.77,58.07,63.3,60.77,2.6,20.6,73.66,0.766,8,65.02,1,0,2,60.685,0.348555,-7.873333333333328
33173f7c-4fa4-4166-99b8-aea93e1c2d61,75.39,60.47,62.0,56.43,3.18,16.4,86.67,0.4059999999999999,1,59.79,0,1,3,61.235,0.345445,-3.8716666666666697
ef965d1e-a7bb-4aca-8790-5a9c94e559f4,93.65,72.49,85.48,78.38,3.44,31.8,92.27,0.4599999999999999,4,82.25,1,3,3,78.985,0.153305,0.0
3c268c26-fdf2-496a-b0fb-bc84ac637822,84.93,79.96,74.4,73.69,3.7,24.2,83.62,0.982,6,73.22,1,2,3,77.18,0.20766999999999997,9.120000000000005
e77c9b85-4994-4200-9351-97ea272ad078,73.7,79.04,83.17,75.91,2.96,28.7,84.71,0.874,4,71.82,1,0,2,81.105,0.23415499999999997,12.950000000000003
f8fefc0c-bed0-4ab0-abfc-9e7f33633b1a,86.04,66.02,52.81,62.52,2.47,18.5,79.97,0.5700000000000001,2,56.74,0,2,1,59.415,0.29003499999999993,0.2780000000000058
2ee4c298-2704-4ccc-8324-72100805e176,90.17,65.99,68.15,74.45,2.96,27.2,80.03,0.827,1,71.69,1,2,2,67.07,0.21475999999999998,7.767142857142858
287ec8d5-24dd-44c3-9b80-1685a8599811,85.48,75.8,81.34,84.99,3.89,32.2,86.2,0.293,3,84.08,1,2,3,78.57,0.16740000000000002,19.302857142857135
f6827029-c28e-482e-97b2-95fbbf964d01,98.09,69.65,65.92,65.24,2.75,23.8,73.34,0.6559999999999999,1,64.19,1,3,2,67.785,0.208565,1.3983333333333263
3168cb42-0a6c-4633-bb1a-f3367cd4a4a7,93.9,77.69,81.89,67.63,3.36,30.4,69.82,0.294,3,75.4,1,3,3,79.78999999999999,0.18214,2.114285714285714
12a6aecc-81d7-4964-af16-67e421ab40ad,93.52,66.83,68.68,68.92,3.08,23.2,86.92,0.4429999999999999,6,71.6,1,3,3,67.755,0.215895,11.910000000000004
d5b82901-9260-45ac-9e60-d14dd786cea9,77.8,80.47,73.52,64.81,3.56,23.3,81.45,0.5,6,73.72,1,1,3,76.995,0.263385,6.350000000000001
b52b4dec-6fb7-426d-bfaa-5d93aa439d0a,65.77,62.3,60.68,48.96,2.66,22.5,73.15,0.883,6,59.12,0,0,2,61.489999999999995,0.40557000000000004,-16.740909090909092
e5bd99c2-3330-42c4-a049-41204b6eb277,86.23,71.44,79.42,67.1,2.98,19.8,75.19,0.756,3,69.55,1,2,2,75.43,0.22749,1.0065277777777766
9fef75e3-0f91-472f-a926-b113948013e2,65.19,72.32,73.35,75.86,4.0,21.6,80.23,0.118,8,66.23,1,0,3,72.835,0.29315500000000005,7.0627272727272725
39d1d9bc-9e1e-4fac-aad1-b6a7636f95d8,93.75,92.06,84.64,94.50125,4.0,28.8,79.95,0.1629999999999999,7,87.97875000000002,1,3,3,88.35,0.07644625000000001,24.239000000000004
9a58c6ee-d335-43a7-b264-4b1b30e31071,87.86,61.88,68.7,62.38,2.59,25.6,81.37,0.927,3,63.14,1,2,2,65.29,0.26555,-5.513333333333328
c0f5ad99-b054-45ae-b890-aa91e896a749,88.76,61.2,62.2,61.98,2.45,18.2,89.02,0.581,6,71.88,1,2,1,61.7,0.27391999999999994,-7.271111111111118
d3902118-0751-4d14-83c3-fa8f78b58a43,65.28,67.89,63.31,64.38,2.47,19.8,74.2,0.922,4,62.45,1,0,1,65.6,0.34894000000000003,4.727499999999992
a3aff9e9-565a-415e-a7a6-6a176134a685,84.77,48.31,51.62,52.74,2.07,23.4,94.72,0.742,2,58.75,0,2,1,49.965,0.352805,-0.09000000000000341
3aaf2f67-5a08-4088-ac41-11a16be17b50,71.51,41.85,43.65,35.74,2.0,20.3,82.05,0.977,2,46.94,0,0,0,42.75,0.4784899999999999,-16.93
19b9f429-3bc6-493d-aecb-be87f4414b52,73.27,61.11,56.44,61.0,2.8,27.8,82.54,0.629,8,64.88,1,0,2,58.775,0.34759500000000004,-4.260000000000005
b2557add-71e7-4dc1-afa0-169f542c2ae9,69.03,61.33,58.4,57.2,2.78,25.9,96.12,0.433,2,64.01,1,0,2,59.864999999999995,0.37268499999999993,-2.9200000000000017
f7350cee-16e9-402b-a550-2bb4375889c9,74.76,68.11,72.56,64.71,3.22,19.7,76.56,0.954,7,64.49,1,0,3,70.33500000000001,0.29582499999999995,1.295555555555545
44286b4d-7620-47ee-8f8c-e9504e5f6e6c,73.42,62.51,63.99,63.69,3.19,24.8,86.39,0.994,8,64.62,1,0,3,63.25,0.32549999999999996,-5.958888888888893
0c57697e-a15c-4665-a83e-9e219e15d70f,85.72,60.3,55.02,65.15,3.63,23.4,90.17,0.867,1,72.8,1,2,3,57.66,0.28869,-0.6799999999999926
ba3f857b-ceed-4a4f-88a3-2bbeccacc91b,95.8,63.23,67.0,59.3,2.59,20.9,86.68,0.678,2,69.72,1,3,2,65.115,0.24355500000000002,0.38999999999999346
333f6c63-4835-4030-af91-fa76de67114f,69.16,62.41,55.05,62.87,2.59,21.5,80.49,0.638,1,59.55,0,0,2,58.73,0.35856,-1.0533333333333275
d46e8010-90d9-4b8b-a1e1-a407691570c9,97.17,73.44,74.24,76.63,3.19,21.5,98.92,0.403,2,74.91,1,3,3,73.84,0.15991,13.996000000000002
4ee6f16c-01e7-4958-b66e-abae12ba0516,77.89,45.04,52.39,42.47,2.0,14.6,80.99,0.99,5,50.64,0,1,0,48.715,0.414885,-16.515555555555558
185c0315-16d1-4506-bd27-dd1fcdbdbae3,99.88,56.46,59.28,50.0,2.56,19.5,64.22,0.536,5,60.84,1,3,2,57.870000000000005,0.27686999999999995,-5.18
57c06b08-85d6-43c5-9cd6-a88c78704ece,91.49,52.19,67.27,55.12,2.65,18.3,86.22,0.713,7,67.12,1,3,2,59.73,0.28949,-2.324000000000005
ec361e88-6721-4766-95cf-725e4b8cdbb7,76.06,46.1,58.88,46.12,2.3,13.3,79.68,0.607,1,56.88,0,1,1,52.49,0.39992999999999995,-13.021818181818176
465f4e94-47f2-410b-9fc7-d6c4aa8f6900,98.52,62.34,57.08,64.81,2.18,23.8,85.42,0.751,2,73.07,1,3,1,59.71,0.23236,1.0114285714285742
215c351c-7060-438d-ac80-e2f5f789a477,87.02,75.59,77.54,77.68,3.47,28.0,91.89,0.19,7,77.21,1,2,3,76.565,0.18918500000000002,14.320000000000007
a14c157c-aa90-4d9f-907b-4145660fc7ec,79.35,87.14,85.83,75.1,4.0,26.5,74.09,0.324,2,76.36,1,1,3,86.485,0.19784500000000005,12.54999999999999
ea6f974e-976f-45d7-8159-e2f1a4f31042,81.22,74.28,81.9,72.99,2.92,29.3,94.27,0.654,8,73.59,1,1,2,78.09,0.22188000000000002,11.71
49df97ee-05f9-42dc-a763-cd2984f40e2d,71.53,60.35,75.11,65.81,2.8,16.8,66.96,0.649,3,62.69,1,0,2,67.73,0.31326,-1.0716666666666725
98bfe3db-039d-414d-8077-456e954701d9,90.88,57.35,54.98,66.22,2.81,17.5,66.7,0.796,1,55.96,0,2,2,56.165,0.26932500000000004,-2.00833333333334
d40111d6-174b-4282-aef9-4c8bf5b53f86,73.69,57.78,60.03,62.43,2.9,18.0,81.06,0.105,2,61.09,1,0,2,58.905,0.341235,-3.9833333333333414
f6f526e0-132a-424d-a2f6-aef7443f0e84,80.15,68.97,70.88,68.64,3.48,24.8,83.8,0.219,3,69.57,1,1,3,69.925,0.263705,5.153333333333329
3bb6b636-b90d-4835-8021-e3a39a178211,99.34,72.07,65.19,74.24,2.88,21.7,85.17,0.305,7,74.1,1,3,2,68.63,0.17403000000000002,8.638333333333321
b5b409f1-50ed-4e7c-b49b-fa5e1f6d2755,82.06,63.64,65.57,67.54,3.2,26.0,67.17,0.923,2,65.21,1,1,3,64.60499999999999,0.275325,0.957499999999996
da1d82f3-b8c4-4857-8116-aafb76974b79,94.19,61.43,46.5,52.53,2.35,20.9,73.79,0.843,5,51.97,0,3,1,53.965,0.303755,-3.4477777777777803
d75805b1-6e15-45bc-a412-1f2439f5a776,93.05,57.25,64.59,70.86,3.31,22.8,87.72,0.739,8,66.76,1,3,3,60.92,0.23246,-4.356666666666655
db069beb-7292-4bdc-8308-268e0ada6824,81.11,73.66,83.36,83.77,4.0,32.7,91.1,0.445,4,83.68,1,1,3,78.50999999999999,0.18872000000000003,14.736666666666665
d760e077-0518-45d6-a9da-a74ac6d90ba3,85.58,58.23,57.81,44.2,2.0,19.6,70.62,0.731,3,58.82,0,2,0,58.019999999999996,0.35102000000000005,-18.528749999999995
f02aa1eb-5b26-424f-9ea6-0dc233d6785c,86.23,48.75,52.89,55.24,2.48,26.6,68.64,0.844,4,58.72,0,2,1,50.82,0.3369,-2.9454166666666666
91981570-d199-4095-a24c-a7e787f2a612,92.9,68.47,61.75,64.74,2.37,17.0,79.18,0.129,8,68.39,1,3,1,65.11,0.23884999999999998,9.141666666666666
d02014df-c44d-4b9c-82da-f451ab0695dc,75.31,66.61,58.43,50.92,2.29,26.8,97.65,0.356,1,63.85,1,1,1,62.519999999999996,0.35844000000000004,-11.712499999999999
6a5fab39-ce44-4122-afb6-1dbad8ea77d3,94.93,60.23,67.72,66.43,2.91,18.1,78.91,0.2299999999999999,7,66.39,1,3,2,63.974999999999994,0.22906499999999994,6.358333333333341
eef0b125-7ac7-4d6f-96b8-6762878da8c9,72.09,70.32,65.69,62.22,2.62,19.5,76.65,0.315,7,61.25,1,0,2,68.005,0.32096500000000006,0.887999999999991
29ec12e3-e10c-4c4c-a301-d789d56a185f,66.4,39.63,46.05,50.77,2.0,17.5,73.38,0.147,6,50.31,0,0,0,42.84,0.45357,-13.518571428571427
a9e4098d-a07e-44ce-afa9-1a0fe020abe2,89.34,36.5525,35.681250000000006,33.71125000000001,2.0,8.900000000000006,82.83,0.251,8,43.84875,0,2,0,36.11687500000001,0.433155625,-25.21892857142857
e7d8a1dc-07e8-4dcb-bc4c-27ce16d4cf58,98.18,61.74,78.13,68.14,2.72,26.4,80.79,0.157,5,73.51,1,3,2,69.935,0.19305499999999995,1.1029999999999944
f78522dd-7eca-4fc4-979b-1c6130a8fb9a,66.15,57.81,57.66,66.68,3.13,15.5,69.36,0.448,1,57.04,0,0,3,57.735,0.3621549999999999,-0.951999999999984
b4048222-1c7b-4243-bf17-bad167d20cf3,80.37,53.79,45.92,52.27,2.87,21.8,85.46,1.0,3,51.76,0,1,2,49.855000000000004,0.372145,-8.154999999999994
96ef36c4-5e24-43ce-9b44-17e0fdc8fae7,81.32,70.96,52.94,65.59,2.89,19.1,86.7,0.8480000000000001,5,66.01,1,1,2,61.949999999999996,0.2921,-1.9114285714285728
60b9b46d-128a-4d12-bb3d-9f09a51c1baa,68.06,53.92,44.94,46.08,2.61,14.2,72.74,0.609,7,49.11,0,0,2,49.43,0.44122999999999996,-13.756666666666668
2340b65d-d848-4d29-ae17-ab35270e2985,85.09,63.2,62.13,70.04,2.9,17.1,82.9,0.244,4,62.92,1,2,2,62.665000000000006,0.26152499999999995,-6.075000000000003
e251a58f-f895-469c-a607-378a5761b59c,96.11,61.28,55.17,54.23,2.62,23.1,81.34,0.658,1,68.48,1,3,2,58.225,0.27819499999999997,-10.57555555555556
32ddc45d-28a4-46d2-b0ea-d79b9f8d9a06,68.73,63.16,60.49,72.19,3.28,27.1,82.58,0.436,8,61.91,1,0,3,61.825,0.323035,6.029999999999987
1cc98dc6-3b71-4f51-a07e-80a61fe2a0f1,87.07,70.59,68.28,66.47,2.81,18.3,75.24,0.1129999999999999,6,70.49,1,2,2,69.435,0.244005,3.3600000000000065
509e9986-ca78-421c-96c2-3b6320ab3ecd,72.69,63.09,67.15,64.34,2.93,19.9,91.49,0.465,2,67.4,1,0,2,65.12,0.32086,-0.38857142857142435
5d8c1ce6-a61a-49ee-8590-9acbfd4d66f3,87.81,65.23,52.47,64.37,2.25,22.7,74.58,0.258,7,65.55,1,2,1,58.85,0.27909999999999996,4.357142857142854
95b3759e-d4eb-47da-a35b-86b5209a5027,87.52,59.37,63.67,55.71,2.19,17.8,78.33,0.291,4,61.88,1,2,1,61.519999999999996,0.29823,-5.209999999999994
a71389e2-837e-488e-b5f6-88e2d992b551,84.42,61.33,65.29,67.85,2.95,27.7,85.52,0.917,8,67.38,1,2,2,63.31,0.26884,9.23888888888888
9540c085-b7a4-453b-9dae-ce05eaf624fc,71.24,70.42,71.19,71.18,3.37,21.8,72.95,0.7,2,68.85,1,0,3,70.805,0.289085,3.8175000000000097
ce9fdbb3-277d-403e-af0a-cea6aa51e5cb,86.35,60.45,61.28,51.52,2.79,24.7,66.86,0.11,3,61.76,1,2,2,60.865,0.31744500000000003,-9.214285714285708
63a36b9f-f052-4061-a664-539115be48c8,65.5,56.63,52.29,53.26,3.09,17.6,84.03,0.607,7,50.65,0,0,3,54.46,0.41484000000000004,-5.881818181818176
6f31b470-2093-4688-911a-288b162e824a,70.68,66.6,65.65,75.35,2.95,17.4,89.83,0.776,3,60.93,1,0,2,66.125,0.292855,6.0433333333333366
6e619d7f-d97f-4586-84f2-d7ff7adfe360,99.91,53.16,47.32,57.09,2.0,18.7,70.65,0.8160000000000001,6,61.09,1,3,0,50.239999999999995,0.27837,-3.636363636363633
9cd33448-a5da-4dba-86f8-bae1d8f8a05f,67.24,58.84,64.05,50.65,3.0,28.3,79.24,0.659,7,57.78,0,0,2,61.445,0.394755,-11.42857142857143
d73d1505-26b4-4130-b083-d350b5673002,94.32,57.46,54.76,54.6,2.58,20.9,83.65,0.5509999999999999,7,58.79,0,3,2,56.11,0.29059000000000007,-1.5574999999999974
28446b8c-6650-42c4-94c3-4256c5b9fe84,73.75,76.44,84.46,75.71,4.0,24.8,78.79,0.413,5,76.25,1,0,3,80.44999999999999,0.23652000000000004,8.725714285714275
7d76a50a-bafc-4e7f-98fb-16cbf12830cb,70.03,36.5525,45.94,35.63,2.03,15.2,81.93,0.608,2,46.72,0,0,1,41.24625,0.4892512499999999,-19.6475
785862aa-1af5-4604-ae48-419ede7e728a,67.8,51.77,58.95,61.97,3.21,20.1,63.94,0.747,3,54.67,0,0,3,55.36,0.37681000000000003,-1.8125
4bb85216-61e0-490e-b828-69e4686fad78,96.98,63.55,77.27,62.67,3.36,18.4,80.94,0.299,4,74.82,1,3,3,70.41,0.21284,-2.6133333333333297
24af44ca-f422-48b2-b552-60eb3eb253f2,69.44,63.45,74.42,64.26,3.34,26.2,81.19,0.161,4,67.57,1,0,3,68.935,0.322655,1.55833333333333
7aaa4d6f-345b-4063-be8e-667a26cbd8d8,97.05,51.78,57.51,63.55,2.0,17.9,69.69,0.362,2,61.75,1,3,0,54.644999999999996,0.257215,4.336527777777775
b6d2cca8-ee27-420f-9a66-0c8353d5d3b7,67.73,65.75,63.26,56.71,3.18,29.7,88.05,0.474,2,66.11,1,0,3,64.505,0.365435,-3.4939999999999927
3176be34-f6e8-4083-ae47-f96bac1e2bfa,99.47,74.69,64.26,70.31,3.28,23.3,92.36,0.724,4,78.01,1,3,3,69.475,0.18276499999999998,2.4383333333333326
4089cde0-f055-4ad1-882f-0cfc274cf6a5,75.3,78.19,70.32,65.96,3.16,23.0,81.35,0.233,2,69.83,1,1,3,74.255,0.2781550000000001,0.05999999999998806
905a8905-eaf9-4128-a5d2-5712c680d3c2,80.39,77.66,79.82,66.14,2.74,26.2,83.01,0.284,7,75.31,1,1,2,78.74,0.24380000000000002,0.6099999999999994
bc136c8f-37d7-41a3-96e7-54ff69eb744e,70.98,71.35,72.89,67.17,3.62,24.0,83.14,0.152,2,71.9,1,0,3,72.12,0.29821,4.24111111111111
f591e6cf-4abe-4ad2-adbf-e6619639e6fd,86.48,79.61,92.18,86.68,4.0,27.7,85.97,0.418,2,87.97875000000002,1,2,3,85.89500000000001,0.13635499999999992,22.436000000000007
2015b95d-129a-46fa-b20b-624aeb809535,71.44,55.21,60.43,57.8,3.31,16.5,83.06,0.687,6,56.3,0,0,3,57.82,0.36738,-13.126249999999999
db6b2b6c-68b3-4378-9396-536c7b035591,89.83,73.56,68.28,71.46,2.53,26.3,77.67,0.64,6,69.5,1,2,2,70.92,0.21353999999999998,7.721999999999994
07134531-b4a7-4644-8f79-e2b39ede9e3f,90.22,55.9,63.79,55.41,3.03,25.2,84.64,0.603,7,67.93,1,2,3,59.845,0.29335500000000003,-4.58400000000001
fb38c978-655a-4b42-9ed6-f8c2142de9f0,84.64,67.35,67.79,65.96,3.17,24.7,75.4,0.835,7,64.68,1,2,3,67.57,0.26085,-5.822500000000005
f65049b1-4ca0-439a-a1b3-4328771a1814,71.47,54.65,67.5,54.3,3.06,21.9,77.42,0.418,7,63.52,1,0,3,61.075,0.367995,-9.944000000000003
d9d76674-559e-4e14-8ee1-8ed8031298df,65.68,59.42,68.81,63.02,2.8,27.7,86.36,0.216,1,64.81,1,0,2,64.11500000000001,0.355875,-0.5233333333333263
2f8e53d3-aa56-4aef-978f-6783540c8aa6,99.01,72.5,58.16,72.06,3.13,26.3,88.81,0.969,7,69.56,1,3,3,65.33,0.19178999999999996,11.95000000000001
fff5c59f-35b8-42a1-a82a-d4bc94e1aac4,83.68,59.38,56.73,66.96,3.01,24.5,72.98,0.349,1,61.92,1,2,3,58.055,0.29023499999999997,6.483333333333327
b92f218f-20a9-4d7d-b1f3-b4676013cad6,90.89,48.81,45.44,47.0,2.0,21.3,75.13,0.716,8,47.77,0,2,0,47.125,0.35406499999999996,-9.846000000000004
f5848b4c-e4e0-417a-89ae-f670434442ec,79.36,78.8,73.74,89.61,3.4,22.6,71.04,0.663,4,73.28,1,1,3,76.27,0.18492,19.840000000000003
76976f3c-ebfa-4032-98fe-df22ade3cd21,85.13,73.39,74.57,71.17,3.26,25.0,82.83,0.648,1,77.35,1,2,3,73.97999999999999,0.22403000000000006,0.804000000000002
4e93949d-5138-41cf-9502-32bf27477ffb,71.93,48.45,63.26,59.4,3.19,25.2,81.72,0.6950000000000001,7,58.88,0,0,3,55.855000000000004,0.366515,-2.658888888888889
fce41711-ce66-47e5-a3e5-874a4a3d68ee,84.17,69.35,84.2,73.55,3.41,26.7,73.13,0.197,1,75.47,1,2,3,76.775,0.21234499999999998,6.209999999999994
fcfa267d-007d-49e3-8e09-4e3b132a3594,69.98,66.38,65.72,62.59,3.53,29.5,79.03,0.483,6,63.89,1,0,3,66.05,0.33415999999999996,-0.27249999999999375
885d1d0f-5906-4299-ad65-5126b3bdb2fd,83.51,59.17,51.55,57.22,2.73,22.3,63.69,0.853,7,59.74,0,2,2,55.36,0.32822,-10.224285714285713
b1b041fd-506b-41b1-9835-49d645293d32,91.56,58.85,64.78,48.99,2.52,18.0,77.26,0.129,2,59.18,0,3,2,61.815,0.301345,-6.608333333333327
c6a02159-2b09-4d24-b281-24dbe1297b79,76.44,56.77,57.4,51.66,2.0,14.2,75.67,0.9,8,57.26,0,1,0,57.085,0.36800499999999997,-10.345000000000006
dcc0e7d6-8a8d-46ac-850e-fbe09486247b,72.49,65.5,69.77,67.7,2.87,24.7,69.76,0.8869999999999999,7,62.38,1,0,2,67.63499999999999,0.304035,-4.177999999999997
7f7dc868-5ca5-49e7-97fc-2f17e3ee97b5,77.56,53.33,42.48,37.32,2.46,13.6,72.05,0.4429999999999999,2,44.68,0,1,1,47.905,0.43408499999999994,-19.689999999999998
3ab93dd3-a1a8-4460-82d3-0386adcfb954,97.48,62.04,69.17,74.86,2.66,17.0,68.82,0.807,1,62.88,1,3,2,65.605,0.18868499999999996,13.771
86705eee-8f4d-4d50-ab3a-02a36c5fa61b,83.91,51.32,56.88,55.23,2.89,19.1,78.23,0.515,2,59.47,0,2,2,54.1,0.33637,-8.020000000000003
77c9b2b8-6ee7-47a3-976a-3067d99f42e2,66.87,56.63,67.72,70.27,3.03,21.1,72.15,0.518,8,60.74,1,0,3,62.175,0.335185,8.465714285714284
ec3161dc-2661-4d41-ae24-b5dcf7767f75,69.5,47.81,44.92,37.06,2.5,24.0,77.66,0.183,3,53.61,0,0,1,46.365,0.471725,-22.79333333333333
fd7ab48f-64d5-4aa1-b83b-10a4b48f668d,89.11,70.39,67.62,69.55,3.5,19.1,70.46,0.37,1,71.58,1,2,3,69.005,0.22789500000000004,11.825749999999992
8ea3f808-e639-49b7-990a-77d818c9bcfe,88.32,67.69,76.09,65.3,3.14,20.7,91.08,0.518,2,66.56,1,2,3,71.89,0.23515000000000005,3.4957142857142856
17b36e8c-9b8f-4b5e-b015-9840c6738150,85.09,59.67,62.99,50.47,2.98,18.1,68.67,0.77,7,57.7,0,2,2,61.33,0.32424,-13.592500000000001
3cb5ecfd-ac78-46d2-822d-c5499604a4e6,88.85,74.52,69.95,75.39,3.01,23.4,79.49,0.128,3,77.06,1,2,3,72.235,0.201725,8.651428571428568
2ce93f03-306f-4b1a-885e-eff50f60974a,98.77,68.81,70.0,78.43,3.7,24.2,79.72,0.486,4,66.43,1,3,3,69.405,0.16141499999999998,21.148000000000003
33d6c39e-ad06-4173-b515-2f6ba644b9f4,83.6,64.28,59.29,66.9,2.62,18.1,73.14,0.498,6,64.44,1,2,2,61.785,0.27954500000000004,4.215000000000003
cc70b952-ec15-41ba-b49c-3a2e90f8b7a8,93.6,72.56,75.11,79.1,3.88,32.2,83.64,0.127,1,77.45,1,3,3,73.83500000000001,0.166795,11.159999999999997
bbcc2cc7-e63d-4040-9d88-449d651d812d,71.44,48.39,59.95,60.42,2.19,19.0,77.3,0.8939999999999999,5,57.94,0,0,1,54.17,0.37046999999999997,-3.571111111111108
bd0e3d61-9aa2-44e3-9054-9e120c9a8c9b,72.84,83.79,74.0,90.11,3.8,26.1,80.56,0.579,5,79.44,1,0,3,78.89500000000001,0.20162499999999994,22.18142857142857
46109056-e030-4a40-b23f-41117fab90ed,74.02,48.76,37.07,44.59,2.22,19.7,64.31,0.303,6,44.78,0,0,1,42.915,0.44140500000000005,-9.994999999999997
bb00340e-3966-488a-b2a6-08b7232f4bcd,89.7,53.2,59.76,51.9,2.22,25.1,89.7,0.1669999999999999,5,62.96,1,2,1,56.480000000000004,0.31606,-14.222500000000004
74738a02-fc63-49e6-a99a-bae2b2ef4f2e,91.11,79.08,73.44,74.64,3.31,29.4,80.07,0.706,2,80.81,1,3,3,76.25999999999999,0.18286000000000002,5.126000000000005
2d02fec2-b21b-4b7d-a040-83f887b8e09e,98.03,82.61,80.94,67.83,3.45,20.3,75.54,0.77,5,77.23,1,3,3,81.775,0.15906499999999998,3.7674999999999983
f442348b-ed9c-45c5-91a8-e5da62384a28,82.27,68.55,69.74,68.58,3.55,24.0,93.42,1.0,8,68.29,1,1,3,69.145,0.25774500000000006,8.155000000000001
07d849ac-1d3b-44f8-841d-086d702b32f5,73.35,47.76,41.64,44.32,2.44,20.0,74.21,0.159,2,48.1,0,0,1,44.7,0.4395400000000001,-17.90333333333333
fa17be69-e690-4d52-92ac-76357e75ac71,77.65,57.16,61.48,65.34,2.38,23.2,88.56,0.74,8,64.95,1,1,1,59.31999999999999,0.3154199999999999,5.215000000000003
06bd6a85-4cdf-4e1e-9872-1546590c5b2e,85.03,70.11,76.29,74.4,3.39,25.1,67.53,0.8869999999999999,7,69.65,1,2,3,73.2,0.21708,2.5220000000000056
7ba716b5-229a-4b5e-b8bc-39b8f7c0cd1c,75.8,59.59,57.36,56.04,2.38,13.6,92.76,0.661,7,67.67,1,1,1,58.475,0.35325500000000004,1.0549999999999997
7c24011c-c99f-4f04-8e15-653890d40762,85.37,48.67,45.45,45.63,2.88,17.9,85.68,0.932,2,51.36,0,2,2,47.06,0.38044999999999995,-18.297777777777775
0f5e8e06-8e43-4244-81b4-0a9e94ffb42c,91.99,67.2,62.04,61.17,3.2,21.8,71.98,0.4509999999999999,1,68.46,1,3,3,64.62,0.25467,-1.4780000000000015
39277c9c-02cc-4d22-830d-795ebe68b49e,68.94,50.79,50.42,48.8,2.53,21.7,71.94,0.2339999999999999,2,51.48,0,0,2,50.605000000000004,0.426025,-18.408749999999998
36d73f50-aa57-427f-987e-a76c245e954f,87.7,87.74,69.22,83.11,3.54,27.3,79.55,0.102,4,80.05,1,2,3,78.47999999999999,0.16443000000000002,13.646249999999995
0963a452-038d-44c8-9aa0-f15ee19f287e,84.15,62.59,62.82,67.14,3.15,24.6,78.09,0.622,4,60.98,1,2,3,62.705,0.27386499999999997,3.8800000000000026
c28d48cc-ec85-482f-9ee1-f0ded5c7453a,68.71,61.12,54.63,60.29,2.88,18.7,77.58,0.235,6,65.88,1,0,2,57.875,0.370665,-0.8833333333333258
4b4afc5c-6001-44c8-9e55-a648cf8318d9,77.64,74.46,82.73,77.94,2.9,29.9,80.88,0.637,7,76.27,1,1,2,78.595,0.219835,11.917500000000004
939a30b4-2df8-41fb-a8b7-a1fac62f74d4,67.74,67.2,55.71,67.99,2.91,16.3,77.39,0.239,8,69.45,1,0,2,61.455,0.34070500000000004,-9.011607142857144
87dca675-8497-4f1e-b94b-9b28dea17a86,75.65,65.34,58.31,59.17,2.91,20.2,71.63,0.391,6,60.57,1,1,2,61.825,0.3344149999999999,-11.433333333333337
e430e851-514b-4369-a3f3-2c0931e7c6cb,93.44,82.62,76.44,77.66,3.7,25.3,74.34,0.1139999999999999,4,81.59,1,3,3,79.53,0.15467000000000003,7.706249999999997
2e491b6c-36ab-4bc7-b0a9-82784387be71,99.25,78.16,82.48,84.15,3.15,29.3,87.06,0.961,7,77.36,1,3,3,80.32,0.10958999999999999,17.040000000000006
28e04b17-77f9-4565-8ff7-7c7cb76c3f87,74.79,63.58,67.39,65.6,2.97,22.6,72.09,0.428,6,61.4,1,0,2,65.485,0.307585,-4.2250000000000085
b0cdc055-0062-4dd3-bf0b-cda8d72c60da,85.79,65.51,56.85,51.65,2.63,26.1,88.35,0.993,8,65.37,1,2,2,61.18000000000001,0.3183499999999999,-14.083333333333336
467922d1-bce3-4c6f-b739-496ad5d26de9,76.13,76.19,93.09125,76.8,3.44,30.5,78.47,0.746,3,83.26,1,1,3,84.640625,0.21115812500000003,15.606250000000003
1a8d04c4-2a20-47a6-95d1-6c04b5dfd4b2,86.42,80.81,84.93,94.50125,3.92,23.6,87.41,0.397,4,87.97875000000002,1,2,3,82.87,0.12220624999999999,23.2175
2fb91970-6d82-41e1-bdc3-06ea57f1f87d,78.25,57.24,53.65,55.82,2.75,24.2,78.01,0.73,3,61.31,1,1,2,55.445,0.35320500000000005,-3.321249999999999
a93b7b5a-ebb5-483a-8bb6-bc6d7ee3faae,96.37,81.11,80.07,91.36,3.31,26.9,73.78,0.267,6,87.55,1,3,3,80.59,0.09866999999999998,16.752499999999998
5320c052-04f6-4bb0-8467-4cf9d043dfca,68.52,56.92,64.79,56.67,2.71,17.3,78.49,0.819,8,57.39,0,0,2,60.855000000000004,0.37334500000000004,-7.773636363636356
14de9564-5ef9-4293-8547-693906093322,89.59,71.97,64.44,63.68,3.28,29.0,80.19,0.424,8,68.49,1,2,3,68.205,0.245985,4.411250000000003
f3a85ede-11db-485a-9eac-6bb2bdc810b5,79.13,59.35,72.65,55.6,3.06,18.2,88.65,0.104,7,70.87,1,1,3,66.0,0.31868,-7.288571428571423
91699eb4-f6a5-4b5b-a3fb-1b82e4680bfa,85.19,65.36,66.06,71.03,3.14,24.6,81.91,0.7070000000000001,7,65.76,1,2,3,65.71000000000001,0.24901999999999996,-1.8200000000000074
4ca454bd-11d0-4a17-acaf-7adac8f4b991,82.51,67.89,58.48,58.44,2.67,21.5,82.24,0.631,3,63.61,1,1,2,63.185,0.305085,-3.00416666666667
00a1f87e-e30a-45cd-9d62-beca4d046fff,88.11,62.05,60.8,65.49,2.82,16.7,99.8,0.216,7,66.77,1,2,2,61.425,0.266815,1.9466666666666654
eea9a12c-a767-4928-8086-b8ef578fe6fa,73.25,60.83,67.48,58.96,3.15,24.0,90.77,0.495,8,66.94,1,0,3,64.155,0.337655,-7.8899999999999935
ac000281-3dc9-4f22-8221-9b80ea0c073e,88.6,60.36,68.33,55.2,3.25,24.8,79.39,0.717,3,62.7,1,2,3,64.345,0.286965,9.025000000000006
7c44a376-75d6-4b50-a681-be9cce8bd6e5,75.73,60.63,55.46,68.44,2.76,15.9,90.92,0.6950000000000001,5,65.92,1,1,2,58.045,0.317625,6.38111111111111
bf3cf78e-b3ab-4a31-bafd-5e3adf73f6e2,72.96,66.29,68.68,69.32,3.03,23.1,86.55,0.739,4,69.36,1,0,3,67.48500000000001,0.297745,-5.896666666666661
338d9e5c-6f63-45e5-aafb-1da3b440ff84,93.28,36.5525,42.69,42.56,2.26,16.9,85.32,0.512,2,57.01,0,3,1,39.62125,0.38033625,-23.999999999999986
e9a22b54-f817-4f8c-bd42-f9ef8072466d,86.54,59.6,63.94,49.2,2.82,20.4,85.85,0.918,5,55.46,0,2,2,61.769999999999996,0.32092999999999994,-13.646666666666668
78b5a61b-2d58-4975-a11b-0bb74d4f73dc,98.27,74.17,62.29,71.11,3.59,29.7,86.48,0.8560000000000001,7,66.51,1,3,3,68.23,0.1889,4.285555555555561
b33dfb9d-97cc-4b00-aa20-653a65d9d3ca,94.82,52.22,55.13,55.81,2.78,15.1,71.24,0.444,4,61.55,1,3,2,53.675,0.292265,-7.054999999999993
67c05e3d-2ebc-4708-891e-cb0fba186df7,75.99,64.04,64.73,64.14,3.12,26.0,84.13,0.479,5,69.62,1,1,3,64.385,0.310465,4.50800000000001
74b89298-3dd6-4f6b-8a92-0fb2b58b8444,76.07,63.92,55.16,54.73,2.7,19.8,74.42,0.8779999999999999,6,59.87,0,1,2,59.54,0.35291000000000006,-6.0042857142857144
67806bb5-098d-49c6-87a1-af7545552582,69.71,45.26,41.29,47.84,2.26,16.0,84.09,0.795,8,47.07,0,0,1,43.275,0.447815,-3.104999999999997
fe517073-6342-447d-83bb-504769ad1c5d,72.9,61.12,58.89,60.12,2.61,19.8,92.19,0.214,6,63.48,1,0,2,60.004999999999995,0.34802500000000003,-8.34000000000001
e791d4c5-83f4-4a0d-b220-ae3d797ef3d9,76.77,60.42,61.24,65.32,3.1,18.4,75.09,0.423,7,61.68,1,1,3,60.83,0.31447,-1.9200000000000017
299a29dc-877f-45a4-aed2-7dab7e617263,92.5,66.69,55.36,55.87,3.11,18.9,79.04,0.916,6,59.81,0,3,3,61.025,0.279315,-4.276666666666671
61c0d4c1-10a2-4ee6-b71b-1cd85c023240,85.79,59.52,57.92,47.61,2.41,19.4,89.77,0.264,3,57.49,0,2,1,58.72,0.33785,-9.574285714285715
ad36a3ea-06e9-45d2-be63-0516c385c7a2,74.08,66.95,58.2,54.16,2.58,18.9,74.04,0.263,4,60.44,1,0,2,62.575,0.35347500000000004,-4.098888888888894
2ad37f3e-0e70-448c-8c19-b06fbd14c2fe,81.07,87.04,93.09125,83.68,3.9,24.9,90.98,0.253,2,85.93,1,1,3,90.06562500000001,0.15448312499999997,16.954000000000008
0e6eca38-9c70-44ae-9190-5d59e7c0940d,78.74,70.49,70.92,72.33,3.63,25.4,77.25,0.8630000000000001,6,65.86,1,1,3,70.705,0.2559350000000001,9.48888888888888
fd0cb4e8-fe59-4582-969c-91a11628a227,65.78,65.29,54.36,59.95,2.95,20.2,78.75,0.554,1,55.81,0,0,2,59.825,0.377555,-8.753
0daf34f5-b4a8-4404-9e3b-1a62c6513589,96.87,65.89,71.67,69.92,3.04,21.1,81.14,0.866,6,69.02,1,3,3,68.78,0.19641999999999996,-0.7459999999999951
b835cf61-3dc1-4765-a187-76488bb4add7,92.45,74.08,76.73,72.91,3.96,31.1,86.8,0.712,1,74.92,1,3,3,75.405,0.185255,2.7171428571428606
06ff54f4-5df8-45b0-895e-d87b1b7c8992,72.81,71.06,69.53,76.01,3.86,19.6,90.73,0.519,2,69.76,1,0,3,70.295,0.26984499999999995,11.23142857142858
f2ce0750-7dda-41a4-ac83-4322c9d4e017,98.25,68.88,81.05,76.56,3.26,26.4,85.6,0.95,3,76.77,1,3,3,74.965,0.15242499999999995,8.60444444444444
38e0eb9a-32c1-429d-9543-6d51d8a472a9,81.08,83.31,78.2,87.3,3.31,25.7,88.61,0.906,1,76.57,1,1,3,80.755,0.17151500000000006,18.69999999999999
62d97582-b333-41a5-929d-326bb5643b09,97.87,48.17,56.76,52.63,2.22,20.6,70.69,0.5650000000000001,7,61.63,1,3,1,52.465,0.29323499999999997,-8.85285714285714
59a699ef-0c51-4e59-bdeb-954a82556710,72.49,62.38,58.84,49.75,2.69,16.2,79.67,0.137,2,60.45,1,0,2,60.61,0.37896,-9.228333333333332
6234ed67-6f78-4209-829a-eb3488209201,93.0,67.56,74.82,64.47,3.37,27.0,86.22,0.397,1,76.12,1,3,3,71.19,0.22102000000000005,-6.813749999999999
4d528417-cd75-4311-9862-7622517ad868,99.4,71.38,76.96,71.91,2.91,26.0,80.79,0.155,3,74.99,1,3,2,74.16999999999999,0.16416000000000003,17.214999999999996
9ab200f1-eada-437f-9455-a8aacd7b9009,75.93,70.24,80.38,73.88,3.16,20.1,91.49,0.937,2,71.91,1,1,3,75.31,0.24871,9.541249999999991
4336f323-a6aa-41e0-9b85-15edcaee709b,84.64,52.13,64.26,55.03,2.71,20.2,80.99,0.554,4,61.24,1,2,2,58.19500000000001,0.32176499999999997,-13.673000000000002
fb8c4cb5-c0ac-4181-8b43-d1bae020376c,82.35,71.56,64.19,62.43,2.99,26.3,80.84,0.243,8,71.14,1,1,2,67.875,0.27968499999999996,-1.3257142857142838
afabe4c7-dc5e-4756-8896-d63882f8baa3,71.55,59.87,55.32,53.52,2.23,14.6,79.46,0.27,6,58.0,0,0,1,57.595,0.38045500000000004,-2.772500000000001
5057c7a2-fb1c-4fe3-81f0-be6eac041b00,71.9,70.37,73.83,83.69,2.86,27.9,73.03,0.817,8,71.68,1,0,2,72.1,0.24503,11.807777777777787
5be8383b-35e3-448f-bf98-dcd4acca10a6,91.81,71.86,73.27,73.04,3.5,21.8,78.06,0.917,8,68.97,1,3,3,72.565,0.19594499999999995,14.428888888888892
66bf5cd8-a73f-4f98-88d8-a38d2d98f863,77.6,67.69,62.27,65.42,3.14,28.1,83.05,0.8630000000000001,8,67.67,1,1,3,64.98,0.2984,2.5788888888888835
1cccbc50-ca27-455c-b29f-2d88cdbc4ae1,69.28,49.31,51.33,55.78,2.69,20.0,84.63,0.31,1,59.02,0,0,2,50.32,0.40458,-8.43714285714286
3b575ccc-af2b-432d-a8b2-5fcd54e23cb8,98.54,65.38,56.39,52.4,2.04,16.8,66.49,0.65,7,58.54,0,3,1,60.885,0.26598499999999997,-10.518750000000004
0460ec9a-53d2-4b16-a906-6ab5ac436481,82.35,46.35,49.03,50.24,2.83,19.5,96.23,0.186,5,56.54,0,1,2,47.69,0.37681,-15.54
8f4f533f-944d-451a-a74c-2ae897b12634,71.29,53.18,49.17,59.87,2.75,18.7,93.03,0.417,7,58.36,0,0,2,51.175,0.38170499999999996,-4.729999999999997
e03418e7-f7c2-4089-b796-aea7bd921dbc,96.06,79.4,85.48,77.26,3.48,30.5,82.57,0.488,2,78.77,1,3,3,82.44,0.13665999999999998,14.180000000000007
be980459-1adf-4a94-aec7-ae91f97389de,67.09,75.19,82.2,77.74,4.0,23.3,68.48,0.688,1,69.98,1,0,3,78.695,0.26233500000000004,16.184999999999995
0766eec4-5b2b-4cdc-9855-649be0ff5d5b,68.45,57.97,64.33,55.03,3.28,16.2,83.3,0.537,5,55.29,0,0,3,61.15,0.37766,-11.506666666666675
ddfe8d07-dfa1-4072-a06d-dcf007fbbb74,84.02,62.42,70.25,69.26,3.12,18.3,71.75,0.106,3,77.66,1,2,3,66.33500000000001,0.25713499999999995,10.938888888888897
462ebb34-a92e-4be9-a939-8f8748037de3,77.11,64.18,62.91,54.74,2.54,24.1,79.78,0.607,3,63.12,1,1,2,63.545,0.33670500000000003,-4.401818181818172
1bf2dc2c-8bf7-41c9-ab48-bedf478a7c2f,67.39,70.84,57.45,55.96,2.63,19.8,77.03,0.638,1,60.1,1,0,2,64.14500000000001,0.37012500000000004,-7.963333333333324
4f8d37f3-b409-474c-95c3-28234de4db7c,77.16,63.02,51.15,64.26,3.13,18.0,78.16,0.378,2,63.0,1,1,3,57.085,0.32732500000000003,-4.99666666666667
14ed0d65-0d82-4cec-afaf-35be421f3f08,74.33,65.67,54.42,58.81,2.32,26.6,75.08,0.631,1,62.01,1,0,1,60.045,0.346115,-2.6341666666666654
e309b433-9ec2-41ba-a121-1be3c541e119,80.9,63.1,57.12,53.97,2.62,19.7,89.95,0.999,1,51.56,0,1,2,60.11,0.33415999999999996,-9.522222222222219
32d2a3f5-2ca7-4585-a95d-753810e02c1a,98.13,71.94,71.17,78.61,3.16,22.7,75.99,0.8,8,68.83,1,3,3,71.555,0.15698499999999999,6.977499999999992
a9078ea6-2212-4204-bcff-7e980287eae0,74.3,69.62,61.2,57.53,2.71,22.4,73.5,0.678,7,62.76,1,0,2,65.41,0.33398000000000005,-1.3800000000000026
fa980213-0e8b-418a-b27e-8c1fa5e7e5dd,72.75,71.23,69.26,86.73,2.55,22.1,89.76,0.2279999999999999,7,77.85,1,0,2,70.245,0.23807499999999998,19.073333333333338
0a7cd161-0ca4-42a0-a7fd-9696d8c56583,88.68,68.04,63.15,66.01,2.9,25.9,84.58,0.261,1,70.46,1,2,2,65.595,0.25046499999999994,-5.836666666666673
621b62d8-c81d-4ad9-8915-2499c340f44e,76.76,58.67,62.25,61.9,2.99,21.1,82.4,0.4469999999999999,2,68.2,1,1,2,60.46,0.32587999999999995,-6.505000000000003
952dcf31-e11a-4dad-a22d-b1a3d0f5f88a,81.47,60.0,54.15,63.79,2.28,24.5,74.31,0.288,8,66.54,1,1,1,57.075,0.311525,-8.139999999999993
80d5ffbc-74c1-4dff-84c7-f01e2cd2c370,97.32,81.28,83.19,83.1,4.0,29.9,83.01,0.12,7,87.71,1,3,3,82.235,0.11471500000000004,15.298000000000002
e162ffa0-ed20-4c33-b422-c48855f93f88,67.96,53.08,63.6,67.54,2.39,24.3,74.65,0.942,4,57.76,0,0,1,58.34,0.35052,1.7000000000000028
1e5efc18-291f-4a27-8e58-0ca370e61e1d,84.86,63.03,65.28,67.57,3.0,25.7,81.11,0.955,5,65.64,1,2,2,64.155,0.265385,-0.892857142857153
c46bdcd0-f055-48ba-bcb0-eb470fda7460,98.7,77.96,69.4,75.68,3.16,27.7,82.51,0.143,1,75.77,1,3,3,73.68,0.15711999999999995,9.286666666666676
8d0019b8-0e06-4e83-86ba-8b2455593434,97.26,90.66,86.6,91.48,4.0,25.8,79.29,0.744,2,87.97875000000002,1,3,3,88.63,0.07062999999999998,25.326000000000008
826c4c37-d80c-472e-a79d-8372a4ddc4a5,99.35,48.83,51.33,35.97,2.23,19.2,81.26,0.247,4,56.89,0,3,1,50.08,0.34445,-23.192857142857143
def42bab-36ae-436d-8595-cefbbc022a75,76.42,80.31,74.33,86.64,4.0,26.2,72.23,0.726,6,75.72,1,1,3,77.32,0.20244000000000004,17.30428571428571
3c3c6553-209b-4e92-a26d-7bf811317c9e,98.9,55.88,60.05,58.37,2.38,20.2,90.26,0.742,8,62.81,1,3,1,57.965,0.255395,5.539999999999992
f5f776d9-17f4-410d-8d9c-28db65081260,75.83,75.22,69.61,80.6,3.78,30.5,72.86,0.417,3,71.23,1,1,3,72.41499999999999,0.23763500000000004,16.0
3cf30a22-edfb-4aab-b217-caf6aa0582b8,70.22,58.58,68.05,69.97,2.73,18.2,66.32,0.146,5,69.6,1,0,2,63.315,0.319265,6.487499999999997
d03a4ee7-4f88-4dcb-9497-443b43c4c357,87.19,72.82,61.52,67.42,3.39,20.9,77.52,0.8210000000000001,7,69.22,1,2,3,67.17,0.24747,-4.843333333333334
ca22dc9c-e8b7-4110-ad6e-3993097b69e7,75.85,68.74,79.32,73.43,3.06,25.9,84.21,0.967,2,79.48,1,1,3,74.03,0.25422,8.94923076923078
fe61a1e0-bf17-419b-87e4-c4c95a5dc779,67.8,55.3,55.99,56.02,2.95,22.4,92.58,0.98,4,54.79,0,0,2,55.644999999999996,0.39380499999999996,-6.450000000000003
314b2f31-9fba-4e0a-84ed-e6a3e722ee38,96.91,68.86,76.19,69.2,3.04,26.1,78.09,0.805,7,71.03,1,3,3,72.525,0.187185,6.6200000000000045
a5655f20-2f9b-4eed-b544-b31ecea2c245,68.06,63.25,70.25,66.85,2.63,23.2,86.74,0.775,4,64.77,1,0,2,66.75,0.32696,10.907499999999992
416edd6a-640d-4add-b431-dc9e0c87316b,91.63,79.89,75.14,70.49,3.32,18.5,80.93,0.833,7,76.19,1,3,3,77.515,0.18946500000000005,-0.6325000000000074
2c320f73-7f01-4659-95f9-26a2105f3cba,85.98,69.57,63.67,60.71,2.74,19.6,79.82,0.75,5,69.19,1,2,2,66.62,0.27408999999999994,-10.600000000000001
eccdd190-f269-4ce6-adeb-9bb191e5afa6,73.18,67.63,70.58,79.09,3.64,21.9,82.41,0.145,4,69.45,1,0,3,69.10499999999999,0.262695,5.484000000000009
cc1437cd-31bf-49a3-ab3e-0f987c4cf301,66.48,68.3,61.77,63.59,3.1,26.7,87.22,0.792,8,67.65,1,0,3,65.035,0.34820499999999993,-9.302499999999995
7d1cad11-ebde-4f98-a051-425d4863ac21,72.85,81.42,76.03,66.74,3.47,25.5,69.06,0.644,2,72.38,1,0,3,78.725,0.27220500000000003,2.2466666666666697
a425884a-3518-4c2e-a12d-4de33c5e70f1,98.93,76.85,76.93,86.51,3.38,30.3,93.61,0.414,5,86.19,1,3,3,76.89,0.11407999999999995,17.738
007f1b87-616c-4c45-8802-1650b3ce0cc7,65.76,79.44,65.93,75.97,3.26,19.7,68.26,0.1669999999999999,1,69.83,1,0,3,72.685,0.29099499999999995,9.847499999999997
fd90d67c-04df-4b45-bc05-08d85967a218,77.72,58.37,49.2,49.0,2.45,23.0,75.92,0.268,7,60.27,1,1,1,53.785,0.380765,-15.992500000000007
bb86a540-953b-4294-b984-f62dc1998a1b,98.02,76.34,68.31,66.31,2.92,24.7,71.34,0.125,8,72.93,1,3,2,72.325,0.192015,0.9650000000000034
9e5f95a7-e06e-499b-9390-1020c0acb6c4,97.76,70.66,69.71,66.59,3.18,27.9,83.6,0.55,2,70.45,1,3,3,70.185,0.19863499999999995,-4.358750000000001
240f7f81-eab1-416c-b4c7-963a8e73231d,87.47,47.96,55.42,47.01,2.24,25.6,87.46,0.275,2,63.28,1,2,1,51.69,0.35402,-20.134999999999998
da56809a-a3c8-4f94-81c6-079f80797fb1,65.66,69.06,59.99,65.8,2.87,22.6,77.15,0.705,8,64.35,1,0,2,64.525,0.346385,1.8739999999999952
4791c438-be17-47b1-a4f6-582504e86628,83.46,62.54,60.64,56.75,2.78,17.2,92.05,0.483,6,68.71,1,2,2,61.59,0.31114,-6.112499999999997
944087b8-8883-4b72-99f6-deaecceff4cd,70.93,74.37,66.66,69.04,2.93,21.2,82.38,0.867,7,66.62,1,0,2,70.515,0.29761499999999996,3.210000000000008
95430e96-b778-4846-adb2-12093dbe942e,88.24,62.95,59.78,47.01,2.73,20.6,75.89,0.304,4,59.05,0,2,2,61.365,0.32191499999999995,-19.51375000000001
df5d065b-b5c9-46be-b4d4-69c8096785e8,88.93,70.36,71.36,83.92,2.91,19.1,97.56,0.666,8,83.05,1,2,2,70.86,0.17993999999999996,17.295
554ee243-48e1-4a3f-8fd8-ab1ebebe026b,91.9,67.91,64.69,68.73,2.71,22.4,74.15,0.254,2,70.13,1,3,2,66.3,0.22730999999999998,5.730000000000004
a42d013d-6a77-4e29-bb6e-6436e70ee8e4,98.8,85.11,72.04,71.82,3.83,32.1,91.47,0.8119999999999999,3,76.42,1,3,3,78.575,0.15361500000000003,5.594999999999999
f40c2b42-dc6f-47d6-af32-5df3f53da3dc,96.62,68.74,66.2,69.93,3.29,19.2,82.47,0.753,3,69.17,1,3,3,67.47,0.20131999999999997,9.542000000000009
7dd6c539-7cd4-4e65-8730-f33bd77d579a,70.64,56.2,68.48,77.54,2.78,19.7,87.68,0.757,5,64.99,1,0,2,62.34,0.29779999999999995,12.092857142857156
c4758e23-0306-46e7-b241-fbd22bc94662,90.04,66.59,74.61,76.54,2.94,25.8,74.61,0.268,2,75.72,1,2,2,70.6,0.19841999999999999,11.5475
56001396-4c0e-45e1-bdda-9f1575d828aa,68.35,51.58,54.13,51.95,2.97,25.2,72.32,0.724,7,53.65,0,0,2,52.855000000000004,0.41218499999999997,-15.921666666666667
bd14b0ea-e355-4510-91f9-77f564114269,79.31,61.3,57.2,60.87,2.67,22.3,83.44,0.205,4,60.66,1,1,2,59.25,0.32239999999999996,-0.26250000000000284
5a51cd42-29cf-41b7-8e20-19b4d71dfd48,79.03,70.23,78.51,90.17,3.48,25.6,69.52,0.173,8,73.22,1,1,3,74.37,0.19025999999999996,13.732
75b44f93-690c-483a-9744-c6618c4106dc,65.48,63.17,63.39,61.41,3.3,22.1,71.62,0.709,8,57.36,0,0,3,63.28,0.36400999999999994,-1.3664062500000043
a315b631-b2d5-4d82-9f9a-3f7f4784726a,65.03,48.63,49.22,47.05,2.39,21.3,85.17,0.356,6,52.28,0,0,1,48.925,0.45195499999999994,-15.582500000000003
5e36839a-4421-4140-9563-a5a248186e53,84.03,58.68,56.15,53.57,2.09,21.1,59.86,0.889,2,59.1,0,2,1,57.415,0.330925,-2.4024999999999963
f517692a-ccc5-483c-9b4b-77f0756aed49,79.31,73.37,78.82,72.41,3.3,24.2,81.31,0.209,2,71.45,1,1,3,76.095,0.23724499999999998,14.889999999999993
62b5f211-f376-4da9-aee9-c60bf2f6ca7c,68.54,80.56,74.38,82.22,3.45,23.6,77.57,0.388,4,71.92,1,0,3,77.47,0.24676999999999996,18.268
752ca93b-b3f4-4835-8187-b554ea1e4268,74.12,65.37,66.94,71.55,3.54,28.4,100.0,0.655,1,67.12,1,0,3,66.155,0.29040499999999997,8.969999999999999
21b9ad45-385f-451a-b18b-708cd1a1600c,81.0,52.59,57.72,57.17,2.71,24.1,86.56,0.8390000000000001,2,61.5,1,1,2,55.155,0.33902499999999997,-2.664999999999999
817c1ad1-ebd3-4dad-ae18-97012c05fa89,72.53,49.6,49.93,51.82,2.64,24.5,89.56,0.688,4,61.93,1,0,2,49.765,0.40512499999999996,-9.735
2bf881ab-ec17-43e5-9aba-b85d725cb663,95.62,81.84,72.91,79.56,3.1,21.0,76.88,0.798,4,75.86,1,3,3,77.375,0.14671499999999998,15.631666666666668
7dba1f66-8e64-4107-9d94-2176108ce312,68.03,56.72,66.77,56.22,3.47,16.2,87.5,0.8939999999999999,5,60.98,1,0,3,61.745,0.373985,-7.771111111111111
677103d6-1f83-4dd7-9eb0-8941701380cb,76.69,70.8,72.83,72.87,3.33,28.3,80.74,0.494,5,70.04,1,1,3,71.815,0.259185,6.260000000000005
759032d3-ab9f-43cc-938f-f84f2fd284b7,66.79,76.7,80.27,67.49,3.18,25.7,60.75,0.399,7,71.46,1,0,3,78.485,0.29491500000000004,-0.48166666666666913
165cf98d-9f62-4acf-87a0-5e9300074557,65.88,50.03,50.95,57.54,2.23,25.4,77.65,0.1399999999999999,6,58.36,0,0,1,50.49,0.41239000000000003,-1.521250000000002
73d2beb9-3ec3-4415-838b-2e85fd3ebf77,90.26,67.29,65.23,71.5,2.6,21.1,91.11,0.13,7,75.2,1,2,2,66.26,0.22568,4.876999999999995
ec70e61c-7222-4fe8-87d2-13755a8e3553,87.19,41.0,38.51,52.19,2.39,20.8,89.66,0.308,1,57.08,0,2,1,39.754999999999995,0.375405,-6.051000000000002
84c0921d-b267-43c9-b086-19e6cc0817c3,96.79,58.36,60.47,59.16,3.08,22.2,77.94,0.1699999999999999,3,63.49,1,3,3,59.415,0.257115,0.3958333333333357
5e30d893-2cde-41c5-8c8c-136125044f1e,70.44,56.88,42.0,58.23,2.47,21.0,84.17,0.95,6,56.74,0,0,1,49.44,0.39523,-9.725555555555566
55b53718-d121-474f-af47-b5e7d79aabce,78.78,53.97,63.59,63.29,2.6,14.9,74.98,0.819,6,64.25,1,1,2,58.78,0.31866999999999995,-1.153636363636359
51994e19-aecf-4819-8aee-362b3e159ae7,81.83,70.12,66.5,59.0,3.18,28.9,74.75,0.425,7,65.82,1,1,3,68.31,0.29074999999999995,-0.7514285714285691
88614b1c-8300-4090-a8ab-22523162bea4,84.24,58.2,69.27,73.28,2.31,21.2,88.2,0.16,1,67.55,1,2,1,63.735,0.251995,2.978333333333339
11ccc4b4-4b50-472b-b38c-40144a92a5f3,77.06,70.15,63.66,67.89,3.57,26.6,67.48,0.299,8,66.39,1,1,3,66.905,0.287375,2.606666666666669
8f2f6fcc-14ac-4c0e-a731-0ed90af0869e,94.23,74.54,78.83,83.15,3.25,31.0,75.57,0.72,2,81.89,1,3,3,76.685,0.14357499999999995,18.265
1d2c2aa8-9fee-4f26-98b9-e96dc706447d,86.41,64.71,66.56,62.02,3.06,18.5,79.32,0.998,1,61.43,1,2,3,65.63499999999999,0.271395,-2.3033333333333346
31a85315-e47f-456a-a5e8-326c711d3a5e,95.26,76.24,77.05,87.7,3.43,26.5,90.11,0.85,7,79.96,1,3,3,76.645,0.12592499999999998,27.13142857142857
7259fabf-05c6-45c7-8219-fd4ecc1dd1a0,97.42,66.08,69.05,65.71,3.02,17.0,65.99,0.146,6,70.97,1,3,3,67.565,0.21049500000000002,2.227499999999992
ce7d9ea4-9752-4ce8-a5fb-07c687582cad,95.77,67.69,71.27,62.94,2.71,23.6,85.78,0.8699999999999999,2,70.22,1,3,2,69.47999999999999,0.21966000000000005,-6.680000000000007
fb190013-3499-4779-9bf1-67a44a67d9a9,99.4,65.63,49.53,35.21,2.75,16.2,87.29,0.635,1,56.33,0,3,2,57.58,0.32403,-20.699999999999996
86643115-ffe5-4df6-8f3c-732a0521dd27,76.98,54.12,51.77,42.15,2.49,17.1,81.73,0.252,5,52.37,0,1,1,52.945,0.406795,-24.55777777777778
c065afe6-5bc9-4375-a53f-7eeb9ff09302,93.0,65.77,63.27,66.08,2.79,25.9,84.77,0.335,1,75.15,1,3,2,64.52,0.23620000000000002,0.0
d9720f64-15aa-4882-9eea-b64f7ecbce07,65.72,62.94,61.67,49.52,2.36,22.4,85.61,0.395,1,63.88,1,0,1,62.305,0.40164500000000003,-20.09285714285715
f6bd2354-76e5-4947-9b13-ccb52c98f1f2,79.12,64.1,58.43,64.89,2.47,27.8,71.1,0.485,4,63.75,1,1,1,61.265,0.30505499999999997,0.15000000000000568
80d4ee18-0824-422e-a20d-e00fac2bed62,74.95,52.1,58.95,52.58,2.57,14.1,78.94,0.217,3,61.44,1,0,2,55.525000000000006,0.37588499999999997,-5.35857142857143
285bc233-4c55-437e-81c7-d1650a8982ce,70.97,79.26,72.71,71.52,3.63,24.5,72.39,0.584,7,74.05,1,0,3,75.985,0.27360500000000004,-0.3716666666666697
90e1a13f-fa80-4eb4-9261-f2c2aec42e9c,90.8,52.24,55.3,50.95,2.6,15.7,69.72,0.557,7,58.39,0,2,2,53.769999999999996,0.32264000000000004,-16.098249999999993
4537fd38-4178-4672-9956-3c1f2f0af391,68.46,48.16,37.81,45.34,2.42,22.8,76.25,0.996,3,48.12,0,0,1,42.985,0.46118499999999996,-11.607142857142854
188363a8-ce63-4749-b798-4fbb6d1319a5,86.52,60.51,68.64,72.97,2.95,25.7,75.04,0.146,8,71.44,1,2,2,64.575,0.24128500000000003,9.487499999999997
37c48710-1dac-4577-a8ee-ce9862da6082,98.85,61.02,60.31,61.61,2.93,25.8,87.26,0.434,4,66.5,1,3,2,60.665000000000006,0.237775,-3.6385714285714243
9ec32107-e29f-4d50-86a9-ff2eae0e7aff,81.54,71.16,79.98,77.83,3.35,20.7,73.76,0.144,2,76.26,1,1,3,75.57,0.21364,1.5549999999999926
3ebd8421-8e81-483b-a652-438ee3c43418,70.16,51.28,53.42,58.55,2.28,20.9,78.48,0.205,7,61.58,1,0,1,52.35,0.38666000000000006,-2.582500000000003
fa3b1430-fccb-410a-b845-beee44046bb8,80.03,65.63,62.02,56.72,2.58,23.6,81.83,0.994,6,63.92,1,1,2,63.825,0.318245,-12.928888888888892
f75d0b6d-78b6-4e74-87f3-e8cd720dd807,69.77,47.27,56.0,57.51,2.76,24.5,88.76,0.367,7,59.38,0,0,2,51.635000000000005,0.39348500000000003,-3.8300000000000054
363bb551-236c-4e4d-aebd-4045648836ff,96.16,54.3,55.92,66.19,2.18,20.5,83.68,0.337,2,68.63,1,3,1,55.11,0.25146,1.3725000000000023
e060db5a-05de-42d8-8fc6-404707ee3086,68.65,58.9,66.34,56.96,3.09,26.2,83.86,0.217,1,61.64,1,0,3,62.620000000000005,0.36666,-0.9785714285714278
810f3819-743d-48f5-a359-19ae1d67bbfb,68.71,74.83,75.92,69.65,3.66,27.7,80.57,0.985,3,72.7,1,0,3,75.375,0.290085,8.135714285714286
b865d4ad-c199-46e7-ae05-bc5b2ba7166a,70.91,64.97,69.36,62.99,2.67,24.0,80.91,0.998,8,65.98,1,0,2,67.16499999999999,0.3258950000000001,-1.3333333333333357
dff611b6-ba73-40d2-aa45-9edf0c1cd1b5,78.3,57.3,51.98,47.3,2.32,23.1,65.07,0.265,1,63.03,1,1,1,54.64,0.38098,-16.28000000000001
daa74c21-259d-4da9-b7f1-01a9ac59b65c,89.08,75.77,67.56,75.04,3.21,30.7,87.35,0.325,1,74.82,1,2,3,71.66499999999999,0.20356500000000005,13.560972222222233
b21232c0-d551-4875-a094-5b4abae32fd6,76.17,45.05,43.92,43.24,2.04,15.5,80.76,0.503,3,46.02,0,1,1,44.485,0.432145,-17.7575
4c461e9e-106a-4fc3-8401-0ac6d6a1e724,82.48,69.09,58.09,57.27,3.46,21.0,82.37,0.136,1,59.78,0,1,3,63.59,0.30749999999999994,-7.717499999999994
14bd1418-7ac3-47c9-807b-5bf079597f4d,72.1,61.7,63.68,59.78,2.95,27.6,94.99,0.36,6,69.07,1,0,2,62.69,0.34419,-2.136666666666663
153dbee3-637c-4e4b-b91a-c9e933845bf4,93.78,56.6,55.34,65.06,2.88,22.8,79.47,0.954,8,61.02,1,3,2,55.97,0.26178999999999997,1.6455555555555534
e0f6c265-a7be-4f1f-9b1f-b6db114bfc61,70.36,64.95,75.76,67.87,3.31,20.1,84.1,0.851,7,69.9,1,0,3,70.355,0.30388499999999996,5.707142857142863
cf2b5ac3-01b7-4772-a9ef-e4b4b35d8239,69.53,69.15,61.7,55.29,2.67,28.3,74.17,0.426,4,59.88,0,0,2,65.42500000000001,0.359735,-5.437142857142852
97b2433f-3d33-4ca0-9e63-20fa9c73d9fe,94.76,53.33,61.69,53.87,2.07,19.0,75.55,0.421,6,55.99,0,3,1,57.51,0.28681999999999996,-12.207500000000003
4648e967-8a6b-4a87-8490-68d30ae9d5e6,68.96,79.1,81.84,94.50125,3.78,30.3,83.15,0.844,5,77.42,1,0,3,80.47,0.19924625000000007,36.31583333333333
646a07e1-dd16-4bdc-a9d6-df63d87e675f,85.57,58.21,59.06,68.19,2.8,20.4,80.74,0.399,3,69.8,1,2,2,58.635000000000005,0.27724499999999996,0.2183333333333337
5ad4b218-63a4-4afd-9f69-d86c8d9fdcae,79.21,62.42,58.79,71.92,2.79,24.0,92.59,0.687,6,66.88,1,1,2,60.605000000000004,0.28558500000000003,0.9937500000000057
2235dc3a-bcd2-4323-837c-75ab469bf611,97.75,66.04,76.22,60.96,3.19,25.6,78.62,0.182,1,71.48,1,3,3,71.13,0.21273000000000003,6.734999999999999
841c6563-c8e6-470c-b08f-67d2cda66cfb,80.43,67.13,70.7,64.33,3.16,21.3,91.64,0.8130000000000001,2,61.68,1,1,3,68.91499999999999,0.27854500000000004,-5.0859999999999985
534a7a1f-5eb5-4a44-9335-f4c347d65dc1,74.16,66.88,66.35,74.29,3.03,18.9,96.84,0.542,2,71.17,1,0,3,66.615,0.280645,10.286666666666676
5fc724b0-4ef6-45d9-8e4b-223ca332c108,68.02,57.99,60.82,72.54,3.01,26.8,75.21,0.89,5,66.02,1,0,3,59.405,0.332085,3.9350000000000023
301c3953-fa56-4a9a-bd9b-98cf1e26bc2b,68.85,60.51,66.59,63.91,3.2,17.0,69.4,0.106,3,64.0,1,0,3,63.55,0.34222,5.588888888888889
1947e318-e2be-47c0-b529-042ef7af83e9,74.72,85.61,81.84,87.48,3.66,26.2,73.59,0.6809999999999999,3,77.67,1,0,3,83.725,0.18750500000000003,14.11571428571429
bdeb94dc-9637-4b24-b3a9-819c647f504a,71.2,62.19,70.46,75.49,3.07,21.7,83.09,0.835,6,64.47,1,0,3,66.32499999999999,0.28975500000000004,3.707499999999996
7dea8902-a586-4990-8174-c5cb55c9c1bc,76.44,54.38,65.58,68.5,3.04,16.8,82.79,0.5700000000000001,8,62.98,1,1,3,59.980000000000004,0.30879999999999996,6.258000000000003
ea0af364-d9a3-403a-8703-086bd7508510,86.3,67.5,67.87,57.91,3.07,17.3,82.9,0.316,5,66.96,1,2,3,67.685,0.27801500000000007,-5.4950000000000045
1c953d6e-54d7-4912-8a19-8da8f7ef8f7c,98.37,68.85,65.85,67.46,3.17,18.2,78.99,0.712,6,74.22,1,3,3,67.35,0.20209000000000002,-2.732857142857142
b2e40be5-4189-4bf3-b313-36f31b568012,70.83,64.55,72.66,57.98,3.13,30.3,84.56,0.385,4,66.28,1,0,3,68.60499999999999,0.33692500000000003,2.364999999999995
febac509-606d-4b95-a33c-735320227aae,68.54,42.72,41.57,45.09,2.09,23.9,72.36,0.131,4,48.17,0,0,1,42.144999999999996,0.46413499999999996,-17.114999999999995
d013b99f-ee60-4522-8e58-ca5f20471620,76.7,50.53,50.71,47.61,2.23,19.3,91.85,0.713,1,57.38,0,1,1,50.620000000000005,0.39851,-9.834000000000003
1fb88929-8b36-40c2-9a8d-833496a28b39,69.0,68.06,73.19,67.81,3.51,23.7,77.19,0.255,5,70.49,1,0,3,70.625,0.30869499999999994,0.0
82b749f4-a3ee-4211-bde5-1a21370cb0e5,92.07,57.21,69.45,60.85,2.47,16.3,90.68,0.998,2,63.82,1,3,1,63.33,0.25917999999999997,-3.4733333333333363
c96fd283-cbf7-4ad8-9fca-10e018e66bf3,78.33,56.68,61.98,69.86,2.66,26.4,67.51,0.109,1,69.81,1,1,2,59.33,0.29911,12.704791666666672
29725798-af12-4d52-bff4-a13b71f265d2,80.1,66.16,61.45,67.92,3.82,19.7,75.21,0.25,3,62.63,1,1,3,63.805,0.284425,-3.3633333333333297
24466414-d561-4bd9-9a52-2dbe6e4008c4,65.92,76.14,69.32,75.31,3.04,30.8,83.6,0.708,4,72.29,1,0,3,72.72999999999999,0.2922,10.634999999999991
56167ee1-aeab-454b-90a8-a96daa0ea84d,65.24,64.47,73.98,71.2,3.2,27.8,70.35,0.5599999999999999,1,71.7,1,0,3,69.225,0.3177650000000001,6.112857142857138
58e52ed3-e550-49a1-93c2-13d047fb75c3,75.3,57.79,54.86,58.91,2.76,20.7,88.2,0.4669999999999999,6,61.67,1,1,2,56.325,0.353095,1.7271428571428586
3dcccf7f-12a4-4f36-af2c-0211bb4803de,76.0,69.6,58.75,75.32,3.77,29.8,85.96,0.105,1,72.68,1,1,3,64.175,0.27751500000000007,8.906666666666652
9d841616-5cfd-4023-b3dd-44f66b1c3a2b,98.96,55.57,58.52,49.62,2.77,22.8,73.02,0.5509999999999999,2,60.62,1,3,2,57.045,0.284165,-6.537500000000001
a638a1d5-2d84-4568-b93b-6c6395c00bdd,98.92,62.31,69.03,56.95,2.22,15.0,75.74,0.567,1,65.55,1,3,1,65.67,0.23645999999999998,-5.732499999999995
62212535-96e6-4ac8-8d26-b5aeaef5418c,78.83,72.36,71.12,62.86,3.15,26.7,75.07,0.1699999999999999,8,70.96,1,1,3,71.74000000000001,0.28087999999999996,4.0958333333333385
346d1d93-cdd4-4896-a886-62fd9176d748,75.89,61.23,53.06,55.58,2.4,19.0,67.57,0.221,4,59.56,0,1,1,57.144999999999996,0.35826500000000006,-4.920000000000002
1ccacda3-6ee0-486b-b963-f14d107db4f1,93.08,78.02,75.53,83.72,3.39,28.3,82.15,0.118,5,81.53,1,3,3,76.775,0.146195,14.922727272727272
988ee8de-3e37-443c-bebb-4d18ba0d5a36,84.43,52.13,47.64,39.27,2.24,16.2,73.32,0.716,8,49.66,0,2,1,49.885000000000005,0.39481499999999997,-17.576
818f851c-94f4-4a2e-945c-5c53c39bc4c8,87.55,59.89,63.13,64.79,2.88,27.3,69.52,0.411,4,62.03,1,2,2,61.510000000000005,0.2709,1.657500000000006
a680d4be-2d72-4080-8ab8-672085c3bf45,88.22,80.55,75.9,71.51,3.73,30.3,77.71,0.1679999999999999,2,78.65,1,2,3,78.225,0.19791499999999998,13.161666666666676
f62b0076-0110-4f23-ab0a-e80f16510491,78.76,60.55,65.42,57.43,2.93,25.8,73.53,0.955,6,67.6,1,1,2,62.985,0.323715,-11.032857142857146
6068b87f-2c88-464d-b2c5-0aa271b2f35f,67.24,57.05,61.89,54.57,2.93,23.0,74.92,0.379,7,59.19,0,0,2,59.47,0.38892000000000004,-8.049999999999997
455244ce-801c-4353-ac5b-5d0590d0d802,74.87,60.43,70.3,54.22,3.51,18.0,98.05,0.496,4,63.29,1,0,3,65.365,0.34176500000000004,-6.525000000000006
ca904810-6f8d-4587-942c-0da7232658ea,87.77,79.22,65.04,59.76,2.57,18.8,72.79,0.482,3,69.8,1,2,2,72.13,0.25325000000000003,-16.267500000000005
cfbcfa38-0d01-415e-a26a-360b6574a45d,68.55,59.14,59.06,66.47,2.73,24.1,79.5,0.8699999999999999,1,66.95,1,0,2,59.1,0.34909,-3.1500000000000057
ec84a10a-978c-486f-8651-35efeccb4d52,81.98,66.32,52.04,62.88,3.11,25.5,76.49,0.381,4,61.21,1,1,3,59.17999999999999,0.3059,2.5248437500000023
15b1d3f7-c9c6-4578-a511-83113cb34baf,87.03,48.48,63.08,57.75,2.46,17.1,82.51,0.124,1,66.06,1,2,1,55.78,0.31128999999999996,-2.4683333333333337
616652bf-9538-43cb-a73a-d765065fc10c,85.46,61.83,60.84,49.57,2.71,15.7,95.54,0.8480000000000001,8,63.21,1,2,2,61.335,0.325445,-17.931428571428576
795440e8-9b67-4486-adae-98a57398f4e2,75.56,67.24,61.58,78.5,2.94,20.5,87.42,0.6910000000000001,8,72.82,1,1,2,64.41,0.26903000000000005,11.662857142857135
3a148596-29fe-4194-bc1a-fb8eb79c6c07,83.13,73.96,69.48,64.21,3.36,26.0,84.68,0.269,3,72.84,1,2,3,71.72,0.25969000000000003,8.712678571428569
de3a1ecb-a2b8-448b-aeba-f1565259e73e,87.65,53.75,66.29,62.14,3.37,17.2,76.13,0.151,7,68.25,1,2,3,60.02,0.28291999999999995,-5.026666666666671
ab2617e0-a8fe-44e4-bee4-085330bd7ac8,81.6,79.44,85.3,82.26,3.66,25.4,84.19,0.491,8,80.67,1,1,3,82.37,0.17971,20.787777777777784
1c9e3ac5-d7d1-40c3-a07b-e8af3dee9ed2,84.82,64.57,47.43,49.46,3.01,24.5,85.13,0.475,2,62.15,1,2,3,56.0,0.34434,-9.17199999999999
c8a31c94-c37f-4bc2-850e-5a727fdd2e99,92.9,73.4,71.93,80.11,3.23,19.8,76.19,0.172,2,79.12,1,3,3,72.665,0.17007499999999998,13.926000000000002
fb0e64a8-8655-4d44-9955-2247e317131a,83.4,62.7,69.78,69.94,2.68,21.8,85.51,0.513,7,68.62,1,2,2,66.24000000000001,0.2578599999999999,8.379999999999995
b02d6e87-4e8d-4fe0-a082-e9e2bbaaf9ea,65.39,53.72,51.16,54.07,2.52,20.9,67.86,0.352,5,55.34,0,0,2,52.44,0.41891000000000006,-12.521999999999998
d3e3dae9-042e-4469-9b58-21b0c7843302,79.93,52.88,56.47,56.72,2.57,27.1,80.44,0.407,7,64.84,1,1,2,54.675,0.346095,-7.049999999999997
4fa5865b-33aa-4f88-ae85-fc7bd4da8e22,83.59,82.16,79.15,81.45,3.96,19.9,94.06,0.206,5,77.43,1,2,3,80.655,0.17932499999999998,16.89
8ef22fc4-e03f-48a9-a7b0-930e54015cf3,94.94,69.34,65.31,67.61,2.96,24.4,67.91,0.512,6,67.92,1,3,2,67.325,0.21543500000000002,1.0500000000000114
d87e0a30-2481-457c-a7e6-abd4039fb892,72.34,64.22,66.13,62.33,2.64,27.5,80.99,0.441,3,64.59,1,0,2,65.175,0.328125,2.700000000000003
5e35e92f-c782-4c1b-8517-005dd17b782d,67.99,60.32,52.36,58.41,2.79,21.4,72.26,0.82,3,55.42,0,0,2,56.34,0.3837900000000001,-8.442000000000007
2ddd469c-56e8-4530-be15-ce0fd3d34b46,75.89,46.87,55.8,41.24,3.07,23.3,88.58,0.1,6,56.26,0,1,3,51.334999999999994,0.41871499999999995,-7.615000000000002
c93c42ec-4ba7-477a-95fe-045e1b7f8588,79.26,73.01,79.82,74.02,3.27,29.8,74.77,0.913,4,75.93,1,1,3,76.41499999999999,0.23165500000000003,12.559999999999995
bc2244f5-7400-4f14-abe0-66555e4640db,69.28,53.02,58.36,71.21,2.65,16.8,80.63,0.7889999999999999,1,60.18,1,0,2,55.69,0.34218000000000004,4.892222222222216
226d26f0-0888-4d2a-8466-c1b8803e741a,73.11,76.43,56.08,64.83,2.62,21.2,87.04,0.432,3,70.46,1,0,2,66.255,0.314305,7.205999999999996
3c7ce365-fa1e-4296-bb22-01b713d0719e,98.82,77.46,72.07,84.83,3.53,24.9,67.18,0.101,6,77.81,1,3,3,74.76499999999999,0.12593500000000005,20.569999999999993
5f30c219-463e-4085-b1a6-6673211e6669,70.88,70.05,63.97,73.31,3.67,26.9,92.08,0.11,6,67.81,1,0,3,67.00999999999999,0.29552000000000006,12.575714285714291
ead4afc0-3179-4e20-b0ec-89d150cf8f6a,87.26,73.04,85.47,78.76,3.25,29.6,74.89,0.659,5,76.5,1,2,3,79.255,0.176915,16.681428571428576
ccc9ba2d-fe5f-406a-ab5f-f67dc4debc84,72.8,79.06,67.71,64.26,3.05,29.9,71.98,0.7150000000000001,6,70.15,1,0,3,73.38499999999999,0.29586500000000004,2.5300000000000082
52a7ccd9-0928-4131-84e7-796dfcd2fe20,75.76,68.72,68.12,73.37,2.46,22.2,87.73,0.733,1,66.31,1,1,1,68.42,0.27158999999999994,5.9566666666666634
a4f439da-27c5-4290-bc50-1c6215d50256,84.46,52.48,48.9,46.41,2.74,20.3,88.91,0.72,1,53.44,0,2,2,50.69,0.37085999999999997,-18.47500000000001
e6e5556c-5559-4a31-9f03-a1520f36c3af,79.44,83.14,77.66,85.5,3.46,33.2,74.98,0.122,3,79.91,1,1,3,80.4,0.18454,24.061
b3955b75-7ae2-4a3c-ac93-3eda88df5d27,73.96,59.63,53.12,56.07,2.96,21.6,68.12,0.1699999999999999,1,60.58,1,0,2,56.375,0.36682500000000007,-2.6941666666666606
f522a1d5-0b33-4baf-95b1-921809842b30,75.73,54.34,54.37,47.37,2.11,14.9,76.04,0.182,4,54.48,0,1,1,54.355000000000004,0.391905,-6.855000000000004
b33dabe1-a14b-4680-b362-e62f9e7b0a24,67.85,63.4,67.16,54.45,3.36,19.2,86.5,0.189,8,59.36,0,0,3,65.28,0.36941,-2.7099999999999937
62d2aa8d-d893-47ff-a86d-a304757625b5,89.9,68.85,82.66,81.61,3.84,19.2,77.72,0.6809999999999999,1,77.55,1,2,3,75.755,0.168305,8.245714285714286
764e30d5-42ef-4498-9c0a-1735abd9ec3b,85.41,86.02,76.71,79.86,3.55,25.9,67.1,0.304,4,80.1,1,2,3,81.365,0.17468500000000006,13.336249999999993
2769eeaf-1a22-45b5-9cfb-2e1f9954e319,96.96,72.31,64.46,74.09,2.93,26.3,82.61,0.282,8,74.9,1,3,2,68.38499999999999,0.18473500000000004,3.947500000000005
e76aba7a-24b0-45a5-b3e4-3bae38f41ea0,93.01,57.93,60.59,68.51,3.0,28.5,73.48,0.641,6,63.42,1,3,2,59.260000000000005,0.24464999999999992,6.6100000000000065
e57ff4dd-0ca4-482c-af6d-394b0f387b46,89.1,56.95,53.02,56.38,2.46,14.1,71.04,0.757,6,52.74,0,2,1,54.985,0.30950500000000003,-9.067142857142848
2dc617f9-d19d-41f5-98b3-e0c76ab844bc,79.32,57.24,56.72,53.7,2.58,23.9,88.79,0.358,8,62.08,1,1,2,56.980000000000004,0.35068000000000005,-3.5016666666666723
d1616a6f-613e-4e83-9b57-f2c10696bb0f,88.84,47.37,44.86,46.3,2.36,20.4,78.6,0.426,7,55.77,0,2,1,46.114999999999995,0.36739499999999997,-14.427142857142854
402b41a8-3b8b-47b3-bd83-a151072acd4e,97.05,55.57,55.7,51.02,2.78,24.3,89.01,0.625,8,62.88,1,3,2,55.635000000000005,0.291835,-12.220937499999998
90463a96-8c0f-46e2-9712-e78c2fca9379,75.2,62.82,60.01,69.4,2.73,25.2,82.14,0.129,8,63.63,1,1,2,61.415,0.306755,13.801666666666677
eaa0a4f1-c389-4ca0-92b7-6506048eb1b4,75.0,57.04,55.52,64.73,2.76,19.3,90.02,0.471,2,58.13,0,0,2,56.28,0.33696999999999994,-2.3862499999999898
e1c79fea-adf7-4c98-b346-44f6d345add3,90.96,90.1,82.89,92.55,4.0,34.4,85.06,0.378,2,86.2,1,2,3,86.495,0.09902500000000002,23.293333333333322
1efac9b4-7764-454d-8b1b-04073e0350a2,83.52,59.48,54.0,65.04,2.78,21.1,76.6,0.111,4,57.64,0,2,2,56.739999999999995,0.30058,-1.9671428571428464
d73ea7c2-b999-4443-a00f-303c692246f0,88.2,68.23,62.64,63.86,2.92,28.2,92.55,0.18,3,70.6,1,2,2,65.435,0.259315,-1.8299999999999983
df072119-9741-4f68-87b3-d94a2a0f5be3,77.8,79.03,77.69,75.56,2.97,23.1,94.75,0.208,8,74.34,1,1,2,78.36,0.22704000000000002,5.069000000000003
6d5b7a02-6b48-40cd-9c39-15f3326c20bf,66.58,58.34,51.2,57.01,2.43,24.7,78.67,0.919,6,55.69,0,0,1,54.77,0.39834,-11.437000000000005
26d2be48-53a1-46a3-ba70-0de2af4e154e,83.66,69.4,66.08,65.53,3.06,19.2,69.21,0.726,2,58.06,0,2,3,67.74000000000001,0.26555,-3.805714285714288
dd1cb9a7-b2fb-4793-a452-2d3a6cfa8509,94.99,73.65,77.35,82.23,3.03,22.1,70.37,0.1169999999999999,8,79.14,1,3,3,75.5,0.14685000000000004,15.200000000000003
313e4ef7-e9d1-46a2-a389-31d446848161,73.86,64.68,57.61,48.85,3.39,24.6,70.88,0.44,1,61.09,1,0,3,61.145,0.37457499999999994,-24.247499999999995
62ba234c-8e92-4989-8c9d-18c87600197f,74.84,43.07,40.47,40.29,2.0,16.8,79.84,0.597,3,49.66,0,0,0,41.769999999999996,0.45446,-21.476666666666667
accc11f4-95c8-4a2b-9b6d-2a7467a02904,69.24,74.73,70.26,77.12,3.58,26.1,78.49,0.735,6,68.07,1,0,3,72.495,0.27419499999999997,10.354285714285723
cad04f0c-68d0-4b69-92a5-9c43e911d252,83.36,65.57,68.46,63.59,2.99,21.4,79.34,0.13,1,61.78,1,2,2,67.01499999999999,0.274745,-3.0330000000000013
78ebe66f-e7c9-4ab6-9242-e4ad718183e9,97.88,64.16,59.55,51.05,2.15,22.0,86.31,0.254,3,66.84,1,3,1,61.855,0.26976500000000003,-11.950000000000003
72a77acb-17a8-4de2-b24f-0199e022e5a2,86.86,55.38,48.73,48.76,2.57,24.0,88.64,0.307,3,65.46,1,2,2,52.055,0.35011499999999995,-15.56333333333334
b41afb30-f31c-4f9e-aee1-e0a01a0caa60,88.26,55.26,46.3,54.99,2.72,28.2,80.65,0.745,3,61.17,1,2,2,50.78,0.32964999999999994,-6.069000000000003
29cd2691-5f5f-4ed5-b76a-9848d3765994,66.94,63.47,60.63,67.5,2.49,25.6,73.79,0.403,4,59.84,0,0,1,62.05,0.34359,4.866000000000007
58563ee3-9805-4b64-9c0e-46a6818aaf2a,84.18,54.68,57.49,48.78,2.3,24.8,70.89,0.554,8,55.86,0,2,1,56.085,0.34868499999999997,-19.923000000000002
b0ca69d8-c560-4c18-b376-1c7fd398aeae,86.57,68.65,61.9,59.84,3.0,16.5,66.52,0.507,5,67.12,1,2,2,65.275,0.278375,-5.200000000000003
b28cec91-8a19-470b-ab74-2a613de71dfb,99.88,79.1,69.55,71.4,2.66,22.2,88.06,0.7190000000000001,8,72.56,1,3,2,74.32499999999999,0.16330500000000003,10.002500000000005
82e89b55-a9b0-4cc6-bbb8-9989de39893f,75.47,63.74,63.92,61.31,2.88,22.6,76.4,0.6559999999999999,2,62.56,1,1,2,63.83,0.32270000000000004,-2.5316666666666663
a95a347f-5a5f-4900-af78-232321be7416,74.18,54.06,46.74,41.02,2.22,18.0,73.32,0.544,3,50.1,0,0,1,50.400000000000006,0.42901999999999996,-13.937142857142852
8cbdfa56-955f-4f16-821a-6020625e1a3d,70.19,59.54,70.03,68.66,2.86,28.8,74.06,0.743,2,62.34,1,0,2,64.785,0.31890500000000005,5.54666666666666
90974da0-1be1-4033-b094-4381eea7f149,90.92,68.03,67.26,58.84,2.73,17.7,67.4,0.922,4,64.22,1,2,2,67.64500000000001,0.25686499999999995,-0.8125
60836f80-cbd4-4288-88f4-6fa64c384ad9,65.97,57.97,68.37,66.17,3.14,23.9,80.04,0.327,8,62.82,1,0,3,63.17,0.3481,3.428888888888892
f39a5d9e-88ca-4d4e-ae12-f18b266ec9dd,86.85,72.97,71.01,60.86,3.2,22.3,75.49,0.237,1,68.89,1,2,3,71.99000000000001,0.25405,-4.815555555555562
4cc8255e-f719-41a5-89e4-c5438e88d00b,80.25,65.45,59.08,58.39,2.62,20.0,60.69,0.779,5,61.16,1,1,2,62.265,0.31703499999999996,-17.11
fc3753a7-7b05-494b-b815-cac03f629911,90.2,80.16,72.89,59.44,3.13,29.0,84.67,0.625,3,68.27,1,2,3,76.525,0.23130499999999998,-3.8009375000000034
3c06ab1c-a80f-455e-b4e2-359ef1712509,81.79,41.75,48.78,37.15,2.51,21.1,94.97,0.717,6,57.8,0,1,2,45.265,0.425595,-9.024999999999999
4be706a5-7695-4488-83d5-b1609b01755e,77.13,61.33,69.7,66.43,2.82,18.0,86.8,0.24,7,70.32,1,1,2,65.515,0.295645,-2.8799999999999955
81d9fc21-32a7-4b0b-ab04-45604b0cc5a2,65.0,63.35,60.1,62.53,3.15,17.8,82.98,0.3399999999999999,2,63.48,1,0,3,61.725,0.36723500000000003,2.2150000000000034
a76ce44e-074d-4b4d-8dfb-2f477f5ef760,77.19,59.27,57.95,55.45,2.89,21.1,82.25,0.577,1,62.55,1,1,2,58.61,0.34906,-11.909999999999997
3eec164a-0101-474d-b9f0-b0767347e99f,96.56,66.81,63.85,65.53,2.46,27.0,73.45,0.444,5,73.39,1,3,1,65.33,0.22118,2.6650000000000063
c6caa97f-f67a-4e65-8084-b0d6d6340d6f,84.6,69.51,58.29,63.67,2.35,20.3,69.56,0.899,6,59.65,0,2,1,63.900000000000006,0.27889,-2.7042857142857173
c25b60d1-5e67-4254-9ad8-24350518b35a,70.3,69.34,62.34,68.84,3.18,22.2,64.75,0.343,7,57.99,0,0,3,65.84,0.31476,-1.0524999999999949
dd5c8d28-932d-4cb0-9e9c-ab0e7057b824,70.66,62.47,69.38,59.56,3.2,18.3,87.26,0.616,6,62.96,1,0,3,65.925,0.340905,-3.316666666666663
e3490d85-7ee5-486c-a2e9-4bf4d2c6890f,95.04,64.14,63.63,61.76,2.49,24.1,78.5,0.112,1,65.32,1,3,1,63.885000000000005,0.24290499999999995,-7.28142857142857
04ba953d-e967-4c50-b765-d64be57f1d1a,72.46,58.1,45.57,60.45,2.73,19.6,89.88,0.734,5,60.53,1,0,2,51.835,0.373305,-3.1999999999999957
53b2d326-0d1f-4bda-8c3d-8c7d16845709,85.21,69.94,74.81,74.84,2.98,22.9,69.5,0.188,8,76.21,1,2,2,72.375,0.21751500000000001,11.93
7377a3f9-83c8-43c7-9e18-94c91212f1e5,95.98,62.95,69.37,70.59,3.59,27.4,76.17,0.631,1,75.02,1,3,3,66.16,0.20582999999999999,9.145833333333336
e3051f3c-a2eb-4011-a8f6-95819b743962,94.76,53.64,60.31,65.3,2.88,27.7,64.43,0.99,5,63.08,1,3,2,56.975,0.254135,6.31444444444444
94f8bf0f-1d24-4faa-8be1-492ad4a3559c,66.45,72.97,81.32,77.17,3.69,19.4,91.06,0.751,2,71.45,1,0,3,77.145,0.271255,13.371428571428574
fb27a5a0-f68e-41c5-b698-b4310941c3f2,90.79,67.38,71.31,73.62,3.75,26.5,87.49,0.38,8,75.84,1,2,3,69.345,0.20794499999999996,7.414545454545461
1ab2d50d-7050-4eb3-a0dc-1afea049caa5,76.5,56.39,56.98,67.21,3.02,23.0,86.32,0.492,3,59.38,0,1,3,56.685,0.322315,-1.1466666666666754
fc8bfd6e-9235-4116-b825-295c9868ffb0,95.18,52.06,55.9,52.12,2.93,16.6,70.1,0.782,2,56.94,0,3,2,53.980000000000004,0.30097999999999997,-8.122000000000007
82b6d85b-1fcb-4bbd-82a4-c4e3564faa52,88.21,55.56,50.36,58.89,2.0,25.7,80.72,0.305,8,63.25,1,2,0,52.96,0.31161,-6.711666666666673
6597968f-e9af-4bff-9b5c-03c3ab56b97f,82.77,69.91,74.89,76.8,3.09,23.7,87.46,0.649,2,72.38,1,1,3,72.4,0.22132000000000002,9.918333333333322
0abc97cb-5483-4343-9663-633f2ec8d98e,86.52,52.08,63.79,56.8,3.03,17.1,68.66,0.327,5,58.46,0,2,3,57.935,0.309715,-5.941111111111113
0eefbe8a-3075-4fa5-9fbb-49db51eddaef,82.61,41.74,35.681250000000006,38.06,2.0,19.5,83.35,0.218,1,52.98,0,1,0,38.71062500000001,0.43924812499999993,-21.214285714285715
326c4a3f-427f-4643-867b-98bbd4668172,66.08,76.59,73.4,79.95,3.11,28.2,88.62,0.409,3,74.11,1,0,3,74.995,0.270845,8.728750000000005
57625471-9f22-4e53-a3ef-9e9b2b5e80f5,94.33,63.29,65.92,59.29,3.01,22.3,72.82,0.5469999999999999,6,67.16,1,3,3,64.605,0.25099499999999997,-3.25
e00fb6dd-0a82-4d05-9bcd-e6ae746881d6,88.21,70.86,74.73,62.54,2.76,22.9,86.14,0.429,7,71.55,1,2,2,72.795,0.241155,10.579999999999998
92b9dc87-dc90-4d0a-b398-a1c4426da9b4,92.74,64.55,71.88,69.17,2.51,27.5,78.26,0.778,8,75.68,1,3,2,68.215,0.21688499999999997,7.268000000000001
23192dec-ed03-44e1-8e26-d30627e8dcfd,79.12,75.07,69.58,68.98,3.36,21.6,65.32,0.321,2,71.64,1,1,3,72.32499999999999,0.25960500000000003,3.8700000000000045
4013749f-9e2d-4d7f-860e-e9925f1d4c5a,88.55,61.42,68.08,66.37,2.65,27.9,77.82,0.3279999999999999,6,72.41,1,2,2,64.75,0.25244,6.2960000000000065
3aa5ec16-860b-4fbc-9751-a8d04cc6f66f,69.13,56.61,56.11,55.76,2.34,21.5,81.04,0.833,3,54.54,0,0,1,56.36,0.38712,-15.362500000000004
1cb90fac-a184-44ed-9a89-2a00a9d45e90,82.63,74.78,69.12,68.53,3.4,18.8,93.53,0.283,4,78.79,1,1,3,71.95,0.24804,-0.49799999999999045
ff7e232d-e501-4a81-95b5-8b1048759f6f,75.12,77.7,69.24,67.64,3.0,19.6,66.05,0.225,3,69.29,1,1,2,73.47,0.27619,0.7400000000000091
39ef38dc-d7e2-4d3a-9a9b-651a0efa6a2f,84.48,75.46,80.78,82.13,3.36,29.4,82.85,0.995,6,79.95,1,2,3,78.12,0.18133,15.360769230769222
cf0a089b-cdd2-496b-b27c-c0106ba74f63,69.34,80.39,71.07,62.97,2.96,23.5,76.09,0.355,4,72.63,1,0,2,75.72999999999999,0.30654000000000003,0.2816666666666663
1b869806-3ad1-46a0-8ebe-a06f09596257,87.44,63.66,62.1,66.68,2.94,22.3,71.49,0.617,2,61.54,1,2,2,62.879999999999995,0.26156,3.8000000000000114
e7d1fd28-5d66-4317-abc1-e298942b4ec5,98.35,62.37,64.47,59.86,2.7,23.3,73.02,0.732,2,66.61,1,3,2,63.42,0.23676000000000003,-4.575000000000003
68cbf1e4-2953-4741-b420-eb228adacab2,71.35,58.54,62.48,55.61,2.67,15.6,82.44,0.4509999999999999,4,56.1,0,0,2,60.51,0.36624,-7.038000000000004
5b627521-9e23-4ebe-a64c-0812152f622c,80.34,64.73,57.0,61.34,2.22,15.7,69.56,0.634,3,62.63,1,1,1,60.865,0.312025,-3.068333333333328
cfa11d17-583e-414f-82ec-dc15b697ab1d,71.4,53.61,51.78,46.35,2.27,18.9,78.58,0.312,6,54.42,0,0,1,52.695,0.41726499999999994,-17.092000000000006
4e5f247a-3404-4a2b-8785-84447fd7927b,73.99,60.62,72.94,66.04,3.47,19.8,90.31,0.926,3,67.44,1,0,3,66.78,0.30558,-2.2749999999999915
4e4600c6-e84e-48cc-afde-ee1558b63310,68.45,63.94,62.22,56.37,3.17,24.9,74.91,0.745,2,59.72,0,0,3,63.08,0.36784999999999995,-4.689000000000007
6b2f831c-b7b6-4ca0-9e2e-e509b8a24354,97.07,60.07,68.19,70.09,3.05,24.7,78.39,0.928,2,72.75,1,3,3,64.13,0.20906000000000002,-0.17833333333332746
2bbecfd4-1343-49a0-a85a-d245bb74ed8c,85.45,61.75,57.66,54.0,2.0,19.1,87.56,0.751,4,63.48,1,2,0,59.705,0.317085,-9.798571428571428
4d623689-2c90-487c-a76d-2d30a63bef8c,82.95,65.23,64.53,67.2,2.62,18.9,70.22,0.185,1,66.95,1,1,2,64.88,0.27196,2.6980000000000075
424a3be7-dffd-43e2-8736-ff9dccf8f070,86.03,51.21,50.92,44.14,2.65,25.9,69.58,0.231,2,55.57,0,2,2,51.065,0.370265,-14.728333333333339
a279f661-1a4a-4dde-ae08-299739a79570,81.67,68.71,60.06,64.87,2.4,26.5,73.53,0.199,4,63.91,1,1,1,64.38499999999999,0.285555,-1.2839999999999918
74935e2b-4a37-46b4-8676-f5fd17f28fbf,98.72,67.93,75.01,70.21,3.7,31.2,81.19,0.762,8,69.89,1,3,3,71.47,0.18008000000000002,9.394999999999996
06a84912-539c-43b5-b855-de36633526b8,98.91,74.37,74.31,70.6,2.94,25.7,81.23,0.829,8,71.95,1,3,2,74.34,0.16954,5.771428571428558
e9045f10-ecf9-4eb3-8163-7f04ad4fc02a,77.64,70.56,68.55,67.11,3.41,30.0,76.83,0.414,1,73.63,1,1,3,69.555,0.279445,-1.6620000000000061
096c645b-cc8e-47e2-b27a-55546c67d921,68.53,79.17,80.31,81.46,3.36,30.2,72.64,0.909,8,76.77,1,0,3,79.74000000000001,0.24227999999999997,14.669999999999987
f4fff155-b55b-474d-84da-8841a6641b7c,97.89,63.59,67.43,43.89,2.7,24.4,67.69,0.223,2,64.87,1,3,2,65.51,0.28023999999999993,-18.437777777777782
37a15a0a-6eb0-4787-9384-b9ef75a2c797,88.11,59.73,63.59,62.0,3.13,24.3,58.97,0.263,5,66.59,1,2,3,61.66,0.27658,3.7411111111111097
81bb187a-8d8f-44f8-a266-e4928a16d709,66.83,65.3,68.77,74.44,3.41,23.9,89.92,0.72,3,66.44,1,0,3,67.035,0.308255,9.554999999999993
5970f4c8-79b5-4527-9e6b-74b3f4cd46dd,88.71,57.08,57.38,63.57,2.39,20.6,83.22,0.79,8,60.58,1,2,1,57.230000000000004,0.28276,-5.773333333333333
b5fbb4f0-15d1-49bd-a52a-9c6f4fd4f5b3,69.96,54.42,65.98,78.31,2.88,18.6,81.15,0.12,4,69.64,1,0,2,60.2,0.30463,10.50800000000001
a614f069-3f20-4186-a47b-24ed32824de1,85.04,68.26,56.6,63.52,2.67,20.8,76.77,0.631,2,64.53,1,2,2,62.43000000000001,0.28198999999999996,2.0758333333333354
94dbdb64-2af1-4bf1-9db2-73ccb0e6c43f,68.45,56.63,58.04,55.69,2.3,21.4,88.37,0.874,7,50.12,0,0,1,57.335,0.387125,-7.269999999999996
87f34185-911e-4430-868e-8ff122cbe8a1,76.14,74.88,70.44,66.62,3.27,25.4,76.85,0.939,3,61.13,1,1,3,72.66,0.27759999999999996,5.096666666666664
526054f4-dc58-493c-abc5-bc2cd8a9126b,98.73,69.81,72.05,70.81,2.89,26.7,82.27,0.5429999999999999,4,79.37,1,3,2,70.93,0.17985999999999996,0.27000000000001023
272a8608-bbe2-40cc-8ecf-a02d6dece9cb,68.23,74.49,82.87,76.61,3.69,23.7,85.96,0.904,1,77.35,1,0,3,78.68,0.26120999999999994,-2.473333333333329
48f101d9-e589-49a7-938f-05dda6e900b2,99.14,74.1,66.13,63.38,2.71,18.7,83.21,0.135,3,69.43,1,3,2,70.115,0.20295499999999997,-2.739999999999988
feaa121c-6d07-49aa-a333-1eb22881d163,92.69,54.17,57.54,48.31,3.11,16.5,69.73,0.1629999999999999,1,54.0,0,3,3,55.855000000000004,0.316745,-21.952249999999992
63248ab9-de8c-4c37-86fe-b9121197b5c0,89.69,67.96,61.63,67.06,2.61,20.3,80.04,0.264,8,66.47,1,2,2,64.795,0.24567500000000003,9.875714285714288
0f7e14be-6e94-4e59-951c-1c37284a64f4,76.45,44.92,47.72,44.48,2.32,18.2,95.72,0.5469999999999999,2,49.72,0,1,1,46.32,0.4218,-18.060000000000002
17d81ebe-0447-4b78-ba5f-998ef0ee38f5,72.95,67.15,71.56,68.19,3.36,17.9,78.52,0.379,2,68.51,1,0,3,69.355,0.295565,5.57
944c3bba-2f5c-4330-b2e9-5d31352c82e7,74.7,80.49,79.02,74.12,3.19,32.3,86.91,0.568,6,77.31,1,0,3,79.755,0.23957499999999998,4.400000000000006
84ef4c7c-7786-4fbb-8024-d0ee7c19c51d,66.35,52.79,48.07,51.78,2.7,14.8,75.88,0.424,7,47.79,0,0,2,50.43,0.42797,-7.488749999999996
62b6ee66-b8ac-4bdc-ab20-8c96c84d8db3,80.57,75.68,73.37,64.58,3.16,24.4,96.15,0.303,8,77.08,1,1,3,74.525,0.260405,9.994999999999997
f6f6d9d9-df5d-495b-898f-bf5ec4c8530f,72.56,88.64,87.27,88.16,3.93,33.3,70.13,0.8099999999999999,6,78.71,1,0,3,87.955,0.181415,18.99166666666666
a94f44cc-7aa4-432f-96b9-41b94c8b7068,65.08,64.0,63.57,73.17,3.16,28.8,96.69,0.151,5,70.65,1,0,3,63.785,0.328815,6.00333333333333
e5eac0bc-f10a-46d6-9545-f30fe8089b9f,68.17,65.6,66.07,54.44,3.16,23.0,85.4,0.8240000000000001,2,65.41,1,0,3,65.835,0.366495,-3.6899999999999977
14582cd1-52bd-4d38-8a79-108c35748c4f,70.31,75.68,84.89,85.84,4.0,25.0,69.86,0.95,7,68.06,1,0,3,80.285,0.220385,17.88444444444444
707741db-bbd0-4b58-9899-3ef9be587087,79.97,61.19,66.98,67.62,2.63,27.3,84.26,0.152,8,68.92,1,1,2,64.08500000000001,0.28500499999999995,4.691111111111113
0bc3b089-025f-4b22-a341-7124b7cbcc14,96.42,62.11,63.78,65.58,3.0,17.6,72.78,0.2339999999999999,2,68.96,1,3,2,62.945,0.228745,-1.6287499999999966
95736707-37e6-4e88-acd2-b18ccafeb21e,99.66,91.71,92.12,91.32,4.0,26.1,75.09,0.133,7,87.97875000000002,1,3,3,91.91499999999999,0.05165500000000005,19.70599999999999
a57fda4f-cece-4902-9336-04ec7894afad,84.94,58.51,50.41,51.99,2.7,13.8,79.95,0.5660000000000001,1,62.07,1,2,2,54.459999999999994,0.34088999999999997,-8.74666666666667
7c54f6eb-a563-47ea-b726-d80c702450cf,97.21,91.56,92.04,88.31,4.0,22.2,84.35,0.457,4,82.59,1,3,3,91.80000000000001,0.07082999999999999,16.16333333333334
cd6afbe2-c3b5-43e9-8b39-78c20f751226,70.52,77.93,69.0,69.89,3.59,18.2,70.73,0.175,3,65.93,1,0,3,73.465,0.28785499999999997,6.822500000000005
e033a9fe-83fe-4830-84b5-d80a073996bc,73.48,54.45,45.54,62.07,2.46,17.1,95.61,0.967,5,55.54,0,0,1,49.995000000000005,0.36988499999999996,-2.410769230769226
0d8365a9-e0fa-4075-991c-05902a1e9a90,88.61,66.86,59.74,71.21,2.6,26.3,74.9,0.3319999999999999,5,67.28,1,2,2,63.3,0.24203000000000002,10.41833333333333
72347459-78fa-4d40-9db0-7a41ab234245,99.87,59.15,60.71,62.77,2.18,16.1,90.8,0.924,6,60.79,1,3,1,59.93,0.23241999999999996,5.281250000000007
f62d4145-1a08-49f0-b916-e3ce280e4b9b,66.51,43.02,52.4,41.01,2.56,19.0,67.63,0.295,5,56.88,0,0,2,47.71,0.4678,-25.652499999999996
449bf385-78ac-456c-8fbb-b56d26417bbd,84.45,82.48,81.73,73.93,3.68,25.1,82.27,0.999,2,73.88,1,2,3,82.105,0.19409499999999993,10.43777777777779
6d9d785f-d97d-46e1-b64c-9338f09aaf56,78.25,58.21,63.98,58.92,2.04,18.5,72.95,0.425,5,61.36,1,1,1,61.095,0.32695500000000005,-0.8314285714285674
059554ed-b80d-428f-9522-fbd9c4bd6c25,82.65,63.21,52.29,68.42,3.18,16.4,78.24,0.561,1,59.69,0,1,3,57.75,0.2908899999999999,7.036666666666669
fd19a4ed-dd5f-4e9a-861a-fbddf306746e,94.01,60.06,49.05,63.45,3.26,22.6,84.59,0.706,7,68.49,1,3,3,54.555,0.26994499999999994,-6.063999999999993
b598fe04-e1c8-4cef-b08d-3093e3ac484c,79.82,68.63,66.11,64.04,3.18,19.2,58.80000000000002,0.7769999999999999,7,59.3,0,1,3,67.37,0.28649,6.856666666666662
50dc0286-c2b4-4225-ae13-ddbc63f56a47,66.22,73.15,76.31,75.52,3.3,20.6,71.99,0.196,8,75.45,1,0,3,74.73,0.28437,8.452857142857141
c286c93f-018c-4d91-a892-e965a28ead28,81.75,78.81,80.27,82.07,3.47,23.4,77.47,0.329,2,75.14,1,1,3,79.53999999999999,0.18817000000000003,19.596666666666664
a2f76233-d53f-4afc-a3f2-0ef0ed453e68,76.67,51.52,44.13,53.21,2.09,22.1,80.25,0.658,2,51.43,0,1,1,47.825,0.390215,-11.595555555555556
c4975ba7-9f85-46d5-b4f5-014da271efb2,69.82,56.58,65.59,58.31,2.7,19.7,89.09,0.85,4,60.67,1,0,2,61.085,0.36253500000000005,-2.258571428571429
a581e857-835a-44bf-b37c-5278c09eb376,65.68,84.23,78.17,75.37,4.0,23.1,75.73,0.593,1,68.99,1,0,3,81.2,0.2675699999999999,17.300000000000004
5589f551-1296-4c7b-8656-1a89cbff1a3b,90.79,65.44,67.92,73.1,3.43,21.1,79.68,0.683,5,70.02,1,2,3,66.68,0.21749999999999997,2.575000000000003
d32eddcf-d34e-491d-921d-2baa05686590,94.1,51.99,54.35,53.46,2.28,16.3,81.18,0.136,5,62.27,1,3,1,53.17,0.30371000000000004,-11.527499999999996
994a4ba6-0fec-47d9-a65e-c3f6c610fe34,84.42,58.91,52.15,58.46,2.0,22.3,81.7,0.5660000000000001,6,60.92,1,2,0,55.53,0.32034999999999997,-2.276666666666671
4adab946-10b9-4223-a165-5c264b7c8a7e,74.23,46.42,54.28,49.0,2.58,18.2,78.23,0.869,2,50.89,0,0,2,50.35,0.40503,-15.422222222222231
f6bdeec8-ef78-450b-9930-1059f92ff04a,68.32,71.44,68.6,75.93,2.94,23.0,74.76,0.975,6,65.62,1,0,2,70.02,0.28887,9.333333333333343
9e3242ec-2ff4-40c8-97ae-0d88c8cf2971,78.2,52.34,59.83,47.6,2.25,17.9,75.73,0.837,2,54.78,0,1,1,56.085,0.376145,-15.763750000000002
65024a5a-a1d0-4ca4-8a1a-336c0bee1228,67.1,59.53,52.72,42.82,2.0,22.2,75.91,0.256,6,56.88,0,0,0,56.125,0.434765,-8.247499999999995
a2160ed9-a8fb-4e73-a79d-85f7df28c905,98.17,63.39,59.18,55.04,3.45,22.0,80.22,0.956,1,62.85,1,3,3,61.285,0.258345,1.0050000000000026
534c8fd7-1c18-494e-88b5-273b391401b9,82.62,59.56,63.78,56.24,2.49,23.4,77.8,0.996,7,59.88,0,1,1,61.67,0.31578999999999996,-0.7071428571428555
06b0eec1-1906-4a50-96ba-b40f37cfcb1a,83.67,80.49,76.87,85.85,3.78,22.9,84.12,0.745,6,77.59,1,2,3,78.68,0.17173,24.79099999999999
56bb0e9e-3ff0-4862-9771-d2f5a857f5c3,90.05,58.23,62.13,53.71,2.32,16.6,84.58,0.4429999999999999,4,56.22,0,2,1,60.18,0.29813,-3.299999999999997
2b3373fc-74e8-4dfb-bc40-3cf91ed1d4b2,73.49,59.83,57.94,56.1,2.88,16.2,83.03,0.4589999999999999,5,56.67,0,0,2,58.885,0.36108500000000004,-2.2950000000000017
1352361f-e13d-4541-a7da-80c8044e622c,75.99,67.11,75.21,77.09,3.53,23.1,77.71,0.987,6,68.29,1,1,3,71.16,0.25129,6.351250000000007
11efd528-71b6-4fdc-b903-1ea648da488d,84.3,78.57,70.4,73.44,3.14,19.2,82.59,0.817,1,70.74,1,2,3,74.485,0.219025,1.5577777777777868
445d4459-9811-42ba-8d55-e161ce4fd1ba,99.23,72.16,66.96,66.61,2.76,25.7,69.55,0.618,5,68.45,1,3,2,69.56,0.19456999999999997,1.456000000000003
51267e26-a4ea-4ff5-97c8-9c4392df78a4,71.19,51.55,68.47,50.82,2.44,20.7,84.95,0.897,2,58.32,0,0,1,60.01,0.38275,-15.675000000000004
76ea59b3-2a7e-4065-95c4-431dcb756061,67.7,66.64,74.3,66.0,2.77,19.1,71.77,0.235,2,69.1,1,0,2,70.47,0.31979,4.826666666666675
7b7f7262-c624-470d-9c77-371c08a55641,97.88,75.12,70.16,56.73,3.59,28.4,83.46,0.1699999999999999,1,77.52,1,3,3,72.64,0.22037000000000004,-2.034166666666664
462954d2-dfe3-4d37-854d-3ec25ea38f7a,78.04,71.96,71.25,68.11,2.96,24.7,83.43,0.31,5,68.48,1,1,2,71.60499999999999,0.268695,3.892857142857139
a2a7f2d1-66b5-471d-8e0d-49307e633699,96.4,66.77,73.35,59.4,2.75,29.8,94.61,0.219,1,76.28,1,3,2,70.06,0.22601999999999997,-4.086666666666673
f66f53f8-94e1-4672-9a2d-6ffde05a00cf,91.45,67.54,64.84,65.4,2.63,20.4,86.27,0.5820000000000001,7,65.96,1,3,2,66.19,0.23942999999999998,0.3887500000000017
eb16741a-1a69-4c64-84d5-21a755bb3bf9,87.01,72.18,80.12,75.56,3.39,25.7,72.57,0.635,3,74.35,1,2,3,76.15,0.19682999999999992,19.650000000000006
1dd891fb-a6d2-46ad-be5c-49bce23e331e,92.07,57.35,56.86,65.38,2.37,17.8,71.05,0.515,2,62.8,1,3,1,57.105000000000004,0.264265,2.1299999999999955
cb4903c4-180d-4ab1-93d6-73cad0365f8d,80.38,65.69,68.56,61.19,2.85,18.2,85.9,0.607,3,68.14,1,1,2,67.125,0.29353500000000005,2.048181818181824
198f5583-3077-44ea-bd85-d1e8ff9dfe4a,91.81,60.29,59.74,58.03,3.17,27.3,81.18,0.5509999999999999,5,66.43,1,3,3,60.015,0.27862499999999996,1.8725000000000023
085900e4-32a0-4b53-b901-43e023a7d6a8,68.24,54.65,55.87,60.61,2.59,16.0,84.2,0.367,3,57.27,0,0,2,55.26,0.37943000000000005,-0.730000000000004
025f31e5-fc29-4875-b35d-7c868159d210,73.3,63.82,68.04,59.37,2.65,24.3,74.73,0.285,5,67.08,1,0,2,65.93,0.3309,-3.998333333333335
a5d2b13e-7207-42d3-98ab-e151a3d4bc49,98.37,80.1,74.43,74.2,3.41,27.0,90.94,0.8019999999999999,5,79.5,1,3,3,77.265,0.15212499999999995,-0.1216666666666697
bd331125-4718-41ce-843c-3c4424e3ade1,96.04,64.18,57.63,53.93,2.81,15.6,80.34,0.404,2,62.5,1,3,2,60.905,0.271335,-15.0446590909091
edfb00b8-48e7-49ec-ad47-fe0b5fa560e9,99.95,66.27,70.31,65.93,2.98,27.2,86.24,0.325,5,71.6,1,3,2,68.28999999999999,0.19753999999999997,4.450972222222234
d91a2677-c584-428d-ae4f-fefa92eef92a,95.14,73.94,73.55,66.26,3.1,23.8,78.01,0.2009999999999999,6,68.32,1,3,3,73.745,0.19942499999999996,-1.3633333333333297
00d5ab0a-ffd2-49cf-80e4-210a10bcd2eb,73.22,63.33,62.73,60.62,2.49,24.3,79.4,0.625,3,61.05,1,0,1,63.03,0.33617,-2.6209375000000037
4e0405cf-6df9-4091-946a-edb63f2fb56a,77.51,66.37,62.87,55.9,3.28,20.2,88.98,0.347,8,65.97,1,1,3,64.62,0.3284,0.296875
3acf28a6-7499-46ae-8428-2e5f24facd9c,82.35,74.65,75.61,75.69,3.1,27.6,76.14,0.1709999999999999,1,80.98,1,1,3,75.13,0.21814000000000003,5.269999999999996
b6fc0dda-e62b-46ae-998d-640062ad2379,71.01,58.65,63.79,79.48,3.21,17.9,69.78,0.348,8,66.54,1,0,3,61.22,0.29385999999999995,2.9819999999999993
b7829063-0607-4a5e-a86b-bd874703ccb1,89.94,44.68,49.05,49.14,2.12,23.0,80.14,0.179,6,60.74,1,2,1,46.864999999999995,0.35222499999999995,-7.012499999999996
3006f0df-02d8-430f-8be4-964ed175c79d,66.9,57.97,73.18,60.95,2.77,19.9,79.68,0.562,3,59.71,0,0,2,65.575,0.35282499999999994,-4.310000000000002
7ba8ada7-c07c-4f72-8d67-bf720956dea1,72.17,74.52,64.64,55.63,3.6,16.5,76.8,0.628,8,64.63,1,0,3,69.58,0.33568999999999993,-3.5133333333333354
163dc9e3-49e9-458d-aa75-cbee1d7aae34,93.69,52.0,58.34,67.22,2.82,15.4,81.08,0.458,7,64.66,1,3,2,55.17,0.25807,6.3459999999999965
a67955e9-697f-4e4b-8792-a4b8c44a29db,69.13,62.43,65.62,65.59,3.28,19.7,77.24,0.111,2,67.97,1,0,3,64.025,0.334635,-1.4171428571428493
ef199a3b-e1c1-4b4d-a605-9cd90cc3a05f,77.48,81.86,75.03,82.9,3.9,19.7,91.84,0.45,4,75.8,1,1,3,78.445,0.20604499999999998,12.877499999999998
8a2205b2-de03-494c-a23c-6cdb4fda46ec,66.0,48.42,45.78,43.62,2.4,15.8,83.14,0.6639999999999999,6,53.21,0,0,1,47.1,0.46384000000000003,-17.18
881beedb-82ce-49cf-877a-66fcd9db033b,65.96,74.45,74.56,62.99,3.87,25.1,85.66,0.649,3,70.36,1,0,3,74.505,0.32367500000000005,-3.891666666666673
c87aca70-9543-43bb-b8b3-7695cb8ce240,80.23,67.45,71.55,77.47,3.69,19.7,79.77,0.688,6,71.79,1,1,3,69.5,0.23817,15.915
1aa7069c-70a8-4257-a255-05bfa2840015,70.59,46.37,48.62,38.3,2.63,23.6,75.39,0.26,8,49.39,0,0,2,47.495,0.460255,-22.18
6f13e227-2a50-4934-87ac-3df19f77badf,84.53,81.42,80.86,77.39,3.44,22.3,88.99,0.764,8,71.05,1,2,3,81.14,0.18628999999999998,13.849886363636365
f8a7449b-c236-4c34-8311-7774095a7190,94.94,75.38,77.56,71.45,3.39,24.0,78.62,0.99,5,72.47,1,3,3,76.47,0.17648000000000003,12.464444444444446
8a49cec0-a6c2-4809-9542-fa9b854b9f22,88.59,59.45,63.13,65.52,2.33,19.4,79.96,0.617,3,67.97,1,2,1,61.290000000000006,0.26520999999999995,2.6400000000000006
868c04ec-f6a7-4912-891d-b11f7cc0f95b,99.7,67.82,69.52,66.51,2.75,17.2,77.65,0.4269999999999999,4,68.72,1,3,2,68.66999999999999,0.19566000000000003,9.260000000000005
eb2b82f9-98dd-4225-985a-438b861764d1,75.38,63.19,75.41,72.58,3.44,29.6,82.92,0.8210000000000001,5,70.53,1,1,3,69.3,0.2728400000000001,0.3166666666666629
05942666-b12d-4a77-95b7-b80839e06615,66.88,85.47,93.09125,89.82,3.72,31.0,85.05,0.511,6,81.36,1,0,3,89.280625,0.19517812500000006,14.121999999999986
36fd2182-2fe2-4dec-96e7-401c3c5612ff,94.6,69.45,59.08,64.77,3.13,17.0,91.12,0.356,7,64.73,1,3,3,64.265,0.234495,2.1374999999999957
fa882ac6-fd21-4aae-a0fb-ce77f835c4e2,75.24,66.51,59.04,64.29,2.96,19.8,89.8,0.9,7,64.74,1,1,2,62.775000000000006,0.317845,2.2850000000000037
2ced3044-d34f-446e-a5ca-ae1a8001b5b5,89.18,49.76,51.53,47.68,2.83,24.3,74.36,0.772,4,53.74,0,2,2,50.644999999999996,0.3483049999999999,-12.07333333333333
52237782-f43a-4f7e-9257-764d2ad8be5d,92.49,47.98,48.59,49.81,2.07,16.8,82.84,0.602,3,52.91,0,3,1,48.285,0.335755,-8.54636363636363
f38456d3-8c8f-4aac-aff1-d9f9d9f5dce0,84.45,80.25,70.75,72.79,3.36,21.0,75.48,0.65,3,70.87,1,2,3,75.5,0.21732999999999997,9.871250000000003
0297b587-6132-4c40-9d8b-7d0e84a55248,70.92,64.39,58.12,62.33,2.45,19.9,81.97,0.979,3,62.63,1,0,1,61.254999999999995,0.345565,-7.959999999999994
88e24da6-3c3a-40fa-8b8f-ef605eaadb49,69.78,53.59,65.57,64.31,3.46,20.0,87.42,0.7190000000000001,2,58.82,0,0,3,59.58,0.34921,2.9125000000000014
b633acc1-ed75-4dc9-b707-8e213656cbd3,76.49,47.08,49.72,59.68,2.59,20.1,78.34,0.857,3,50.31,0,1,2,48.4,0.3698,-0.892000000000003
cf0a555b-825b-4d6a-922e-f21b7e7933ca,71.53,63.15,67.85,66.24,3.17,16.8,68.88,0.736,2,63.48,1,0,3,65.5,0.31866,-4.484999999999999
6ed7623e-3472-4027-a9ca-fc8f38550371,98.68,74.59,66.0,57.54,3.19,24.9,65.61,0.3419999999999999,7,70.37,1,3,3,70.295,0.22177499999999994,-7.061428571428571
4c3a0a68-7da4-4e0f-b0d4-978d3f3e6e7f,71.12,58.93,62.37,69.45,3.15,24.0,83.45,0.682,4,64.35,1,0,3,60.65,0.32522,9.671666666666674
8b0354ee-4254-4e2a-9a7a-539db7952b82,72.75,56.29,48.86,51.2,2.5,18.4,81.16,0.29,7,54.83,0,0,1,52.575,0.397675,-2.011666666666663
0425b86f-b9ea-4971-9d26-9c9ede0b0ff8,82.71,43.58,37.96,33.71125000000001,2.0,20.7,80.14,0.347,1,51.78,0,1,0,40.769999999999996,0.44571625000000004,-21.89187499999999
f40f6bef-9f67-4446-9326-f598e8ccb16f,83.93,73.68,69.04,48.95,3.39,24.9,58.80000000000002,0.262,6,67.63,1,2,3,71.36000000000001,0.3033499999999999,-12.89
210d415f-83ef-42a3-ab55-2bdc4ff7fbd5,82.12,65.69,72.47,71.82,3.09,26.2,66.51,0.444,1,70.68,1,1,3,69.08,0.24881999999999999,8.954999999999998
c86f85b4-29c1-44fb-b812-173ee92de57e,68.18,65.12,76.4,73.36,3.67,28.5,78.62,0.605,3,69.36,1,0,3,70.76,0.29491999999999996,2.3760000000000048
ed18b61b-0bdb-4053-9ac0-ff8d775c6e1a,97.92,59.33,48.2,64.52,2.38,15.9,78.32,0.583,7,63.7,1,3,1,53.765,0.253465,0.010000000000005116
4b833b15-196c-4a2a-9586-061cafb4cf7f,71.25,56.22,69.74,54.43,2.99,20.0,73.36,0.4679999999999999,4,62.51,1,0,2,62.98,0.36277000000000004,-2.3333333333333286
9734e338-453b-4756-ab83-d898ceee439e,78.73,62.79,54.8,59.9,2.26,24.1,88.28,0.141,3,65.26,1,1,1,58.795,0.328995,0.0
79e2ea60-4f78-4a9b-b8dd-ba9f76cf60a3,75.74,63.93,57.9,59.77,2.82,21.7,79.42,0.299,5,62.15,1,1,2,60.915,0.3349850000000001,-5.513333333333328
d1597720-5c5d-4c05-ab2d-5b481aa1f442,65.3,92.8925,84.26,83.82,4.0,31.0,71.37,0.134,4,75.74,1,0,3,88.57625,0.22161125000000007,16.462857142857132
c30ba092-d245-42f6-8a65-1d267034d064,99.03,61.24,47.94,38.26,2.18,13.1,79.68,0.187,7,57.15,0,3,1,54.59,0.32533,-27.30625
85418c0e-3998-4ccc-9c47-a39ad7a0ff66,77.38,72.43,71.98,67.28,2.89,31.1,72.95,0.76,3,70.16,1,1,2,72.20500000000001,0.27202499999999996,3.0799999999999983
0aa894f6-4be0-40b7-b790-64a3242b7b1a,83.07,72.07,66.29,83.24,2.86,21.9,93.31,0.484,5,74.11,1,2,2,69.18,0.21046000000000004,13.71319444444444
d3e2920c-934f-4156-ab01-597713c5a4f9,87.23,77.65,67.96,72.74,2.94,22.3,72.73,0.942,5,73.25,1,2,2,72.805,0.21444499999999997,6.8999999999999915
fdba5d71-a6cc-4823-8425-4f1a38becd54,94.34,62.76,62.13,63.96,3.22,23.5,75.53,0.223,3,69.86,1,3,3,62.445,0.24342499999999997,1.632222222222218
3a126d18-49e7-43fa-b3b3-ee416617f762,72.08,50.82,36.89,42.78,2.43,17.9,70.66,0.5940000000000001,6,48.62,0,0,1,43.855000000000004,0.4517749999999999,-21.04875
89f5cbc2-0ef5-4246-986f-ffa5e3827f0c,98.23,65.79,64.24,65.27,3.64,22.1,72.61,0.212,4,63.15,1,3,3,65.015,0.216225,-2.530000000000001
377c880e-e7f2-471f-acdd-f85262e73aa3,72.7,72.65,75.91,71.67,3.23,19.4,84.6,0.247,5,71.9,1,0,3,74.28,0.27135,12.50714285714286
82df78d4-2cb4-4730-9764-0fb25f1095fe,86.82,75.54,58.97,57.08,3.05,20.6,82.59,0.101,3,70.28,1,2,3,67.255,0.27971500000000005,-7.180000000000007
40b3419e-d41a-48e1-a6c5-616f2592c229,88.1,67.96,69.47,62.64,3.25,23.4,73.55,0.666,3,66.4,1,2,3,68.715,0.25353500000000007,-3.9849999999999994
94975952-c356-4a63-93d2-6edd65ff61d1,93.08,62.37,70.59,61.4,3.18,18.5,84.0,0.284,2,70.73,1,3,3,66.48,0.24404,-4.130000000000003
ca609c34-038d-4736-a8b3-97668d15003f,93.06,58.09,72.68,71.6,3.13,21.0,83.25,0.736,7,69.58,1,3,3,65.385,0.216805,0.875
91910a7e-e540-420d-ad59-b6e6325cbedc,79.79,76.08,72.08,82.6,4.0,20.5,94.17,0.554,6,71.15,1,1,3,74.08,0.2108,13.896999999999991
40d42bfd-62b7-4e3d-ac31-7fe7a3743953,68.01,50.64,64.69,65.41,2.53,19.2,79.8,0.329,4,59.13,0,0,2,57.665,0.358735,2.9366666666666674
be08eb41-c188-4138-a2cd-6b1ea16a1f80,70.91,58.99,62.85,54.96,2.73,24.5,72.43,0.7230000000000001,1,64.01,1,0,2,60.92,0.36872,-7.439999999999998
76488a89-9bc0-46cd-9d83-732a1f9a8183,80.6,42.83,59.67,57.43,2.44,18.1,88.6,0.985,3,60.08,1,1,1,51.25,0.35156,-4.08428571428572
b8d9b60b-27fb-4df4-bbe1-51ae4f4c86bf,71.34,78.81,76.8,91.88,3.81,26.5,97.0,0.833,3,78.54,1,0,3,77.805,0.20558499999999996,20.757499999999993
6379c448-a333-4818-9e8e-276f64d0b0da,73.83,39.5,53.49,50.74,2.45,13.3,86.48,0.651,1,55.25,0,0,1,46.495000000000005,0.412975,-4.686666666666667
a8c498e2-ef56-4206-9e7d-50ecac29fd75,81.37,63.98,62.82,66.67,3.22,30.5,76.38,0.779,2,60.22,1,1,3,63.4,0.28430999999999995,-8.829999999999998
f45af0b6-19d1-4464-bad3-3297a6a21ce4,70.02,83.42,90.1,86.14,3.72,25.2,71.85,0.976,7,73.86,1,0,3,86.75999999999999,0.20122000000000007,23.189999999999998
188f5ff4-4c1d-4d6c-8830-a3212a8c75a1,92.3,74.8,65.67,72.22,3.9,30.6,87.07,0.252,6,74.97,1,3,3,70.235,0.20343499999999998,5.512222222222221
23dd688c-48a4-4fbe-80ad-4cc1f5830249,70.52,74.16,69.11,82.55,3.32,19.0,66.3,0.186,8,67.09,1,0,3,71.63499999999999,0.25536500000000006,16.769999999999996
277b2080-7a2b-4490-b6ba-6f60523b3025,99.85,63.71,62.08,60.86,2.84,16.7,83.16,0.897,3,62.89,1,3,2,62.894999999999996,0.229335,-5.635000000000005
ef7cbc11-71e9-4f00-b8fb-ca18125848fe,97.15,60.42,48.03,64.55,2.33,19.5,97.83,0.762,4,65.57,1,3,1,54.225,0.25507499999999994,3.7349999999999994
4b187f78-da62-4fd6-94d8-0e0ff1921e9c,68.38,46.33,48.46,42.66,2.15,24.9,88.25,0.151,7,50.72,0,0,1,47.394999999999996,0.456315,-24.506666666666675
e5b0cd54-4173-4b3b-8ea4-feef9e2ea849,85.68,80.6,82.19,90.04,3.51,22.4,76.56,0.8800000000000001,2,77.42,1,2,3,81.395,0.14297499999999996,17.647999999999996
58ea4983-8a46-43b6-a94c-ee95f5018afe,84.35,47.05,44.13,48.65,2.0,25.3,91.23,0.6719999999999999,6,52.29,0,2,0,45.59,0.37988,-14.248333333333335
ec2bc91c-bdbc-4f9e-90cc-e90cac04999a,90.14,64.29,57.48,67.21,2.7,24.5,79.76,0.587,5,73.18,1,2,2,60.885000000000005,0.255155,2.578000000000003
0cb2f9e9-d7f8-41b2-b751-52f28bb0e468,77.85,67.46,72.28,72.16,3.25,28.2,79.25,0.843,2,67.36,1,1,3,69.87,0.26251,16.182222222222215
8477c611-0ed2-400e-90db-1d988793ad53,98.7,63.93,55.76,53.64,2.2,16.8,89.8,0.762,2,65.25,1,3,1,59.845,0.264745,-7.174999999999997
3a564f46-9f6c-4a0d-a047-8d857eb42db8,67.27,71.01,65.29,65.91,3.49,26.9,79.98,0.4009999999999999,7,65.13,1,0,3,68.15,0.32874,-3.7450000000000045
124b1c23-4b6f-4ca1-b6ae-34fd0bd87933,80.54,72.24,67.43,64.31,3.46,29.3,67.19,0.673,6,68.25,1,1,3,69.83500000000001,0.27540499999999996,1.0983333333333363
443a72f4-c342-4ce4-8149-a39592fac1da,76.46,64.61,76.72,63.83,2.66,22.0,77.96,0.256,2,62.68,1,1,2,70.66499999999999,0.290675,12.762500000000003
e66fc809-b64d-48f5-aa1a-4e8035e575a2,86.6,87.9,84.78,82.26,3.55,27.3,81.51,0.1709999999999999,5,87.59,1,2,3,86.34,0.14780000000000001,11.840000000000003
4ad10cba-2c1c-4fdf-bd6d-a5032689e1ae,77.58,60.42,61.15,69.12,3.07,28.2,80.91,0.671,5,68.32,1,1,3,60.785,0.299965,7.172857142857147
87646f22-ca60-4d77-9315-42b4985bb615,92.89,44.49,51.16,52.14,2.66,19.3,85.11,0.243,3,59.87,0,3,2,47.825,0.3285449999999999,-11.615714285714283
678f6c36-4f8b-4ef5-b731-860fa7253f96,74.53,65.42,67.41,61.66,3.14,22.8,64.27,0.3279999999999999,5,68.16,1,0,3,66.41499999999999,0.317655,1.5859999999999985
00f36de1-6956-41b7-904e-66301306b544,70.46,69.69,68.36,64.26,3.33,18.8,91.46,0.2339999999999999,3,71.81,1,0,3,69.025,0.31830499999999995,-2.9487499999999898
a527609c-9f34-416e-add0-27dd617eabf9,71.64,65.71,66.26,67.81,3.09,25.8,90.25,0.583,7,65.71,1,0,3,65.985,0.312055,3.3000000000000114
06c7ce2d-0fff-4bbd-8c47-b02cf26d17cd,74.01,58.52,70.05,66.72,3.12,27.7,72.66,0.959,1,64.08,1,0,3,64.285,0.310945,1.6128571428571377
f4980899-dd57-4a22-8959-7a74044259c8,76.24,50.93,46.09,44.96,2.33,18.5,78.14,0.99,8,51.04,0,1,1,48.510000000000005,0.41463,-14.025555555555556
636e530c-e25f-43b2-85c3-f64b835ad567,96.66,56.63,57.19,65.58,2.38,21.3,81.61,0.262,8,71.21,1,3,1,56.91,0.24589000000000005,3.739999999999995
e7b43135-94dc-4aee-980f-b7793f1f4687,80.37,66.13,56.53,64.86,3.12,24.5,84.62,0.783,5,67.79,1,1,3,61.33,0.29995,4.010000000000005
8b44a738-c81e-438e-9b9c-90f84c74d874,66.95,74.68,74.69,64.96,4.0,20.9,88.41,0.6719999999999999,4,69.83,1,0,3,74.685,0.313265,2.0616666666666603
3426dc35-e24f-4308-896b-123f1c3c944c,87.16,75.27,77.3,74.66,2.69,26.2,73.7,0.192,5,77.52,1,2,2,76.285,0.19852500000000003,9.137142857142848
c6677a21-3f71-463f-9c20-20c53fd1fadf,94.76,60.04,64.76,58.01,2.86,26.6,86.31,0.546,6,63.28,1,3,2,62.400000000000006,0.25972999999999996,0.0
06d1f747-d264-4a96-8813-ac96ec5dc0ed,82.31,67.26,74.47,65.14,3.24,24.7,89.34,0.523,2,77.68,1,1,3,70.86500000000001,0.26274499999999995,2.333750000000002
0154993b-d291-4d39-a3e7-d55cf16008dc,81.84,61.24,61.43,63.74,2.83,23.4,78.93,0.798,3,64.65,1,1,2,61.335,0.29741499999999993,-0.18833333333333258
465a797b-70c4-4104-b0ad-d475f13229cf,92.27,76.95,80.11,86.98,4.0,32.3,83.65,0.5269999999999999,1,78.87,1,3,3,78.53,0.13439,19.665000000000006
97419428-6c79-4ca1-b1c6-4e2a6eb92022,69.79,55.58,60.48,47.25,2.96,19.6,83.92,0.256,8,59.5,0,0,2,58.03,0.405,-3.8174999999999955
b3dc3cb8-61bf-4ca8-afed-e750722b2617,84.45,70.08,82.58,75.92,3.67,31.2,82.19,0.625,2,77.36,1,2,3,76.33,0.20545,12.6790625
a44a1774-f8b3-445d-92d4-b506a6611aea,82.42,70.11,60.21,63.13,3.22,17.8,79.33,0.635,2,65.65,1,1,3,65.16,0.28545000000000004,7.220000000000006
c6511cbd-86cf-4463-b63a-58df990e84f0,80.71,53.12,59.94,51.26,2.64,25.7,68.38,0.8099999999999999,5,56.57,0,1,2,56.53,0.35379000000000005,-17.90833333333334
b2eddfa2-31c6-4dac-b83c-d42edf372265,72.29,77.17,61.53,74.78,3.33,25.2,71.59,0.404,1,71.59,1,0,3,69.35,0.27845,5.805340909090901
f74c7b18-3767-4093-a556-9ad260e4c4ab,88.74,67.46,79.13,76.54,3.47,30.4,90.91,0.915,6,68.71,1,2,3,73.29499999999999,0.19553500000000004,5.964285714285722
03242a84-9087-4a6b-87c1-20976f47fa5c,71.06,61.64,58.79,56.54,2.46,16.4,82.58,0.345,7,57.38,0,0,1,60.215,0.36549499999999996,-9.326
5f15fe5b-4441-410d-ac03-662dd198291e,99.45,72.26,64.46,76.12,3.29,23.0,79.73,0.327,6,76.37,1,3,3,68.36,0.16875999999999997,13.378888888888895
9d24d2b7-ee35-43b3-befd-d731fb08390d,83.16,67.35,58.46,62.27,2.54,16.7,84.62,0.997,6,61.59,1,2,2,62.905,0.291835,-3.634999999999998
3d9edbfc-d2fa-4089-98ab-288e1f537d03,94.27,62.15,55.9,65.77,2.43,14.7,87.5,0.592,2,61.06,1,3,1,59.025,0.24853500000000003,0.9512500000000017
277931d5-be98-4b92-a9d9-4eb881bcc82a,93.61,74.4,80.88,72.82,2.88,29.0,64.01,0.197,1,73.66,1,3,2,77.64,0.17418,5.47999999999999
bfabceb8-bd56-438e-9695-0c3fe30dc35e,66.6,82.22,84.82,88.61,3.87,30.1,94.0,0.965,5,79.25,1,0,3,83.52,0.21721000000000004,19.788333333333327
e71d9c67-81b8-460f-a668-c3483c87edce,66.45,53.89,55.05,54.23,2.58,20.0,91.47,0.97,4,56.27,0,0,2,54.47,0.4081,-8.978333333333339
d076aec8-f1b9-41a9-ae72-6877775f171a,84.99,73.59,61.02,62.09,3.05,23.1,73.27,0.146,7,70.93,1,2,3,67.305,0.27185499999999996,-1.3924999999999983
a4f05ad6-cddf-4abc-9953-2f2cec351070,66.33,66.34,71.44,69.5,3.18,18.9,74.06,0.515,7,64.35,1,0,3,68.89,0.31951,6.25
8e5bc860-3d62-4d15-b33b-e0760c9e38b3,87.35,73.36,80.15,81.49,3.88,19.8,89.2,0.504,3,68.95,1,2,3,76.755,0.17586500000000005,10.314999999999998
7477e48c-2fc8-4ae5-9ce6-af12db1d1b4c,68.52,51.11,44.72,47.23,2.0,22.5,89.67,0.561,2,50.7,0,0,0,47.915,0.440485,-14.153333333333336
83aaa9b2-dd72-416b-b9b0-d163f622b0ed,93.85,64.52,60.47,55.12,2.74,21.5,74.97,0.523,6,65.99,1,3,2,62.495,0.271755,-7.686250000000001
6b313dce-9ed0-4757-9350-7947cde8e6f4,70.52,57.1,52.96,53.33,2.97,21.4,81.48,0.103,6,58.58,0,0,2,55.03,0.39283999999999997,-1.1042857142857088
b0984482-d235-456b-9900-3e50e1ca1a24,95.39,63.17,59.83,61.91,2.85,16.1,74.51,0.929,5,66.63,1,3,2,61.5,0.24821,-2.1741250000000036
8d516590-03ac-4177-bd5f-e47f944fa1d6,76.79,80.57,84.76,88.58,4.0,24.1,89.08,0.444,2,78.71,1,1,3,82.66499999999999,0.17910500000000001,25.715000000000003
c42e2507-b3cc-469c-97b4-67e0fa8df552,82.74,63.86,54.28,60.73,3.26,26.8,74.17,0.917,8,63.95,1,1,3,59.07,0.3096400000000001,2.1188888888888826
0a8620bc-c646-40c1-937f-6345c0fc6580,76.68,58.42,66.81,61.53,2.8,27.0,67.83,0.696,4,61.49,1,1,2,62.615,0.32084499999999994,2.315714285714286
29708083-a7fc-4c50-9315-23b0cea6a6e7,94.26,57.15,45.04,50.91,2.19,19.5,86.13,0.222,2,56.46,0,3,1,51.095,0.316945,-11.357999999999997
1921bcf0-a1fb-4827-9a87-5fd5cd3a97c2,90.89,50.94,61.57,56.36,2.47,20.3,64.43,0.669,1,65.0,1,2,1,56.254999999999995,0.29859500000000005,-5.677999999999997
a33144be-7098-4828-bc8e-15ba1f7d7ab3,81.19,59.88,61.43,68.37,2.94,27.5,78.1,0.485,3,65.97,1,1,2,60.655,0.288165,3.6300000000000097
9cf90afa-1a09-4c4d-9c9a-6172b9223a97,74.23,73.61,67.66,66.76,2.95,30.2,87.49,0.587,3,76.69,1,0,2,70.63499999999999,0.29089499999999996,2.1280000000000143
7a078dfe-550a-4cb4-b998-d3338ad6ba2e,97.27,83.56,81.93,87.75,3.2,20.6,78.95,0.731,8,85.7,1,3,3,82.745,0.099435,25.021250000000002
dda4d6a4-0dac-47d6-98e8-ab92d8e7fbf9,85.3,76.36,78.69,70.01,3.05,29.2,79.34,0.593,1,73.39,1,2,3,77.525,0.21619499999999994,11.940000000000005
5204a863-4214-4656-b3ab-4b60b8fa3e8e,97.07,60.32,62.84,65.96,2.55,18.9,76.77,0.212,3,63.9,1,3,2,61.58,0.22910000000000003,-1.8400000000000034
006264e3-cf2a-4f2d-b93a-580cd303b1e6,84.89,76.49,60.4,76.07,2.83,22.3,64.24,0.729,6,67.56,1,2,2,68.445,0.226895,9.959999999999994
3058e138-3ede-47c8-8d29-4b497fffd821,67.78,51.74,57.93,53.52,2.0,21.0,92.29,0.528,2,58.79,0,0,0,54.835,0.40381500000000004,-15.083333333333336
2d236bb5-8f6d-4e96-a84f-88e75d5599de,89.35,71.52,75.37,84.96,3.19,22.6,71.17,0.384,2,76.9,1,2,3,73.445,0.16738500000000006,15.680999999999997
d98714ba-e9c3-42f9-863b-120fa416f804,66.98,57.15,70.7,58.54,2.95,24.0,74.49,0.769,3,61.71,1,0,2,63.925,0.364685,-0.28600000000000136
af0c7c31-270d-4c6f-acb9-85153bb95f1f,86.41,61.14,67.36,62.22,3.09,18.6,84.44,0.897,4,60.25,1,2,3,64.25,0.27495,-4.275000000000006
d6f49cf1-f426-4e4b-a00e-934283aad18d,71.96,59.02,58.36,65.38,2.28,21.3,98.21,0.379,6,63.6,1,0,1,58.69,0.33995000000000003,2.759999999999998
9d551449-5ace-4e64-ab19-1897c5654f63,93.34,70.84,73.11,68.47,2.66,18.5,88.28,0.644,2,70.91,1,3,2,71.975,0.205305,3.9766666666666737
e109d3e5-a89c-49bc-b26b-07dc5fdf436b,74.84,58.4,57.12,53.02,2.34,19.6,73.15,0.105,4,59.23,0,0,1,57.76,0.36829999999999996,-13.393333333333338
c6f190aa-cd87-41cb-8915-3359058b6a13,95.78,69.44,65.97,75.58,3.04,28.3,83.4,0.8150000000000001,1,73.68,1,3,3,67.705,0.187025,1.5549999999999926
f53e27fb-f61a-4512-b03a-215cad3fa673,75.0,67.35,60.38,48.28,2.17,26.7,71.26,0.206,5,68.15,1,0,1,63.864999999999995,0.36356499999999997,-16.28
85c4ef27-1399-40e6-913b-edf48312fa0f,81.76,71.03,62.59,60.04,2.9,16.0,80.3,0.561,8,58.02,0,1,2,66.81,0.29240999999999995,-1.3433333333333337
f2aadf82-bb37-4154-8ec3-e21131993535,78.43,52.93,52.54,57.78,2.1,14.2,82.33,0.967,7,48.34,0,1,1,52.735,0.35473499999999997,-6.700769230769225
4591d28b-3c48-4c78-975f-2cc23ed5117c,86.4,55.45,63.45,59.95,2.34,15.7,64.39,0.238,5,63.22,1,2,1,59.45,0.29619999999999996,-7.8359999999999985
2fa0e3b5-f553-4128-8eaf-899d02835a34,93.75,74.27,71.38,67.73,3.16,29.5,87.04,0.445,2,76.3,1,3,3,72.82499999999999,0.20333500000000002,-1.3033333333333275
5ded2b85-cdb9-40fc-988b-ef18a7f8207e,90.74,70.42,78.2,67.24,3.45,21.4,74.33,0.615,2,66.53,1,2,3,74.31,0.21239000000000005,-4.653333333333336
ccf19ca4-b7d4-4251-8bcc-5eec30e2c57d,70.48,56.85,54.1,50.83,2.34,19.7,89.56,0.5690000000000001,8,62.4,1,0,1,55.475,0.399165,-7.366250000000001
2855ad85-8170-46f1-a5b3-cabde60b8d98,84.57,54.32,53.33,48.75,2.8,16.0,77.32,0.502,4,55.74,0,2,2,53.825,0.35399500000000006,-16.104444444444454
6ae75334-c7db-4aca-a281-e10a7d77fc0e,69.27,69.83,61.99,57.87,3.26,27.6,95.05,0.371,1,65.72,1,0,3,65.91,0.35158,-2.4833333333333343
ae150095-ac00-4166-8599-7f4b628ef277,96.7,52.21,42.86,51.04,2.33,23.5,81.54,0.104,5,62.72,1,3,1,47.535,0.317475,-11.848571428571425
b19d397b-0517-4aec-9beb-ac683ae2e704,88.06,41.97,51.17,38.35,2.53,14.9,78.84,0.4019999999999999,8,52.79,0,2,2,46.57,0.39299999999999996,-26.112500000000004
eff95512-2fc9-4baf-aebd-425133c03a1d,74.88,66.55,60.44,57.64,2.73,27.5,75.74,0.477,3,63.33,1,0,2,63.495,0.337075,0.8031250000000014
3b7993c1-079c-4449-9686-e3862e3e9215,84.73,72.3,78.91,69.21,3.6,27.4,69.89,0.222,6,73.77,1,2,3,75.60499999999999,0.22663500000000003,6.942
23a9cc68-f749-4490-963f-9cbdb9ce21c2,74.89,48.88,37.98,48.5,2.22,21.6,75.41,0.903,4,50.77,0,0,1,43.43,0.42465,-15.678333333333327
92da70ff-2de9-4d62-9a25-74f759b931ae,80.1,82.61,69.97,66.94,3.79,31.7,90.55,0.8320000000000001,8,69.11,1,1,3,76.28999999999999,0.24991000000000008,-0.2224999999999966
bb7b2af8-3f6f-44f4-9843-4f7cc2ce91ee,75.32,54.04,45.0,51.65,2.93,18.2,91.42,0.444,4,50.84,0,1,2,49.519999999999996,0.39521,-11.214999999999996
666033c2-c3dc-4040-b8e9-0490c9bff9b5,81.6,62.25,54.35,57.05,2.32,22.9,81.51,0.259,5,66.72,1,1,1,58.3,0.32755,-10.641999999999996
f20c53c4-c338-4573-a14e-505057b2a56b,89.15,66.01,53.38,59.13,2.65,22.8,88.86,0.996,6,63.26,1,2,2,59.69500000000001,0.28692499999999993,2.182857142857145
1ced7a4a-7421-432d-a044-c031c37684a5,92.29,65.07,66.11,62.82,2.56,25.5,86.23,0.471,1,67.51,1,3,2,65.59,0.24560999999999997,-4.2962499999999935
196763b2-2748-44b3-9118-222537c6bf2e,87.4,55.4,60.2,55.47,2.29,25.8,84.33,0.8560000000000001,6,59.35,0,2,1,57.8,0.31059,-11.35444444444444
74823c77-4b4c-40b0-892d-2541e621f6b6,96.83,75.97,74.84,70.29,2.81,24.0,83.28,0.178,6,72.6,1,3,2,75.405,0.175595,9.025000000000006
b08fa224-2376-49f6-b11d-bea3d08bcf6f,92.94,56.89,63.98,38.32,2.35,21.9,80.74,0.534,3,60.34,1,3,1,60.435,0.33197499999999996,-26.244999999999997
2f3cf556-c6ef-442a-a041-beba2302501b,65.69,67.89,59.87,63.9,2.82,26.3,78.02,0.15,5,62.63,1,0,2,63.879999999999995,0.3539,2.3599999999999994
437b6be7-4c70-48b1-87e4-b8358827da28,86.19,63.93,71.39,76.15,3.11,24.3,93.52,0.726,4,69.24,1,2,3,67.66,0.22381,6.814285714285717
50bfc074-441a-42c3-b6ee-0b2d3f90a27e,98.41,69.03,68.26,60.8,2.36,17.9,86.8,0.283,8,66.54,1,3,1,68.64500000000001,0.21802499999999994,-8.227999999999994
01f73a27-81d0-49f9-818b-07c43d18cb8b,77.29,75.43,65.49,71.38,3.11,17.8,66.85,0.446,1,65.98,1,1,3,70.46000000000001,0.26531999999999994,1.6499999999999915
0777ed06-b6d9-47b6-a43c-31a5b971496c,79.24,64.98,55.07,61.94,3.33,19.9,81.34,0.418,5,65.49,1,1,3,60.025000000000006,0.317145,-2.304000000000002
89234cf3-55fd-4da8-a3c3-08e165647f3d,95.45,64.76,71.33,64.22,2.53,21.9,77.44,0.404,5,65.53,1,3,2,68.045,0.22140499999999996,-4.754659090909101
cfee3a31-6645-4c57-9834-1b3b84addfab,99.19,82.08,82.16,74.34,3.35,26.3,82.3,0.374,6,82.89,1,3,3,82.12,0.13385999999999998,1.7240000000000038
37fefe59-dc1d-4101-95b3-01e6d39ec748,86.32,61.76,52.6,65.93,2.7,16.6,84.06,0.265,3,64.57,1,2,2,57.18,0.28539000000000003,2.3500000000000014
8c55324b-7eaa-49d4-bf23-d41ca301bd4b,77.6,69.87,70.05,72.48,3.45,18.2,68.22,0.252,5,70.23,1,1,3,69.96000000000001,0.26228,5.772222222222226
5c1c766d-1497-40fe-9a9c-a91893757085,66.79,79.47,66.53,72.63,3.67,20.5,75.84,0.8939999999999999,3,71.47,1,0,3,73.0,0.29595,8.638888888888886
0a2a3a9b-b08c-4788-bb4c-2c04383b8550,76.83,73.5,58.66,64.36,3.59,19.9,87.57,0.238,8,68.71,1,1,3,66.08,0.30136,-3.426000000000002
c1fc8603-9984-4600-8da2-67c2a26532f2,98.76,60.33,60.61,59.31,2.94,25.1,73.34,0.709,8,65.57,1,3,2,60.47,0.24561999999999998,-3.4664062499999986
9cba1d61-4685-4819-94c4-c4ace651faf2,76.45,74.07,72.62,77.26,3.14,17.3,86.39,0.945,8,67.71,1,1,3,73.345,0.242385,5.712857142857146
0f54484b-e616-40e0-bab4-40b719abf698,78.61,40.23,35.681250000000006,41.67,2.15,14.8,69.19,0.462,7,50.27,0,1,1,37.955625,0.446683125,-17.401428571428568
1df0b32e-c5df-47e5-9833-adce6cd18fb1,74.82,80.27,64.47,73.22,2.92,22.7,73.39,0.31,6,70.26,1,0,2,72.37,0.26395,9.002857142857138
80e9f9ef-311b-42a4-9daf-bbf01646ed2e,71.76,62.58,75.43,63.18,2.88,28.7,70.71,0.479,3,67.24,1,0,2,69.005,0.316405,3.548000000000009
b94601c3-475e-4af7-add5-9569470ba398,71.71,54.44,59.19,69.7,3.02,16.1,87.14,0.453,1,58.42,0,0,3,56.815,0.333615,-0.6539999999999964
dccd5172-b4ec-4797-8045-b8476abb9d35,79.61,63.65,60.88,59.62,2.39,22.1,82.7,0.372,8,58.92,0,1,1,62.265,0.31590500000000005,-4.845000000000006
2e95ab03-6639-471c-ba9e-1b990603c812,81.31,66.62,67.13,79.94,3.17,20.3,91.83,0.292,8,73.36,1,1,3,66.875,0.234315,13.36
0c9f36d1-ce38-4e91-9a45-e824469cca58,70.26,73.1,77.03,85.98,3.43,25.2,73.61,0.428,1,77.39,1,0,3,75.065,0.235825,16.155
d2e9ce2b-5a5a-4073-87ee-b5f8fbafb274,65.19,46.37,51.13,55.0,2.62,16.2,86.46,0.771,7,57.46,0,0,2,48.75,0.42799,-8.051000000000002
c2a1d4d2-a588-4275-be63-d9a642d5aa95,90.38,73.93,82.84,76.74,3.22,21.2,80.74,0.1709999999999999,7,76.56,1,2,3,78.385,0.173105,6.319999999999993
3bb88a4d-65f4-48cc-9aab-ea936bfb78b5,85.88,61.04,63.19,61.56,3.32,19.7,86.3,0.619,3,63.72,1,2,3,62.114999999999995,0.285455,-3.4166666666666714
65819107-22f8-4f16-bc57-4152130ef692,72.5,81.26,52.23,55.64,2.97,20.0,77.14,0.321,5,62.11,1,0,2,66.745,0.34284499999999996,-9.469999999999999
d5d0be3d-2f9e-4d95-ac02-7ad25d6ea7b0,70.37,62.79,66.76,63.44,2.24,19.0,74.07,0.912,2,61.55,1,0,1,64.775,0.333875,1.9399999999999977
6b0c8f25-a26d-4db2-9c19-3bb97df865cd,75.56,64.44,51.37,74.17,3.26,21.7,85.18,0.195,4,63.6,1,1,3,57.905,0.301535,10.450000000000003
951d00ea-0fea-404e-a7c2-1ab7c3d4313b,80.68,70.85,72.92,72.66,3.9,29.1,77.29,0.55,7,72.76,1,1,3,71.88499999999999,0.243645,1.7112499999999926
5b504412-7de8-42d4-b061-671717e42f46,85.22,55.81,60.12,71.9,2.31,17.9,70.9,0.994,4,61.96,1,2,1,57.965,0.269525,2.251111111111115
7b4343eb-7631-4628-88b9-6ed6b4253ccc,82.67,76.92,70.48,70.65,3.42,24.9,71.73,0.126,3,68.53,1,1,3,73.7,0.23626999999999995,8.992000000000004
b61aa678-651f-46fb-b14e-6daf1cb1aa6c,67.53,66.23,53.48,60.49,2.78,21.9,75.47,0.7889999999999999,6,61.39,1,0,2,59.855000000000004,0.368845,-5.827777777777776
36911a42-7f21-4168-847a-e1cde7bbd90c,88.63,59.12,72.01,52.42,3.0,22.5,83.05,0.477,7,69.83,1,2,2,65.565,0.29152500000000003,-4.416874999999997
614ea6f4-98cb-4a8e-837c-52c218072f68,91.51,59.56,62.05,62.66,2.7,25.9,78.69,0.3299999999999999,4,72.52,1,3,2,60.805,0.263565,-3.1850000000000023
c4788a40-a4af-4094-be69-c06d0b40dc33,86.16,79.33,75.9,61.89,3.52,20.1,93.26,0.15,5,70.99,1,2,3,77.61500000000001,0.236845,0.3500000000000014
5e84b8f1-0d67-457b-864a-d818bb0099ef,77.49,68.53,68.83,58.83,3.17,28.6,85.07,0.153,8,62.35,1,1,3,68.68,0.30750999999999995,-5.986666666666665
086695db-54ea-4035-8031-b34657465f26,98.22,48.45,41.17,39.46,2.35,19.9,83.6,0.58,4,49.89,0,3,1,44.81,0.35430999999999996,-19.4775
d64a2fbc-6029-4bbe-8b46-21afbb25c5dc,71.84,70.56,80.87,79.31,3.52,31.2,74.09,0.197,3,76.84,1,0,3,75.715,0.24756499999999995,11.969999999999999
b09767a9-16d2-4e9b-a634-e7b5fd99eae1,69.51,50.61,52.27,43.18,2.79,16.3,78.74,0.509,6,56.43,0,0,2,51.44,0.43809999999999993,-15.549999999999997
b791be12-0e72-4cac-94d2-c1c19376d64a,92.62,57.37,52.2,53.46,2.77,14.9,87.91,0.659,8,56.43,0,3,2,54.785,0.30478500000000003,-8.618571428571428
b13998bc-931d-4072-847e-7f1b136deeed,90.01,68.43,77.78,80.65,3.53,22.8,75.61,0.8390000000000001,8,76.39,1,2,3,73.105,0.17869499999999994,20.815000000000005
01e4bef3-e608-4b4c-b74c-a427248f1901,72.19,59.73,63.15,60.4,3.03,28.3,83.38,0.304,1,61.6,1,0,3,61.44,0.34572,-6.123750000000008
54e13e03-3b74-4eb7-a6d1-ab4f286937c1,65.67,74.43,74.74,69.88,3.64,24.6,85.96,0.8160000000000001,7,70.91,1,0,3,74.58500000000001,0.303925,9.153636363636359
9c2acaa0-2819-4276-8dc1-ae90a51e7c7e,98.36,63.9,65.02,74.16,3.63,20.4,71.99,0.229,4,68.4,1,3,3,64.46,0.1907,7.153333333333336
cbb4460e-f263-4c94-aee4-1a185aabaabb,99.02,59.59,63.14,62.26,3.0,27.3,69.54,0.246,1,67.65,1,3,2,61.365,0.233045,-10.869999999999997
a1108b8c-981a-4b57-bf68-e23315a45298,74.47,58.79,67.88,58.97,2.91,16.5,67.11,0.518,1,60.27,1,0,2,63.334999999999994,0.335205,-2.8342857142857127
32d24370-ec35-4039-9078-4a2a39c35eed,99.72,60.76,61.41,67.03,2.77,22.5,83.21,0.5730000000000001,3,65.05,1,3,2,61.084999999999994,0.21677500000000002,1.0579999999999927
c4125453-450a-43c0-b1c9-07b361e29eba,77.27,60.8,47.18,57.46,2.41,18.9,78.63,0.6559999999999999,6,58.95,0,1,1,53.989999999999995,0.35657000000000005,-6.381666666666668
85c5b9ae-000a-41d3-b433-b6fbf1c4d3cf,71.27,52.47,45.41,50.32,2.54,23.0,83.77,0.76,5,51.21,0,0,2,48.94,0.41714,-13.880000000000003
c3c46bda-d99a-4c9a-b966-482589001466,78.83,69.87,71.38,71.12,3.52,31.6,87.98,0.221,3,77.37,1,1,3,70.625,0.25944500000000004,10.620000000000005
b6059be2-5587-4c60-9a37-e9cfb5fe96f7,75.02,69.91,71.37,80.48,3.72,25.7,71.94,0.98,4,68.13,1,1,3,70.64,0.24656000000000003,18.009999999999998
d1f9bed1-d32d-4d78-b4c5-0631a180c8d0,96.22,49.28,58.25,57.67,2.5,15.9,83.92,0.718,4,57.62,0,3,1,53.765,0.280815,-19.9453125
2bce15de-835e-4c5d-b62d-e20578317488,97.84,67.11,70.89,68.37,2.85,28.3,86.66,0.7110000000000001,6,71.47,1,3,2,69.0,0.19652999999999998,0.59375
fca86597-a6d2-42d7-a0fa-09cb789d41d7,79.91,62.86,61.8,73.69,2.99,22.6,69.79,0.18,4,67.37,1,1,2,62.33,0.27230000000000004,8.0
7a0ada74-e3a0-438f-9d1b-f776d63b5eae,84.29,64.16,60.26,74.51,2.33,16.4,75.3,0.639,2,63.79,1,2,1,62.209999999999994,0.25267999999999996,5.406666666666666
02ad6dd4-3a9a-4c98-8176-952cf3956fa2,72.36,77.76,72.94,68.62,3.81,26.9,75.33,0.304,1,69.28,1,0,3,75.35,0.27865,2.0962499999999977
a08e6e38-489d-4069-873f-be6581d87a6d,66.34,58.43,59.84,58.13,2.77,17.9,73.76,0.77,8,52.53,0,0,2,59.135000000000005,0.38284499999999994,-5.932499999999997
f84223fa-ffb5-46e1-8bb3-4c92d4cf6e12,76.14,71.56,66.46,66.76,3.98,23.8,82.81,0.449,2,69.77,1,1,3,69.00999999999999,0.28813,0.6866666666666816
c7457c3a-8f81-44f7-b14d-bfd0349947eb,71.52,57.38,65.43,49.38,2.93,26.4,74.37,0.627,4,63.29,1,0,2,61.405,0.381565,-20.826
ad5914e8-d54f-43f1-8d94-35c33a8efe9d,96.8,69.8,66.27,73.73,3.88,29.9,65.38,0.903,6,70.81,1,3,3,68.035,0.18750500000000003,9.551666666666677
c54a771f-b4e7-4900-8de2-4d851dbe7576,72.42,53.28,44.73,54.8,2.1,22.1,77.7,0.38,7,57.32,0,0,1,49.004999999999995,0.398905,-11.405454545454546
e76593fa-1e2a-4c52-ac83-f6e4c5002ed0,85.77,68.12,67.23,71.45,2.74,25.0,86.93,0.408,7,76.03,1,2,2,67.67500000000001,0.23954499999999995,6.409999999999997
e9d9cbca-1262-40ce-b5f0-a2b26bcce622,70.32,63.09,72.21,60.29,3.27,27.4,78.84,0.567,4,65.61,1,0,3,67.65,0.33490000000000003,-2.3924999999999983
1140e938-8ffa-4278-950f-42bed10de1f5,92.07,69.86,64.31,83.58,3.31,26.6,83.93,0.1139999999999999,5,75.0,1,3,3,67.08500000000001,0.179725,13.626249999999999
fa107c04-ec35-49cc-8688-db66d8245e10,90.41,68.76,71.88,65.15,3.44,24.7,77.37,0.746,4,67.42,1,2,3,70.32,0.23195,3.9562500000000114
40690ced-936a-4127-a6a3-108c7f1836fe,78.94,60.85,72.66,67.95,3.02,17.7,82.13,0.18,4,64.0,1,1,3,66.755,0.280125,2.260000000000005
f7cc7b64-16ca-430f-9e0a-45dde42a49ce,71.58,60.43,63.2,55.78,3.15,24.9,83.44,0.418,1,55.01,0,0,3,61.815,0.360895,-8.463999999999999
457943a7-327a-4d50-aa85-6ae02ad55e7c,81.98,67.0,80.24,73.08,2.98,22.1,80.67,0.944,8,71.4,1,1,2,73.62,0.23197999999999996,8.739999999999995
63f46fa7-7ea9-46a9-96c6-4668a89ce0d4,95.98,77.7,78.84,74.94,3.53,24.5,85.06,0.1399999999999999,3,75.79,1,3,3,78.27000000000001,0.15644999999999995,15.878749999999997
733aaf76-81fc-4200-9184-e858244bc24f,99.97,66.04,69.51,56.46,3.17,15.9,86.62,0.687,1,65.77,1,3,3,67.775,0.22741499999999998,-14.466249999999995
c883fb97-0b2f-4882-84a7-61bcc9e0a445,84.24,66.33,68.48,77.35,3.26,24.4,72.28,0.314,8,68.71,1,2,3,67.405,0.22877500000000006,14.740000000000002
53c97137-3ce9-44a3-8479-edcea07398da,80.63,74.33,76.78,60.46,2.95,22.3,86.58,0.195,1,74.79,1,1,2,75.555,0.269435,-3.259999999999998
6c7a4e4e-228f-454d-8173-1a7f9505855d,88.49,78.11,77.04,80.3,3.87,31.5,78.5,0.766,6,79.64,1,2,3,77.575,0.172415,11.656666666666666
6e6e2ec6-4219-45d9-90b6-4e5727f8b708,72.11,47.19,53.97,48.82,2.53,23.1,81.31,0.843,3,54.74,0,0,2,50.58,0.41336,-7.157777777777781
67f1c496-edde-47c3-8394-35c8cce25c63,96.21,43.91,44.97,44.26,2.0,12.4,79.55,0.843,7,51.88,0,3,0,44.44,0.34906000000000004,-11.717777777777783
09633a19-d80c-46f8-a605-8704c0d9c153,69.61,66.24,79.47,70.71,4.0,19.6,74.46,0.799,2,65.88,1,0,3,72.85499999999999,0.290865,2.652000000000001
d806fcc3-d02f-4d71-a43b-06534aa22bbe,67.55,61.1,60.05,61.87,3.47,17.4,86.24,0.1709999999999999,2,53.61,0,0,3,60.575,0.362465,-8.550000000000004
9e57f5f7-bac4-424e-aee0-96a846871e66,77.53,77.07,90.06,92.22,4.0,33.0,75.16,0.384,7,80.92,1,1,3,83.565,0.162525,22.941000000000003
73d2f139-3396-43da-98a9-aef678920092,87.2,62.76,46.15,64.08,2.63,23.1,79.68,0.289,1,66.25,1,2,2,54.455,0.295595,-2.876666666666665
16ba43e7-bd26-4625-b9cd-7e845340075c,69.66,57.07,67.26,65.59,2.86,20.4,88.2,0.423,5,63.84,1,0,2,62.165000000000006,0.338095,-1.6499999999999915
77fe73a0-b92d-4179-ac9b-c4b637d7ad67,68.06,59.75,72.57,54.96,3.04,19.9,80.38,0.71,8,63.72,1,0,3,66.16,0.3644,-13.350416666666668
c29ad0ca-dcf7-44aa-822d-73bab4ae7fc8,70.09,69.03,57.43,62.79,2.64,27.1,83.99,0.8880000000000001,3,66.2,1,0,2,63.230000000000004,0.34158,1.2079999999999913
e3dc8e3b-5c07-42d2-aab8-94a6521b909e,97.88,59.96,48.79,57.41,2.14,22.3,77.48,0.6679999999999999,2,58.65,0,3,1,54.375,0.27312500000000006,-4.085000000000008
eec91152-993e-4ea1-836a-7695e4bffdcb,77.29,62.11,66.48,58.83,3.42,27.2,80.06,0.3259999999999999,2,66.05,1,1,3,64.295,0.32146499999999995,-7.783333333333331
aae57e6e-cce7-479d-89aa-bd996503abb8,72.37,67.07,66.66,60.54,3.01,27.4,90.1,0.592,2,62.88,1,0,3,66.865,0.328305,-4.278749999999995
053fd9d8-8ee5-4c0e-abe5-2a8c6fd880c7,73.37,60.49,57.91,52.28,2.37,16.4,69.77,0.425,3,57.57,0,0,1,59.2,0.37207999999999997,-7.471428571428568
77ba6998-82f9-4d22-a7be-3c63cf42d7f0,87.58,82.83,80.35,73.9,3.5,24.4,82.06,0.911,6,80.45,1,2,3,81.59,0.18320999999999998,5.159999999999997
b58f4907-a899-42d3-834e-4a9ae1b7433e,93.14,77.54,82.36,74.08,3.69,23.2,71.46,0.507,6,77.14,1,3,3,79.95,0.16534999999999997,9.039999999999992
7f7d3b75-9126-4351-9a54-fa33b9d27a23,81.01,70.59,72.67,62.12,3.8,26.2,75.15,0.975,5,62.98,1,1,3,71.63,0.27471,-4.476666666666667
2d031877-5493-446b-adad-831f2f9acf32,70.84,65.87,63.22,74.76,3.43,24.8,69.02,0.927,2,63.5,1,0,3,64.545,0.29872499999999996,6.866666666666674
d186b240-2806-421e-bde8-cc33fb532aa5,95.17,84.37,91.63,90.6,3.66,22.6,67.81,0.277,5,79.09,1,3,3,88.0,0.08352,23.485
2ad34aff-cc3e-4806-ad83-0f0711ae3c77,94.31,53.28,58.97,56.96,2.54,17.5,82.66,0.575,3,60.73,1,3,2,56.125,0.28350499999999995,-10.437999999999995
def27a3e-add1-45e7-a5ad-93c858d67077,97.56,56.88,42.99,49.23,2.16,23.3,70.48,0.1699999999999999,8,57.05,0,3,1,49.935,0.31226499999999996,-9.534166666666664
6e38fdba-047b-4cac-a697-dd97e7e63926,77.45,77.69,86.0,84.36,3.68,20.7,74.16,0.26,4,74.17,1,1,3,81.845,0.191585,23.880000000000003
c9957d42-81f0-4a09-971a-08e3ca5fc91b,83.56,57.61,62.96,65.79,3.14,27.9,62.82,0.967,5,64.46,1,2,3,60.285,0.287535,1.3092307692307799
861674c9-f80b-4b44-a2df-d1295d22d690,78.1,77.44,73.57,76.87,3.64,24.6,74.53,0.274,6,75.15,1,1,3,75.505,0.23047500000000007,7.530000000000001
98c18081-a5f5-4bb4-a3ee-b36d5242d6c5,77.44,64.75,56.57,51.88,3.1,27.3,83.85,0.726,6,60.35,1,1,3,60.66,0.35262,-17.455714285714286
a3f4289f-06ac-4093-8364-f5dd92aa04bf,89.17,71.47,86.12,86.2,3.16,21.5,77.61,0.792,2,78.18,1,2,3,78.795,0.148335,13.307500000000005
e2e75549-19f7-4b80-bcd4-cc99d2d1b48e,66.42,54.9,62.0,70.2,2.74,24.9,77.33,0.302,7,65.77,1,0,2,58.45,0.34836999999999996,6.777999999999999
223d5487-cb67-4a5e-b812-127506f4553c,81.89,67.37,67.73,72.62,2.44,16.5,78.09,0.788,7,70.9,1,1,1,67.55000000000001,0.25192999999999993,6.893333333333331
6fd5865b-24a7-4bc6-9456-807918894b09,76.72,80.73,77.75,90.35,3.57,20.3,78.92,0.718,6,75.82,1,1,3,79.24000000000001,0.18435,12.734687499999993
2c7021ab-4806-425e-888f-1a9d6114c8b6,75.33,45.97,47.37,47.43,2.1,20.2,65.41,0.674,3,47.61,0,1,1,46.67,0.41638,-10.210000000000008
ea535de0-5dfa-4499-ad1d-f9872faa4b6b,92.38,51.32,54.47,55.55,2.09,12.3,76.3,0.764,4,55.61,0,3,1,52.894999999999996,0.30514500000000006,-7.990113636363638
bc1e072a-2bbf-453f-aec0-1567fa687e3a,86.54,59.4,62.52,51.78,2.74,27.1,76.88,0.8160000000000001,1,59.84,0,2,2,60.96,0.31561999999999996,-8.946363636363635
c1ed8dbd-e36b-4f00-8ea5-7fb39df4dff6,89.27,71.89,75.49,80.04,3.05,21.2,76.32,0.462,4,76.9,1,2,3,73.69,0.18173000000000003,20.968571428571437
229e9bcc-2307-4dbb-b3d8-4d7dbec1ceed,80.69,68.77,56.47,66.26,2.53,17.1,86.75,0.5549999999999999,3,61.95,1,1,2,62.62,0.2906,4.545555555555552
f1b8f111-34bb-44db-9c86-7d0c5c0f7d96,70.53,39.92,40.7,42.36,2.0,21.1,80.56,0.296,8,48.48,0,0,0,40.31,0.46986999999999995,-13.146666666666661
d2f764c8-68b1-410f-8e83-306ca3f963a4,89.33,68.91,70.6,69.95,2.66,28.8,69.82,0.923,7,69.06,1,2,2,69.755,0.223565,3.3674999999999926
348273f1-d162-43e5-8358-4abd27cfaaa3,94.26,78.18,68.01,69.74,3.42,24.0,76.72,0.687,3,71.69,1,3,3,73.095,0.194455,-1.1862500000000011
9feb32fb-6725-4e18-aace-97aa66513137,93.55,68.22,72.01,67.02,2.18,24.0,78.41,0.692,1,69.52,1,3,1,70.11500000000001,0.214395,1.0180000000000007
19f3bef9-861e-4a60-9e60-6db688bcb2c2,67.81,42.95,47.67,59.16,2.09,23.2,69.52,0.545,5,51.54,0,0,1,45.31,0.41535000000000005,-2.032500000000006
40774e41-55d5-4103-9c3e-20a716e6b67f,86.44,62.96,61.69,57.08,3.44,22.8,78.21,0.5269999999999999,5,66.49,1,2,3,62.325,0.296025,-10.235
820af0d3-1d7b-4b19-a676-a3dbc166757e,69.84,53.01,56.09,42.71,2.76,19.8,81.46,0.6990000000000001,7,57.0,0,0,2,54.55,0.42885999999999996,-16.932499999999997
c76acd2e-5ceb-4863-b1b7-dcaba0fec33a,69.54,76.19,59.04,69.22,2.67,26.8,71.94,0.254,7,68.24,1,0,2,67.615,0.311335,6.219999999999999
98d208b5-9bbd-4708-aba6-d57aee5b27ee,89.88,51.31,66.2,51.23,2.33,25.8,75.93,0.111,7,59.86,0,2,1,58.755,0.310525,-15.777142857142856
f3a7951d-3c2d-458f-9343-0b7e5b07b3da,86.1,65.45,52.93,58.81,2.35,27.1,72.28,0.755,5,59.82,0,2,1,59.19,0.30160000000000003,-4.923333333333325
df2682d3-fa0a-4d9b-8a78-d48aa1a63960,94.0,74.72,73.02,76.66,3.0,24.9,78.98,0.153,7,77.41,1,3,2,73.87,0.17241,11.843333333333334
aa75df5a-ec66-4cbc-b20a-9890dc4e4048,87.37,76.06,82.91,79.47,3.42,27.8,81.1,0.55,6,77.53,1,2,3,79.485,0.17365499999999998,8.521249999999995
1a4815ec-5731-45d9-aacb-0bb8d32cbc9b,96.36,73.04,70.03,76.5,3.03,32.1,89.73,0.337,8,79.03,1,3,3,71.535,0.170455,11.682500000000005
24fc2575-c31c-4ab8-a9d1-cd4a632747ab,79.34,78.29,77.42,83.66,4.0,24.1,83.25,0.987,1,69.75,1,1,3,77.855,0.198095,12.92125
34960404-712d-43d5-a47b-1b6c6499dc4c,67.48,58.46,61.06,64.35,3.06,19.6,96.33,0.963,1,60.17,1,0,3,59.760000000000005,0.35775,4.55833333333333
19745d1c-1fdf-4cbd-bd4a-886efff46375,92.72,58.72,62.4,67.73,3.04,16.3,78.39,0.526,8,63.08,1,3,3,60.56,0.24424999999999997,0.9342857142857213
46b3d98d-3a40-4173-a876-0303adfec2c3,74.61,50.89,50.64,58.62,2.46,20.8,88.83,0.147,5,58.8,0,0,1,50.765,0.373405,-5.668571428571433
e907244e-8e4b-4dad-ad13-158485051209,84.45,68.08,71.08,74.22,3.01,20.8,64.27,0.483,6,67.47,1,2,3,69.58,0.23079999999999998,11.357500000000002
10474595-c81b-4991-a685-0589d4827f8c,87.26,56.04,64.55,67.2,2.61,25.6,70.49,0.15,3,67.11,1,2,2,60.295,0.26847499999999996,5.660000000000004
65ded0c2-5d2b-49e4-8396-e38ef3cfb078,65.97,45.33,39.84,48.78,2.23,20.1,89.48,0.992,1,55.9,0,0,1,42.585,0.462025,-6.719999999999999
072a0ade-c87d-4035-b772-5e8a68705954,65.93,53.73,57.94,62.74,2.45,24.4,78.18,0.808,8,59.26,0,0,1,55.834999999999994,0.380555,-4.4383333333333255
0310038c-6a55-478e-97e3-dfe4a3d28253,72.71,65.65,72.72,54.08,2.71,27.2,85.39,0.861,5,59.28,0,0,2,69.185,0.339365,-12.485714285714295
9d92c906-3739-468d-8e04-6e2529872be7,88.69,44.2,55.28,59.01,2.38,16.8,80.75,0.386,2,57.05,0,2,1,49.74,0.31899,-5.806666666666665
17910919-9d51-4c25-951b-a33403d313b7,82.31,76.35,76.06,63.11,3.39,21.4,68.78,0.121,1,66.67,1,1,3,76.205,0.252815,9.085
4506a2ab-386d-443d-888f-a322c6666dcb,91.79,87.45,88.18,85.71,4.0,29.1,84.58,0.524,4,83.45,1,3,3,87.815,0.112265,12.826666666666668
796661e0-db90-4eaa-8194-5e1cac4958e7,81.39,59.79,67.16,62.75,3.34,19.1,75.61,0.921,2,58.89,0,1,3,63.474999999999994,0.29576500000000006,4.411250000000003
b7091cd8-156f-48d5-b1c9-c15b62557f15,95.32,62.81,66.28,60.64,3.0,16.3,67.94,0.683,8,66.89,1,3,2,64.545,0.24316500000000005,-9.884999999999991
fa93b4eb-613e-46db-969d-396892a09dc3,69.9,64.55,68.66,60.63,3.23,17.7,79.38,0.8470000000000001,4,56.68,0,0,3,66.60499999999999,0.338695,-2.568333333333328
aee34978-5fe0-433d-8c3b-2df6c3dc920a,98.51,72.8,70.07,73.39,3.36,27.6,69.35,0.491,2,72.46,1,3,3,71.435,0.171485,11.91777777777778
f62a6f79-9d84-4b85-83b3-5638efdc8f7c,66.58,46.89,56.58,38.93,2.6,21.7,91.95,0.8789999999999999,7,44.88,0,0,2,51.735,0.461685,-23.973333333333336
aa3ee59d-614f-4768-9642-57370f83dc9f,94.26,57.5,62.95,54.72,2.93,26.5,64.98,0.689,2,61.91,1,3,2,60.225,0.27812499999999996,-3.7833333333333314
b62ec427-5bc4-4b3e-a734-57ede27acc2f,68.61,73.74,80.99,72.26,3.55,25.8,79.72,0.571,5,74.25,1,0,3,77.365,0.276685,8.736666666666672
22411217-3e6e-44c0-8dc5-5157e3cabdb4,90.23,50.24,63.06,58.85,2.91,21.3,75.51,0.309,8,65.02,1,2,2,56.650000000000006,0.29257999999999995,-10.124000000000002
ed6d741e-7127-4d8a-bb65-9b08b5527f53,71.5,67.68,71.26,57.33,3.36,18.4,88.77,0.1669999999999999,8,67.73,1,0,3,69.47,0.3336,-8.792500000000004
f6600c41-5d80-487b-b731-2bd35bc94b38,88.32,63.4,69.49,61.97,3.31,22.4,79.5,0.564,6,62.92,1,2,3,66.445,0.26147500000000007,-6.313333333333333
3d8fc190-01ad-42b5-a7e3-529f6ed3abbe,98.0,49.71,56.8,50.75,2.3,23.0,80.51,0.8460000000000001,1,57.18,0,3,1,53.254999999999995,0.295985,-11.833333333333336
004b0df7-4c77-49f2-8c2c-d8038e30a4da,65.79,53.67,55.05,59.19,2.96,16.1,74.79,0.611,6,56.25,0,0,2,54.36,0.39619,3.3049999999999926
8178a46d-9e69-4645-b3c2-5f979597480a,68.96,65.62,67.15,67.7,3.27,18.4,84.13,0.156,7,66.86,1,0,3,66.385,0.321905,5.256666666666675
451b1c37-1eb5-4d14-bcec-e23d78e96e5a,86.11,61.37,65.43,69.38,2.37,17.1,89.04,0.979,7,64.96,1,2,1,63.400000000000006,0.25722,-0.9099999999999966
7946e59a-7ea8-4bc4-987b-4e1c5a2a6d19,99.68,57.01,63.16,58.68,3.4,22.1,78.36,0.458,7,65.31,1,3,3,60.084999999999994,0.24498499999999995,-2.1940000000000026
87d6966d-4672-40f8-bd16-5e49910ef4eb,94.95,77.84,72.86,68.86,3.27,21.1,89.67,0.7110000000000001,1,71.07,1,3,3,75.35,0.18757000000000001,1.0837499999999949
40a18c02-73a9-46f1-9490-fb7d0e444d4c,81.5,69.37,52.74,65.62,2.99,15.4,74.6,0.622,7,63.2,1,1,2,61.05500000000001,0.29397499999999993,2.3600000000000065
cdf140ff-5ed8-4217-b173-9be032365f69,91.04,80.27,63.88,63.8,3.23,18.2,74.03,0.152,8,71.27,1,3,3,72.075,0.228215,0.8711111111111052
326fb373-fb54-45c2-a8c2-8443a3f5b3cf,81.4,60.36,59.15,53.6,2.88,16.1,89.64,0.899,1,62.75,1,1,2,59.754999999999995,0.33433500000000005,-12.774285714285718
67f1f102-454b-4052-a18b-8a1d6fd62ef1,98.16,43.86,35.681250000000006,43.52,2.0,21.8,83.32,0.775,6,60.74,1,3,0,39.770625,0.357488125,-12.4225
55a8d9d3-547d-4c91-90fd-4aafa5bbebce,87.26,36.99,56.1,38.67,2.0,12.9,77.7,0.932,5,45.02,0,2,0,46.545,0.3953149999999999,-25.257777777777775
871a9896-9293-4117-9502-3b5546fcfaf2,76.31,69.91,72.08,69.21,2.98,26.5,77.95,0.89,3,63.22,1,1,2,70.995,0.27414499999999997,0.6049999999999898
b0ce6921-c65e-410c-a1d3-1289fffdc79f,74.45,60.62,50.46,44.06,2.42,17.1,92.72,0.849,8,55.64,0,0,1,55.54,0.40340000000000004,-15.128571428571426
835ba4d2-38d5-48c6-b9f2-2eba7abb13a9,94.78,76.73,92.25,94.50125,3.64,31.1,88.02,0.484,4,87.18,1,3,3,84.49000000000001,0.08390624999999996,24.974444444444444
7bf004af-2863-4313-8da1-2c9ee919bfc3,71.12,38.53,35.681250000000006,37.54,2.0,17.7,75.65,0.795,2,44.79,0,0,0,37.105625,0.49158312499999995,-13.405000000000001
52ca8ca1-8885-4762-b4ae-3be965160fa3,82.4,63.95,55.47,53.83,2.74,26.6,80.07,0.622,3,63.74,1,1,2,59.71,0.32978,-9.43
8f682d46-84a3-462c-b0bd-b837255e9ea7,79.37,65.26,54.06,45.68,2.56,14.9,85.08,0.597,2,61.61,1,1,2,59.660000000000004,0.3665,-16.086666666666666
5ff29162-9ce4-405b-9e81-3ca0a407815e,73.34,67.73,69.47,81.32,3.54,24.8,87.89,0.478,8,70.49,1,0,3,68.6,0.25688000000000005,15.322499999999991
cae903a5-cbee-43c3-8b1f-f0e1d0da0064,95.18,92.15,81.71,86.4,4.0,31.7,80.36,0.773,7,84.86,1,3,3,86.93,0.09928999999999993,22.47571428571429
65e3f95d-612b-46a9-b1d4-c0f6c9438019,66.3,67.25,75.05,66.99,3.3,25.0,93.09,0.722,8,67.69,1,0,3,71.15,0.32037999999999994,2.9577777777777783
374ed793-6231-4ae5-88ba-2dee055fd2bb,96.76,73.83,69.21,83.32,3.53,18.8,89.82,0.162,3,74.68,1,3,3,71.52,0.14844000000000002,10.637499999999989
8a438032-aa32-49ed-8b04-c028e933dc33,82.29,73.98,76.48,73.76,3.51,28.9,80.32,0.529,8,71.6,1,1,3,75.23,0.22386999999999993,7.446000000000012
d8e0ca0f-6159-4199-914c-38819d906d52,65.11,71.15,78.63,67.42,3.11,28.6,83.43,0.2009999999999999,6,73.75,1,0,3,74.89,0.31262999999999996,-0.20333333333333314
9110c5e3-a81f-4171-965a-519d3a85bfa1,73.54,46.6,56.58,58.1,2.42,19.9,70.06,0.218,4,58.81,0,0,1,51.59,0.37676999999999994,-1.1742857142857162
a2e897a1-7f88-4861-8cac-ef86ebb9e863,82.14,51.75,59.82,55.81,3.22,24.6,93.06,0.301,8,63.12,1,1,3,55.785,0.33665500000000004,-10.35666666666667
48b01457-a70b-49c2-a038-253bfc813e66,72.37,65.05,54.01,62.7,2.83,20.4,85.93,0.6679999999999999,6,61.77,1,0,2,59.53,0.34382999999999997,1.2049999999999983
9ba60e4e-9aa1-4c34-807d-405180546df8,66.08,63.18,47.9,61.09,2.79,26.0,73.95,0.265,6,55.46,0,0,2,55.54,0.3857899999999999,-2.490000000000002
6865ea4f-1c58-44b5-be10-45533a3ab963,97.29,74.73,69.94,63.09,2.22,22.0,89.69,0.369,3,73.61,1,3,1,72.33500000000001,0.2045649999999999,-0.38333333333333286
572ac8d6-352a-4677-b1aa-aebc69d51881,99.62,86.37,93.06,85.81,4.0,30.0,85.85,0.428,4,87.92,1,3,3,89.715,0.07494499999999996,15.985
33e36f52-6d22-42ae-902e-e9331c346a6d,80.34,83.81,76.84,69.95,3.69,27.2,74.87,0.4429999999999999,6,74.23,1,1,3,80.325,0.22781499999999993,12.940000000000005
ead233a3-544d-4791-bc2b-7a2186cfe668,79.38,63.46,60.99,57.78,2.85,19.7,100.0,0.18,5,67.39,1,1,2,62.225,0.322465,-7.909999999999997
1e82208f-169c-467f-b993-5ac56258e71f,90.48,60.78,71.44,72.18,3.26,20.6,69.96,0.404,6,70.66,1,2,3,66.11,0.22321,3.205340909090907
eecefccb-aed8-4034-a351-e75df77d5edc,94.73,66.27,72.24,59.2,2.99,21.6,86.97,0.929,4,67.55,1,3,2,69.255,0.235715,-4.884124999999997
88a7cbf4-2c64-4ebe-a68b-7675693857b8,69.56,47.78,56.33,52.87,2.4,15.4,85.53,0.376,2,54.45,0,0,1,52.055,0.40698500000000004,-10.389999999999993
be8788aa-8181-402c-a05f-a0d97530d1af,67.75,71.78,61.71,64.25,3.16,20.4,75.02,0.849,8,62.91,1,0,3,66.745,0.336015,5.061428571428571
8cf79ad6-f287-4aae-93e1-57885ec81635,94.4,57.78,58.67,50.6,2.29,15.8,91.37,0.741,3,59.47,0,3,1,58.225,0.29592499999999994,-9.33625
e296fa19-0f85-45c1-baf1-b9523856a421,93.29,75.97,67.11,75.06,3.32,25.2,74.51,0.118,4,75.73,1,3,3,71.53999999999999,0.18704,6.262727272727275
03b0cfd9-0d1b-44e8-bc6d-0a0e4ce95a65,88.36,72.47,73.36,75.21,3.52,25.7,75.29,0.471,1,74.53,1,2,3,72.91499999999999,0.20218500000000006,8.09375
7111b710-e91b-4e74-bc53-30348c894cab,95.41,62.58,55.91,45.78,2.05,17.3,83.5,0.983,4,55.38,0,3,1,59.245,0.30328499999999997,-15.875
f670195a-32ea-44bf-93ec-e79d96d50e22,73.12,63.26,71.5,65.01,3.65,20.9,90.92,0.353,5,67.47,1,0,3,67.38,0.31034999999999996,-0.173333333333332
f1347907-00e5-496d-9e49-595e8d4944e4,67.51,53.54,55.23,65.27,3.04,19.1,79.11,0.8150000000000001,7,58.55,0,0,3,54.385,0.37099499999999996,-8.75500000000001
afd793b0-e79c-4d9b-891f-b2bfd05b4471,75.45,56.54,52.44,61.2,2.56,24.3,80.22,0.18,1,63.26,1,1,2,54.489999999999995,0.35113,-4.489999999999995
df956d59-1e89-43b4-bf0c-523b468d919e,93.94,54.86,60.17,59.81,2.79,15.7,79.73,0.36,4,60.4,1,3,2,57.515,0.27226500000000003,-2.106666666666662
7bd5c415-4dc4-4e2d-9c7d-f52bb1bb446e,88.34,71.63,65.08,61.03,3.02,16.5,73.71,0.359,5,71.09,1,2,3,68.35499999999999,0.258485,-5.269999999999996
d144d0cc-0847-4923-a150-69655e681cb7,95.88,74.7,63.33,73.74,2.94,17.5,95.93,0.529,8,69.93,1,3,2,69.015,0.188215,7.426000000000002
5dbbaf51-fafe-41a7-9b10-1087b53c658f,85.36,77.87,77.8,71.19,3.26,30.8,80.6,0.521,6,72.21,1,2,3,77.83500000000001,0.21148499999999998,3.700000000000003
45b9e186-f159-4299-9f4c-c8aa70ffb2c6,77.28,61.34,61.72,77.71,3.39,26.9,86.73,0.5519999999999999,7,67.35,1,1,3,61.53,0.27316,5.902857142857144
c38526f6-e4bd-4834-b0e7-8c4e04f4b2ba,72.87,67.15,63.07,64.53,3.69,18.7,86.02,0.61,2,64.71,1,0,3,65.11,0.3196,-4.523333333333326
1f36ca20-6151-42dc-8100-03e07c90b670,84.52,70.06,83.31,74.94,4.0,23.3,66.03,0.734,4,72.31,1,2,3,76.685,0.20704500000000003,11.29
cbf6e18f-0322-4d08-ba74-1bece0d9d4a0,89.21,68.53,71.38,70.86,3.0,17.6,74.92,0.8039999999999999,3,64.71,1,2,2,69.955,0.220715,6.158000000000001
d5aeaa21-7eac-4784-875c-2c7e74605247,83.01,67.08,69.26,66.2,4.0,20.5,85.08,0.307,6,68.99,1,2,3,68.17,0.26485,1.8766666666666652
cf36b7f1-546e-4cc3-85d6-b1e4ae935c26,79.6,61.56,57.86,62.58,2.33,25.0,94.12,0.637,8,60.76,1,1,1,59.71,0.31473,-3.4424999999999955
370ceefa-a750-47f7-8839-563a48e97b1a,93.04,79.3,73.87,70.66,3.45,25.8,79.79,0.647,7,74.77,1,3,3,76.58500000000001,0.18610499999999994,8.14142857142857
0710f666-5145-40be-ae0f-6c29d68f9271,99.84,79.92,82.87,90.87,3.44,30.9,70.84,0.687,1,82.64,1,3,3,81.39500000000001,0.08384499999999993,19.94375000000001
b7195c53-1c77-410c-845b-9fbb0104fc2c,85.21,62.26,55.63,69.68,3.15,20.2,80.23,0.4019999999999999,6,63.16,1,2,3,58.945,0.273285,5.217500000000001
1a584880-9555-4a03-9cbf-983f8b7dd876,94.02,73.48,79.86,79.56,3.33,24.1,77.43,0.499,4,76.41,1,3,3,76.67,0.15523,8.513333333333335
2c889744-c4a1-4029-9085-34ea5cc125e4,91.68,72.88,65.69,70.64,3.15,18.5,76.63,0.5820000000000001,7,68.57,1,3,3,69.285,0.21350499999999997,5.628749999999997
94186bf2-c269-4ea9-b8db-b941523408ec,87.48,64.67,62.27,66.37,2.81,21.6,93.19,0.289,8,69.72,1,2,2,63.47,0.26055999999999996,-0.5866666666666589
2f60775d-0fe0-4d53-84ef-39561d77a235,87.72,60.21,56.66,57.43,2.84,21.5,72.02,0.618,3,61.37,1,2,2,58.435,0.301525,-7.723999999999997
3cf72586-f6c1-4f62-b750-2c676c4527ff,83.12,60.05,68.53,70.04,3.39,17.8,77.12,0.709,3,61.1,1,2,3,64.28999999999999,0.26453000000000004,7.263593750000005
faad260b-aa27-4198-bd25-82ee4d768120,92.85,68.36,73.69,72.61,3.18,28.9,76.75,0.313,8,74.54,1,3,3,71.025,0.197695,8.951250000000002
0c4fad4f-d9c5-4f2f-9d02-63237f36b527,96.36,73.44,67.71,78.28,3.04,23.4,74.08,0.494,5,73.79,1,3,3,70.57499999999999,0.167995,11.670000000000002
236700e2-6a1f-4cc7-ab5e-e0bd17276bff,67.08,67.15,51.9,61.34,2.3,26.3,81.29,0.502,1,60.35,1,0,1,59.525000000000006,0.36908499999999994,-3.5144444444444503
81c74548-613c-46e3-9433-b15dc4a3ea9f,82.98,80.53,77.62,78.51,3.54,26.8,89.86,0.8400000000000001,7,78.79,1,1,3,79.075,0.19532499999999994,10.89
d91271dd-4c27-4216-9126-84d4df646ad7,88.65,78.17,70.47,75.73,2.7,30.4,87.7,0.496,8,80.49,1,2,2,74.32,0.19524999999999998,14.985
bdd8ccc8-cb4b-473f-b41c-97f2a3ef3ff1,72.59,75.23,70.78,78.51,2.65,18.5,83.69,0.511,1,72.54,1,0,2,73.005,0.255095,2.8119999999999976
d9477a33-1deb-4240-8a98-305e6da00070,88.91,72.69,71.56,76.26,3.83,25.6,86.83,0.563,6,76.65,1,2,3,72.125,0.19920499999999997,4.8300000000000125
faef33b7-c679-4300-989c-4486f3b5c07d,80.89,58.52,54.6,42.23,2.59,16.3,86.8,0.5549999999999999,6,53.32,0,1,2,56.56,0.38006999999999996,-19.484444444444456
1870b5eb-2e23-4007-be73-f33c184b0b4d,93.19,53.85,65.2,60.94,2.61,26.7,75.67,0.136,1,68.63,1,3,2,59.525000000000006,0.265845,-4.047499999999999
76719161-80f1-4593-a7fc-760a0a51711e,67.59,49.51,47.28,46.97,2.0,19.7,70.64,0.959,8,48.71,0,0,0,48.394999999999996,0.443545,-18.137142857142862
07684b58-f399-4c1c-9155-4fec49fa28b2,70.67,65.09,68.42,60.1,2.57,21.3,80.29,0.667,8,61.91,1,0,2,66.755,0.33675499999999997,-5.946000000000005
fc9fb557-406f-4ce2-9ca9-3bf6ce62e2ca,77.49,78.9,75.88,75.08,4.0,25.1,75.56,0.5650000000000001,5,71.92,1,1,3,77.39,0.23263,13.597142857142856
4a6db85b-ceb2-4aab-bbc3-b96cd8967249,72.45,58.18,75.0,71.05,3.21,29.9,79.02,0.295,5,76.27,1,0,3,66.59,0.29728,4.387500000000003
6676cf81-1b5f-47ca-b26b-afbc4f8b29df,84.48,65.55,63.12,69.24,3.6,25.3,70.85,0.8470000000000001,4,64.62,1,2,3,64.335,0.261355,6.041666666666664
ba3aab8f-41eb-4d11-ad1b-fa487a813b38,88.0,79.57,81.07,86.22,3.56,31.7,75.06,0.712,8,78.61,1,2,3,80.32,0.14838000000000004,16.027142857142863
582bc4ae-d660-4afe-baf9-ff061c244a7c,97.43,66.82,74.54,66.58,2.66,22.8,74.21,0.107,6,75.57,1,3,2,70.68,0.19849999999999995,-1.9333333333333371
70410f30-6afa-48e8-b1f3-cf037aa2ef95,73.0,64.04,55.56,62.44,3.12,28.4,78.85,0.426,2,63.81,1,0,3,59.800000000000004,0.34128000000000003,1.7128571428571462
033374ed-bbdb-43b5-af59-207273481875,88.09,49.95,56.62,56.07,2.0,15.5,70.87,0.968,7,54.16,0,2,0,53.285,0.31957499999999994,-6.868333333333332
1d53779d-cda7-4508-b725-90d5ea973608,95.9,60.95,77.15,74.5,2.94,19.2,97.45,0.8710000000000001,3,75.35,1,3,2,69.05000000000001,0.18574999999999992,6.652000000000001
3690e788-2e73-498a-a288-1594f1a50cee,71.6,82.29,80.41,77.28,3.87,21.9,79.33,0.829,6,71.19,1,0,3,81.35,0.23771000000000003,12.451428571428565
53ac7a34-c956-48b3-a318-83b03c5b0ed5,76.75,43.38,56.84,41.73,2.1,15.5,89.97,0.5389999999999999,1,52.91,0,1,1,50.11,0.4174800000000001,-9.1175
371ff460-1c77-4060-933b-579dd285030d,93.72,66.29,73.91,77.13,3.6,29.6,96.17,0.648,3,71.87,1,3,3,70.1,0.18343000000000004,6.763999999999996
e09e672f-e514-4f56-9b25-7c580f3ef792,94.76,83.64,72.09,72.19,3.16,24.6,76.45,0.2029999999999999,2,73.99,1,3,3,77.86500000000001,0.17079499999999995,9.29
477faca8-7df3-4c65-a15c-26777414dc5b,85.84,56.71,59.6,75.32,3.0,23.7,73.56,0.8480000000000001,3,65.29,1,2,2,58.155,0.25621499999999997,7.818571428571417
d4d4a1fa-4f13-4fe1-9f67-459fe0c93a60,68.51,67.54,66.29,65.87,2.97,21.8,85.82,0.449,7,68.8,1,0,2,66.915,0.3276049999999999,-0.20333333333331893
9293ffc5-be14-4ea0-a602-3e63ad08a91e,81.74,69.37,65.84,60.12,3.25,29.5,78.08,0.693,2,68.5,1,1,3,67.605,0.289865,3.2989999999999924
0015f29c-8f7f-459c-a010-52166aad411f,79.89,74.91,65.99,76.68,3.26,23.8,76.05,0.4519999999999999,5,70.95,1,1,3,70.44999999999999,0.23905000000000004,10.947500000000005
03841df4-98b9-4ccf-9205-19623ef5e796,89.98,63.65,56.47,62.51,2.33,25.0,73.34,0.751,3,60.18,1,2,1,60.06,0.27237,-1.28857142857143
deb366d9-0c8a-4fe6-9a70-0b2342a9d139,98.61,75.18,61.89,59.67,3.18,22.7,85.74,0.209,7,72.69,1,3,3,68.535,0.220945,2.1499999999999986
eac9ad2f-86e8-4185-8dc2-fbfc5e268830,86.59,68.25,61.94,55.06,3.55,15.7,76.8,0.36,4,64.02,1,2,3,65.095,0.29317499999999996,-6.856666666666662
1345ae98-bf1d-40cd-b7bd-edaec86285e5,88.9,71.19,78.27,74.46,3.31,21.7,58.80000000000002,0.449,6,69.13,1,2,3,74.72999999999999,0.19683000000000003,8.38666666666667
cb5c4026-2bf4-4da5-9b15-bc427aa7e902,74.64,85.13,76.03,65.54,3.18,22.9,69.35,0.379,4,67.36,1,0,3,80.58,0.26308,2.920000000000009
3a0d6b79-9db1-46a5-bf8e-3a7324582132,82.9,50.08,58.75,54.87,2.28,23.4,74.2,0.771,5,54.44,0,1,1,54.415,0.340545,-8.181000000000004
e7c933e5-3c08-4eae-93b6-73ba7ad0f888,88.3,81.56,84.55,82.62,3.84,26.5,89.45,0.48,3,86.24,1,2,3,83.055,0.149775,19.81750000000001
2bb5ac8b-83a9-44de-8a93-2d12255ddda0,78.62,68.07,69.91,49.34,2.71,17.2,72.01,0.502,6,60.3,1,1,2,68.99,0.33053,-15.51444444444445
f022dc4a-bba9-4590-9fd5-26e953864a80,92.55,74.07,69.5,67.47,3.05,20.1,78.65,0.355,6,70.08,1,3,3,71.785,0.21203500000000003,4.781666666666666
b2256341-8905-4f35-8ff9-918df6d0fc96,99.73,55.36,47.51,55.73,2.52,19.0,86.24,0.663,3,60.74,1,3,2,51.435,0.279585,-14.04
9968820f-9689-40a1-bbd6-259f74ec4fc3,75.34,54.55,52.26,60.93,2.73,20.2,72.82,0.764,3,64.2,1,1,2,53.405,0.355635,-2.6101136363636357
8bcb753a-39a7-4f5d-920a-794d7d1b6b86,96.05,72.86,68.91,61.91,3.0,17.5,70.92,0.63,6,69.02,1,3,2,70.88499999999999,0.21741500000000005,-5.772222222222226
eaeef695-6f3e-4fab-9f19-4e43ef2d2a63,85.37,61.26,51.76,53.87,2.45,25.5,97.38,0.51,3,65.75,1,2,1,56.51,0.32738,-8.800000000000004
ff42616d-89b5-433c-bf92-a4db00382236,74.38,55.24,62.09,51.25,3.24,26.5,71.86,0.86,6,59.68,0,0,3,58.665000000000006,0.372735,-14.748000000000005
534090e8-c420-4ab6-a0d3-8240418cfdeb,89.15,69.31,72.39,67.06,3.27,26.1,78.81,0.124,3,75.19,1,2,3,70.85,0.22966999999999999,6.841666666666669
cc9d3c10-eaa8-4da6-9324-2f3cf91c6ef5,92.64,55.57,57.8,52.52,2.8,23.2,86.93,0.182,4,61.75,1,3,2,56.685,0.30182499999999995,-1.7049999999999983
ba592334-bd67-45a6-8e65-fc5bf8b68bfe,92.25,73.13,75.56,68.87,3.36,21.9,72.05,0.8210000000000001,8,67.59,1,3,3,74.345,0.201355,-3.393333333333331
b4646329-d5f5-4e25-9346-57b796ff13c3,68.24,83.67,80.91,81.95,2.15,30.6,81.06,0.58,5,73.83,1,0,1,82.28999999999999,0.23432000000000003,23.012500000000003
868871bd-22b6-49b4-b05f-ee3cd7de14e5,75.08,66.62,70.32,68.87,3.11,27.1,76.59,0.425,3,65.4,1,1,3,68.47,0.28765999999999997,9.118571428571435
be33aab1-44f6-4e7c-9c3c-f4732773077e,85.83,53.05,57.61,62.39,2.74,26.5,94.52,0.976,6,60.43,1,2,2,55.33,0.30352,-0.5600000000000023
349148a8-5b61-4be5-9679-e43ed9620d3d,89.26,58.39,52.73,48.99,2.16,15.4,89.26,0.955,6,58.81,0,2,1,55.56,0.32931,-19.472857142857144
5605e39c-56b3-4877-b08c-367405e92578,94.26,80.66,85.37,71.82,3.68,22.5,78.81,0.362,1,79.84,1,3,3,83.015,0.15845499999999998,12.606527777777771
2eb8e113-db53-48ee-865d-d21e8f46cb72,99.42,73.36,60.98,73.82,3.05,17.5,75.41,0.6519999999999999,2,69.4,1,3,3,67.17,0.17934999999999998,12.165999999999997
b31f2449-471c-4e4d-b56a-829402a2c247,73.16,49.86,52.04,58.5,2.17,17.6,82.3,0.312,6,53.39,0,0,1,50.95,0.37900999999999996,-4.942000000000007
efc23393-22c0-4cb1-868f-74d8a560af4e,85.01,74.8,62.05,70.45,3.05,17.2,74.98,0.5860000000000001,5,69.74,1,2,3,68.425,0.24333499999999997,3.728999999999999
deb45934-3a5f-4314-b0e1-7920252faf60,78.61,65.8,67.9,72.61,3.24,27.7,96.71,0.272,3,72.31,1,1,3,66.85,0.26718000000000003,3.969999999999999
c387e606-d5ad-48e3-9698-eb8f52219a6b,86.53,70.37,62.14,70.66,3.72,28.6,76.65,0.646,6,70.48,1,2,3,66.255,0.24313500000000005,6.60499999999999
4ddb948e-d93b-4b81-a417-95a7c83aafd3,65.9,42.26,44.13,51.58,2.0,18.6,86.5,0.454,8,55.31,0,0,0,43.195,0.45207499999999995,-11.99909090909091
d3186b33-cd8a-44d3-9caf-51c8e76b9878,90.91,52.97,50.32,58.07,2.46,22.0,81.5,0.4589999999999999,8,59.81,0,2,1,51.644999999999996,0.307215,-0.32500000000000284
ef71b193-0d0d-4fd6-b597-62014e4d887a,86.66,67.72,71.05,74.77,3.39,20.6,71.5,0.134,7,69.9,1,2,3,69.38499999999999,0.22089500000000004,7.412857142857135
6a9e7eca-5aac-4540-a659-bdf46f313357,70.25,49.29,57.16,56.25,2.11,26.3,65.05,0.735,3,57.15,0,0,1,53.224999999999994,0.39057500000000006,-10.515714285714282
623e16ff-3621-49cf-8869-08a6c440de62,78.03,46.08,56.14,48.1,2.5,17.5,78.55,0.444,5,60.34,1,1,1,51.11,0.39025,-14.764999999999993
854f7d52-cae6-4fde-8425-64849c816775,98.62,74.81,76.92,85.84,3.34,27.0,83.43,0.686,4,73.63,1,3,3,75.86500000000001,0.12040499999999994,17.845
e3ec8998-7d24-4552-88ee-fc485ddd30a0,95.73,84.54,74.21,69.79,3.81,23.1,85.32,0.1689999999999999,4,79.61,1,3,3,79.375,0.16958499999999993,6.90428571428572
da069a25-ed97-4fb5-a728-4fd1621d1a0e,84.06,59.6,61.6,51.58,2.77,16.4,68.1,0.181,7,57.61,0,2,2,60.6,0.32721999999999996,-14.541428571428568
ae4c2d24-c149-4ea0-800d-5fa243ef5f7d,85.68,67.14,65.68,66.6,2.33,21.3,73.52,0.687,2,65.16,1,2,1,66.41,0.25825,-4.326250000000002
a05365f1-81e3-45b4-8742-d5feec1326c4,88.13,77.35,78.76,73.81,3.59,28.7,80.96,0.1159999999999999,4,80.74,1,2,3,78.055,0.19188499999999997,18.604999999999997
35d491ed-34d2-4a68-8318-521029015c98,90.43,51.14,42.95,52.46,2.35,16.1,84.52,0.294,3,59.66,0,2,1,47.045,0.33976499999999993,-13.05571428571428
b46ed59d-0811-47a8-a369-7a54ce46cb7c,84.91,54.28,62.19,75.78,3.35,27.3,86.94,0.792,2,69.37,1,2,3,58.235,0.25831499999999996,2.887500000000003
53903caa-4f72-475f-9901-c94c8c5c3718,95.46,57.11,49.88,39.2,2.28,13.9,78.37,0.12,8,55.59,0,3,1,53.495000000000005,0.340075,-28.60199999999999
4b14e8c8-1f89-4679-87b5-bf6256e416fc,72.45,58.68,60.47,46.63,2.38,16.0,83.77,0.344,1,57.57,0,0,1,59.575,0.391585,-16.269999999999996
9f2b0ec8-3812-4f68-b57c-f0cb997f6558,76.18,89.57,92.55,91.24,4.0,27.8,84.59,0.434,2,85.29,1,1,3,91.06,0.14837999999999998,25.99142857142857
90439804-101e-40f2-be97-50d85619b09d,69.27,77.13,68.38,82.97,3.31,18.2,81.71,0.361,6,70.41,1,0,3,72.755,0.255745,19.419999999999995
92489332-4d73-4614-aa64-79840192ba9e,74.24,74.93,67.34,76.91,3.52,24.5,76.25,0.986,7,68.88,1,0,3,71.135,0.258905,9.040000000000006
ab235a96-d24e-48ea-b89f-e0091b632ccd,78.91,66.1,63.59,75.69,3.03,21.7,60.04,0.381,5,70.29,1,1,3,64.845,0.262755,15.334843749999997
8e418866-1fdd-4fde-ba59-05537b6c577e,66.96,63.54,64.41,66.9,3.09,18.8,81.06,0.509,1,62.97,1,0,3,63.974999999999994,0.33953500000000003,8.170000000000009
1ec37ec9-43ac-42ee-a02c-3038e3f3b714,90.1,65.52,73.13,71.64,2.48,23.1,74.76,0.5900000000000001,4,65.86,1,2,1,69.32499999999999,0.21670500000000004,9.059999999999995
ec029c4e-9d51-4214-962f-2588cc64cfe4,94.84,80.3,76.35,89.06,3.21,23.5,84.83,0.9,7,78.22,1,3,3,78.32499999999999,0.11848500000000001,27.055
cd96ce39-4699-47f0-912a-692cefe1c0a2,94.52,68.25,66.14,72.71,3.07,17.4,74.05,0.983,2,63.75,1,3,3,67.195,0.20220500000000005,11.054999999999993
00fa6482-07b8-4cd8-acfa-5854d93c9fc4,99.4,60.63,65.47,51.39,3.29,15.5,89.5,0.18,2,61.49,1,3,3,63.05,0.25908,-14.299999999999997
726aa14d-d68c-45f1-8692-b173e2851044,92.66,53.91,67.64,64.87,2.28,20.8,81.29,0.55,5,64.54,1,3,1,60.775,0.252425,-6.078749999999999
2b80e8a2-aa66-4c8b-9d72-4c6da37de426,83.48,44.83,46.17,55.39,2.0,15.8,86.64,0.906,4,53.43,0,2,0,45.5,0.36340999999999996,-13.210000000000008
219d7ec2-6a2b-4db0-b05e-db029f3fa986,91.74,56.48,58.41,61.35,2.94,18.6,85.27,0.784,8,67.24,1,3,2,57.44499999999999,0.27665500000000004,1.75
005714a1-bbb5-49f0-ae2b-b7d7cb4f47f8,65.81,60.35,53.5,52.27,2.69,23.7,88.75,0.601,2,54.61,0,0,2,56.925,0.40917500000000007,-15.317500000000003
85d29bb6-2f01-4e78-83c4-5f5c6e3826d4,82.81,55.83,51.25,54.48,2.79,27.0,72.37,0.206,7,63.92,1,1,2,53.54,0.3447,-10.080000000000005
f8430a30-5eea-4c8f-b5c2-6b07038e3952,86.3,70.73,71.08,74.43,3.75,23.5,82.43,0.271,6,76.13,1,2,3,70.905,0.218795,11.90400000000001
c43cb019-a548-47f5-9654-efcfe91f9a44,68.51,67.75,59.55,68.01,3.53,23.6,90.71,0.6990000000000001,8,67.14,1,0,3,63.65,0.33098,8.367500000000007
5fc8a4ed-8e57-4e95-a86e-fbdec557c40c,69.1,68.03,65.8,61.55,2.96,26.5,88.55,0.489,1,67.05,1,0,2,66.91499999999999,0.3382050000000001,-7.407499999999999
c153ed12-ff93-4803-a38e-fff1942ae8fa,92.33,66.61,60.34,60.23,2.91,19.5,74.23,0.532,5,67.92,1,3,2,63.475,0.25956500000000005,1.3888888888888928
a58c3f81-98ca-4cfc-a080-2dd1ba4de714,67.51,50.24,43.15,49.29,2.24,25.1,81.84,0.2759999999999999,7,49.39,0,0,1,46.695,0.442005,-8.93
9448a7f9-f557-463b-8661-f3333dfccacc,95.28,55.95,50.64,46.91,2.46,24.6,68.42,0.376,5,60.57,1,3,1,53.295,0.318265,-16.349999999999994
adc017a8-cc76-4a3d-995e-f193a19a9d82,80.72,64.39,59.2,55.89,2.74,20.9,82.04,0.343,3,66.3,1,1,2,61.795,0.324065,-14.002499999999998
9d180545-5547-4444-8033-8e14014286ea,91.51,69.54,76.96,79.89,3.79,23.0,80.0,0.287,1,70.7,1,3,3,73.25,0.17454,9.457499999999996
08348d75-1862-47c9-834d-b9fc05ef82da,89.28,62.95,58.19,64.75,2.62,17.0,75.36,0.542,2,62.25,1,2,2,60.57,0.26692,0.7466666666666697
6f62d4dc-5705-4a5f-ae08-1c08940da2b1,70.93,73.95,76.4,73.99,3.94,29.2,86.4,0.82,7,72.26,1,0,3,75.17500000000001,0.26878499999999994,7.137999999999991
c454138c-5382-4b5c-ae01-2a8c3e21de97,74.33,54.95,56.84,56.8,3.08,26.0,66.04,0.969,4,53.88,0,0,3,55.895,0.364595,-3.309999999999995
d2ac8b39-a6da-430c-820a-98231af81cca,70.91,47.23,55.57,68.69,3.88,20.1,72.04,0.867,7,59.65,0,0,3,51.4,0.35609,2.8599999999999994
3d8a6503-73bd-4308-914c-c5f7f28d91eb,66.18,67.03,54.7,54.34,3.15,24.3,99.33,0.616,4,63.59,1,0,3,60.865,0.389665,-8.536666666666662
dc864f5b-12bf-4d10-b2bf-d451078ad565,77.19,69.37,67.04,77.41,3.47,26.4,64.12,0.325,7,63.11,1,1,3,68.20500000000001,0.2543949999999999,15.930972222222223
ee04c7a0-8fa0-4816-9344-b4a45699cc19,70.31,56.77,60.62,42.26,2.44,25.0,64.32,0.269,7,48.76,0,0,1,58.695,0.415895,-13.237321428571427
3fb7d0b8-c84b-4be4-ae77-e59f32fb5427,92.16,85.79,81.21,86.34,3.84,25.5,84.34,0.63,3,79.54,1,3,3,83.5,0.12184,18.65777777777778
be8a4aaa-83ab-48c7-8127-436412fd805d,72.02,49.57,59.46,54.4,2.52,21.8,87.55,0.648,4,54.05,0,0,2,54.515,0.385175,-15.966000000000001
26cc794a-d88f-4367-8ae1-f78be496ae9b,70.55,82.94,73.56,73.84,2.93,27.7,78.44,0.503,8,74.43,1,0,2,78.25,0.26153,12.842500000000001
7983ae2f-18de-45f8-a6b6-639d5912653f,95.28,59.01,54.47,52.68,2.33,25.0,79.91,0.358,6,64.83,1,3,1,56.739999999999995,0.29062,-4.521666666666675
80ba9845-83d7-41e1-8366-4d9db611aeba,96.9,63.64,63.01,64.75,3.07,24.0,79.61,0.3399999999999999,4,73.51,1,3,3,63.325,0.22817499999999996,4.435000000000002
12ce6bb4-6631-4325-9c43-cd5e37b94304,86.0,61.22,55.73,50.4,2.38,24.1,86.06,0.512,7,60.36,1,2,1,58.474999999999994,0.329375,-16.15999999999999
2b501ed8-ac37-4230-a76a-76ed073a54a8,73.51,68.75,76.9,78.06,3.08,24.5,79.07,0.391,6,73.22,1,0,3,72.825,0.25330499999999995,7.4566666666666634
a46e4d89-0df9-4842-a7da-7b687b65d137,71.51,48.49,48.42,46.75,2.65,24.9,83.23,0.2299999999999999,3,60.18,1,0,2,48.455,0.428345,-13.321666666666665
6f046c68-2e6b-4bb7-80c0-3de8b4e1ab3f,77.76,70.74,61.62,70.43,3.26,29.2,73.1,0.8,5,66.74,1,1,3,66.17999999999999,0.27913,-1.2025000000000006
fd17491d-270a-4e35-b865-59bd016877ca,87.79,56.66,71.05,62.38,2.91,24.3,96.63,0.122,1,74.54,1,2,2,63.855,0.270135,0.9410000000000025
198b3ccb-beb6-4608-a752-175d78a525e9,77.26,50.48,52.24,50.26,2.38,24.2,84.71,0.558,2,62.51,1,1,1,51.36,0.3861,-17.191428571428567
00320364-d3dd-458f-a80b-1c063fddda84,82.05,63.86,65.79,57.59,2.8,29.2,76.9,0.94,2,65.53,1,1,2,64.825,0.304555,-7.569999999999993
5e85e59a-cb39-41f5-aa1e-de1cfa93f91b,68.82,72.87,62.89,66.24,2.89,23.8,79.54,0.939,3,63.85,1,0,2,67.88,0.32236000000000004,4.716666666666654
e7c03271-3d7c-4b2a-851c-dc676a77e2e0,84.12,80.23,72.91,69.46,3.98,30.0,67.34,0.329,5,74.87,1,2,3,76.57,0.22543,6.986666666666665
ad2c8126-f540-472f-a33d-b2145b3cc2c4,91.43,60.73,62.05,68.18,2.77,23.1,85.39,0.9,3,61.48,1,3,2,61.39,0.24556999999999995,6.175000000000004
66f603d3-56a3-4e04-aa09-cebcf24d741c,84.92,64.63,68.34,67.18,3.64,22.6,95.28,0.932,4,66.97,1,2,3,66.485,0.25932499999999997,3.2522222222222297
92078991-e691-4191-849e-42115ca9ef98,88.46,58.91,56.17,57.52,2.55,15.5,87.78,0.6519999999999999,6,59.65,0,2,2,57.54,0.30097999999999997,-4.133999999999993
8d1c387f-7325-4b45-b775-5eb1b191bb07,80.95,47.51,46.56,50.58,2.05,16.9,70.45,0.419,8,52.52,0,1,1,47.035,0.38335499999999995,-6.676666666666669
c14e3058-4e5f-48db-a523-632efe1536eb,88.67,56.27,49.26,50.71,2.53,21.5,83.88,0.8619999999999999,2,55.82,0,2,2,52.765,0.33489499999999994,-14.657500000000006
ea54b469-d741-4350-a4a2-a896c866dd44,68.07,85.44,83.0,75.64,3.57,25.6,85.48,0.5519999999999999,6,68.86,1,0,3,84.22,0.24814000000000003,3.8328571428571507
01d51609-377b-4fd4-a3d6-44047d12c318,86.05,74.26,63.56,51.39,2.81,16.0,85.4,0.588,8,61.82,1,2,2,68.91,0.2949,-12.5
975b3b73-ebee-44f3-bf60-f9cb193cd7a2,83.79,63.31,52.5,57.93,3.12,15.3,74.37,0.774,1,58.63,0,2,3,57.905,0.317335,0.0
9a5b79d3-c85d-460d-ab91-94ddae98ac0f,77.39,52.16,57.61,61.9,2.84,19.3,83.43,0.96,7,55.34,0,1,2,54.885,0.34008499999999997,2.033999999999999
d2a4edf9-e89d-4a02-b640-83d488f9d2c1,95.02,67.12,72.36,63.06,3.14,21.0,82.47,0.436,3,74.36,1,3,3,69.74000000000001,0.22152000000000002,-3.1000000000000085
57ba6d74-30ce-4c8c-8a8b-c822198bae95,89.67,57.21,53.55,58.81,2.58,18.1,79.73,0.934,3,58.73,0,2,2,55.379999999999995,0.29875,-10.602500000000006
a4ef9f75-1b08-403b-96f3-e74462cf5f57,82.07,81.75,85.04,83.93,3.74,24.4,91.64,0.319,2,83.74,1,1,3,83.39500000000001,0.16974499999999998,18.817142857142855
35c36c95-716e-4542-8623-53f8c49a4593,80.43,61.1,61.53,62.29,2.72,27.5,78.19,0.292,8,65.57,1,1,2,61.315,0.307465,-4.289999999999999
e52f75ca-b6d5-48e7-96a3-d9d92b0e53b3,79.53,65.52,67.59,64.71,3.18,25.8,77.82,0.975,4,67.92,1,1,3,66.555,0.28808500000000004,-1.8866666666666703
16339f2c-8154-4156-b761-2d4a83152e2b,98.03,66.18,67.42,65.44,2.86,25.0,87.56,0.92,4,70.05,1,3,2,66.80000000000001,0.21115999999999996,1.1537500000000023
2dce292a-13a2-4c2e-87f6-ca8c9a724204,65.88,63.14,67.92,72.35,3.16,21.7,87.68,0.558,7,63.63,1,0,3,65.53,0.32284000000000007,4.8985714285714295
def322fd-7837-4e39-918f-8dfac9103e09,86.05,60.47,73.21,52.54,2.45,26.1,81.12,0.118,4,66.03,1,2,1,66.84,0.29766,-16.257272727272728
df875296-ba2f-40f0-8e35-90b02510898c,68.38,79.24,79.36,82.97,3.28,23.9,76.82,0.373,5,78.89,1,0,3,79.3,0.23967000000000005,22.546
fc04b9ff-3238-46ea-8727-678d9691a1e3,73.13,49.15,45.45,46.39,2.63,17.1,82.43,0.474,6,56.41,0,0,2,47.3,0.42641000000000007,-13.813999999999993
782921ec-7ad9-4ff6-837b-4f046fe7d458,91.67,58.07,56.29,60.21,2.81,27.2,91.79,0.63,7,64.85,1,3,2,57.18,0.28115,-7.472222222222221
5e945508-b687-480a-97bf-957b61ef693d,87.47,76.24,74.72,73.32,3.72,29.7,72.0,0.172,2,76.14,1,2,3,75.47999999999999,0.20372000000000004,7.135999999999996
5d71cdfc-9732-40e4-b512-d4bec78c4afc,67.84,75.6,69.91,77.07,3.3,19.9,74.3,0.683,3,65.71,1,0,3,72.755,0.27916500000000005,6.545000000000002
4588bc98-7aaf-4768-9219-d04dda97ecdb,72.21,62.9,65.79,71.78,2.76,28.7,80.29,0.381,3,70.88,1,0,2,64.345,0.302785,11.42484375
0f92ace6-ef79-4b84-8bba-b7c328a49be7,96.38,70.47,70.25,55.69,3.06,23.6,86.54,0.308,6,68.99,1,3,3,70.36,0.23633000000000004,-2.551000000000002
4582aa7d-de8f-4f26-9dee-53e589471a6e,66.53,57.36,56.51,57.1,3.04,23.0,77.77,0.8960000000000001,6,54.4,0,0,3,56.935,0.39177499999999993,-4.11333333333333
832f93d0-653c-4fd9-be5e-03934aaa5005,75.48,56.98,61.52,62.46,2.88,18.9,82.27,0.912,2,61.27,1,1,2,59.25,0.33295,0.9600000000000009
23b25ca3-0ed3-4862-ba08-05c779e3b18a,67.46,48.81,50.7,70.58,2.94,27.0,87.09,0.132,3,59.3,0,0,2,49.755,0.369155,7.234999999999999
48794134-0e0f-4aaf-9d47-e0f0b69552cf,80.34,82.38,89.76,80.62,3.69,24.1,76.91,0.7110000000000001,4,76.64,1,1,3,86.07,0.17857,12.84375
eb8f57b2-6f4b-478b-8518-e275149c2a92,90.81,67.07,64.08,59.22,3.06,16.2,64.32,0.629,4,62.13,1,2,3,65.57499999999999,0.262375,-6.040000000000006
3195acee-09a9-41de-a281-6a9ca528a217,74.57,73.13,69.53,70.13,3.07,24.2,85.2,0.189,4,71.76,1,0,3,71.33,0.27734000000000003,12.969999999999999
7ac7007d-dca2-4402-beb0-498f9d4f5523,68.78,60.24,70.04,73.66,2.98,28.7,83.19,0.915,2,67.55,1,0,2,65.14,0.30848,3.0842857142857127
92b1375b-39b5-4de5-8458-c26be603f16d,72.77,62.98,57.58,69.41,3.15,24.7,73.12,0.533,2,58.66,0,0,3,60.28,0.31984999999999997,-0.22714285714286575
fc22a3f8-a687-46d5-98de-3db0211e4266,85.2,72.61,78.12,84.43,3.31,30.3,80.37,0.775,3,74.65,1,2,3,75.36500000000001,0.17981499999999995,28.487500000000004
b692348e-6908-464c-bec0-f3600e10c199,74.3,53.44,52.31,59.25,2.5,19.0,93.17,0.827,3,64.24,1,0,1,52.875,0.366425,-7.432857142857145
ea352cf3-779a-4875-920b-5afeff57e11b,91.43,69.66,73.35,76.97,3.8,25.7,68.96,0.638,7,75.27,1,3,3,71.505,0.18885499999999997,13.046666666666674
5c851391-c063-49b3-ad1d-bff1dda33190,95.16,68.4,77.18,65.99,3.55,28.1,88.5,0.995,2,72.17,1,3,3,72.79,0.20302,-0.7792307692307787
c4dcf107-2a28-43e1-a533-08d7207d6c7a,74.46,63.68,62.54,55.91,3.03,18.5,84.08,0.329,6,63.12,1,0,3,63.11,0.3451000000000001,-6.563333333333333
966e6aba-56c3-4546-bdef-0a650bdad3ab,92.01,75.32,74.9,78.01,3.58,28.3,75.94,0.214,3,73.89,1,3,3,75.11,0.17259999999999995,9.549999999999997
e8c28f0e-dbc1-4ad2-b772-ac78b56f2a5f,78.33,61.09,70.17,66.3,3.34,29.1,100.0,0.6599999999999999,1,67.58,1,1,3,65.63,0.29089000000000004,0.4842857142857184
ec2b6258-50c9-4b7b-a5af-088d16787a91,94.48,55.54,61.89,65.67,2.88,20.6,85.09,0.916,6,70.57,1,3,2,58.715,0.24892499999999998,5.523333333333333
a933655d-8083-4f70-9ad8-1c073b14f2b1,71.02,55.92,47.86,55.76,2.46,20.0,81.92,0.758,5,51.82,0,0,1,51.89,0.39297000000000004,-0.8628571428571448
c7a868f5-237b-4fc5-987a-c806a31e28fb,96.1,67.74,71.26,70.84,3.14,25.6,86.45,0.109,5,75.52,1,3,3,69.5,0.19458000000000003,13.684791666666676
bf5c2974-8f06-45f1-b677-bbeab630b67d,98.59,53.18,55.43,65.01,3.09,18.7,90.77,0.129,2,68.92,1,3,3,54.305,0.24769499999999994,9.411666666666676
0cd42c61-764a-4d1f-b7c1-ec4fa7c3feca,98.13,71.56,62.25,65.84,2.58,25.7,63.8,0.926,1,66.39,1,3,2,66.905,0.20924500000000001,-2.4749999999999943
35ac6dc4-fa2c-496c-8cd5-38a7452ca32d,76.7,51.5,56.68,67.27,2.66,18.5,81.12,0.225,6,61.81,1,1,2,54.09,0.32911999999999997,0.37000000000000455
d8d12a8b-8562-4382-b03d-0ff7dc1c3554,94.15,64.73,66.43,62.48,2.56,26.8,77.54,0.674,8,69.47,1,3,2,65.58000000000001,0.23921999999999993,4.839999999999989
55c4a52a-1fdd-4e19-bcaa-72b678e8afda,89.21,92.62,87.43,90.87,3.93,30.4,74.28,0.239,2,87.97875000000002,1,2,3,90.025,0.100475,13.868392857142865
420e95a7-dfc1-4c89-b4dd-ef79a950fb13,71.65,53.26,47.44,39.21,2.0,14.6,80.09,0.976,2,45.51,0,0,0,50.349999999999994,0.44471999999999995,-23.740000000000002
ddf163df-961d-4642-8f96-1f0040ef79cb,73.62,51.7,60.14,40.03,2.75,15.4,79.75,0.963,7,53.73,0,0,2,55.92,0.41767,-19.761666666666663
f6dd7d16-97d5-47a0-a2ec-86851e5307c2,80.98,62.24,51.82,45.82,2.11,20.3,78.72,0.109,3,61.44,1,1,1,57.03,0.36753,-11.335208333333327
a02e2c9d-9cfe-4e2f-91ed-bd408ca209f6,92.77,78.2,80.59,73.43,3.65,24.3,99.53,0.747,4,82.87,1,3,3,79.39500000000001,0.17044499999999996,9.647500000000008
4ac92a43-06a4-49af-b8cc-87afb6c57c97,68.12,59.06,57.19,58.69,2.81,24.5,67.11,0.154,6,64.74,1,0,2,58.125,0.37707499999999994,-4.175000000000004
31404261-c1f6-4275-8c05-1f454144a279,66.96,51.31,40.86,53.95,2.0,13.8,73.44,0.126,1,52.36,0,0,0,46.085,0.432055,-7.707999999999998
4c4d1f9c-7f8e-4b43-83e2-2c0e7459568a,80.11,53.6,62.56,48.01,2.73,15.8,94.24,0.1159999999999999,5,63.35,1,1,2,58.08,0.36129,-7.195000000000007
b58cd199-04c1-4681-84c5-bd116574cde5,97.13,66.54,73.9,75.44,3.22,21.8,75.24,0.819,7,72.69,1,3,3,70.22,0.17450000000000002,10.99636363636364
2b11bef3-3136-43be-b8a4-891b3f7bcfae,76.47,62.74,62.77,51.78,2.65,18.6,73.98,0.8630000000000001,8,59.3,0,1,2,62.755,0.35051499999999997,-11.061111111111117
789565b7-bc55-4a38-98a7-19d466a4f31d,89.78,69.12,51.98,54.17,3.12,19.2,64.99,0.479,7,60.37,1,2,3,60.55,0.29672,-5.461999999999989
0756c01b-8ad1-487f-b0e3-e67b974b301b,88.36,66.41,75.51,74.47,3.26,31.1,68.03,0.4309999999999999,5,71.71,1,2,3,70.96000000000001,0.21026999999999998,5.117999999999995
ff049775-9389-455e-9c16-795a95604532,96.99,78.6,84.99,82.15,3.09,25.2,75.11,0.732,4,82.3,1,3,3,81.79499999999999,0.12020500000000003,17.715000000000003
b60870cd-7814-4934-9d74-6333b84fbeaf,68.04,54.1,50.13,50.47,2.93,16.7,82.66,0.407,2,53.23,0,0,2,52.115,0.420085,-13.299999999999997
7ed11b08-9cb9-4901-9395-8950fec5831c,93.85,50.41,53.72,51.64,2.03,13.7,75.64,0.269,2,60.14,1,3,1,52.065,0.313485,-3.8573214285714243
e83efb21-a216-4d40-962a-bca5f9f1087b,68.64,50.55,46.1,44.62,2.3,17.3,66.64,0.1679999999999999,5,47.3,0,0,1,48.325,0.446605,-13.728333333333332
98a17328-90ae-4edf-970a-3d97c60d33c4,87.15,77.57,66.79,72.2,3.17,28.9,72.39,0.148,3,75.21,1,2,3,72.18,0.21825999999999993,0.769999999999996
38e334cf-1015-497a-a8ff-79d3ba81bec7,90.36,52.17,53.97,44.55,2.45,18.3,70.49,0.392,4,58.2,0,2,1,53.07,0.3457,-11.704999999999998
4d29eb0c-9983-4b92-a606-4abf96d27352,82.51,67.43,70.82,71.13,3.26,26.3,74.83,0.243,8,67.51,1,1,3,69.125,0.249195,7.374285714285712
cff79412-1910-4f21-bb1e-5b1da6dd4848,79.63,61.77,64.56,71.64,3.19,17.2,84.47,0.471,5,65.2,1,1,3,63.165000000000006,0.277065,4.523750000000007
e43e05ed-b783-408a-9341-6641b322eead,80.07,69.15,69.13,79.85,3.45,31.1,63.93,0.827,6,77.1,1,1,3,69.14,0.23275000000000007,13.16714285714285
4fbc663e-5069-43f3-8543-6363d7f32519,78.05,66.07,64.38,58.36,2.28,20.2,89.48,0.236,7,67.17,1,1,1,65.225,0.317045,-3.1850000000000023
6d92d89b-5830-4174-a639-6352e44a52fb,80.75,61.94,53.71,68.0,2.64,26.6,75.98,0.4019999999999999,7,66.42,1,1,2,57.825,0.299525,3.5374999999999943
bb031011-66d5-4f0e-a1cf-48ff72f148d7,70.65,54.78,53.82,63.24,2.56,19.5,90.76,0.7849999999999999,3,63.27,1,0,2,54.3,0.36477999999999994,0.653333333333336
46665f3e-e2e7-40c6-bfdb-4f91624c4fc0,90.04,58.31,57.5,49.73,2.47,17.3,83.57,0.654,1,59.95,0,2,1,57.905,0.31693499999999997,-11.549999999999997
f25eb726-fe3e-4329-984b-2f1b94fbf261,85.85,61.75,58.23,63.31,2.5,24.9,75.65,0.625,5,60.92,1,2,1,59.989999999999995,0.2867,0.06906250000000114
a8d49946-dddd-4582-9663-0eaee4f4555b,74.22,83.7,85.33,84.15,3.88,25.0,83.51,0.61,6,74.72,1,0,3,84.515,0.197125,15.096666666666678
792edef8-0f9b-4b98-8c9e-abb502d45ab9,75.17,53.41,56.9,60.93,2.53,16.6,84.01,0.9,3,57.0,0,1,2,55.155,0.35106499999999996,-1.0750000000000028
824b5c18-34e0-494d-9763-86eaa27d9567,80.08,79.81,93.09125,72.91,4.0,30.8,97.52,0.851,3,80.26,1,1,3,86.450625,0.20159812500000002,10.747142857142855
2018cf76-8e5b-4e24-b472-040baa0c5a76,92.37,69.04,53.86,52.11,3.0,27.0,85.29,0.972,6,64.38,1,3,2,61.45,0.28983999999999993,-12.579999999999998
fcd715a3-fb71-4194-847b-e25d36b3d22b,67.07,65.63,61.0,62.58,2.89,21.2,79.49,0.476,6,65.51,1,0,2,63.315,0.354035,-0.6759999999999948
e7322875-e6b5-489f-8158-e464aaf05fb9,80.59,57.28,63.2,61.01,2.75,21.4,78.82,0.2299999999999999,2,63.42,1,1,2,60.24,0.31389,0.9383333333333326
9143fb64-19ca-41d3-b751-12e5049b8ac4,89.06,72.69,79.17,69.65,3.19,26.2,85.77,0.385,1,71.13,1,2,3,75.93,0.20701999999999998,14.035000000000004
8e3543e8-429f-42be-bf21-1cc957336799,82.77,62.23,62.57,63.52,2.49,23.9,71.03,0.315,5,61.44,1,1,1,62.4,0.29116,2.1879999999999953
44dbd929-bb27-4202-9fc8-d0426129e09e,76.67,62.66,67.91,76.57,3.24,16.6,88.76,0.624,7,72.77,1,1,3,65.285,0.267755,14.189
5ee80a88-73a0-4ddf-8e77-30e03bc04c94,95.82,63.18,72.01,59.02,3.22,16.7,80.72,0.523,2,60.88,1,3,3,67.595,0.236875,-3.7862499999999955
b1a636fd-4f4c-4e48-989d-d3a1c9d9b906,72.99,63.19,60.4,65.13,3.48,29.8,80.43,0.331,4,68.09,1,0,3,61.795,0.32726500000000003,7.052
1c023751-98d1-444f-a272-698e0c8558b7,93.5,51.25,63.68,52.33,2.92,28.0,81.48,0.484,6,63.53,1,3,2,57.465,0.29661499999999996,-17.196805555555557
e1f48b13-9d99-4ce3-b687-cb418a1ce7a3,71.46,43.6,56.71,47.24,2.2,21.7,82.94,0.8390000000000001,4,45.52,0,0,1,50.155,0.42197500000000004,-12.594999999999999
890a40af-9a9c-4a41-9c60-5487dfd466ba,84.03,78.13,79.43,82.25,3.01,31.4,100.0,0.404,7,79.61,1,2,3,78.78,0.18079,13.2753409090909
9329e888-f401-40c3-a894-6bd326dfb04d,71.6,75.28,70.24,75.71,4.0,18.1,79.92,0.7769999999999999,5,64.67,1,0,3,72.75999999999999,0.26819000000000004,18.52666666666665
dc7e14f4-86ca-4c0b-b361-c9803aeedba4,67.41,60.77,60.91,56.46,2.77,24.4,73.77,0.488,6,61.54,1,0,2,60.84,0.37845999999999996,-6.619999999999997
ffac51c6-ad8d-4764-b0a4-27c0d661852d,90.91,36.94,48.37,48.67,2.32,22.4,66.31,0.365,5,53.5,0,2,1,42.655,0.362385,-9.158333333333339
521baf33-f451-4114-ac5e-05ea9619fc3e,72.8,73.31,64.04,64.13,3.1,30.5,90.18,0.995,7,66.44,1,0,3,68.67500000000001,0.31038499999999997,-2.639230769230778
b94cf645-f104-46e3-ac79-d07019609690,99.93,81.91,80.82,75.12,3.4,24.4,85.6,0.77,2,73.96,1,3,3,81.365,0.13082499999999997,11.057500000000005
24fc5c37-3dae-458a-bb2c-b57e5b438972,86.75,61.45,48.54,51.15,3.24,18.5,82.62,0.49,4,55.56,0,2,3,54.995000000000005,0.334565,-8.701428571428579
2dd6970e-8404-4481-99fe-0ec517a1cfa9,95.33,60.18,59.98,54.91,2.53,18.7,80.07,0.74,6,69.41,1,3,2,60.08,0.27371,-5.215000000000003
101aff50-8205-4658-8d8d-932c2af7d5de,71.34,51.35,50.84,64.77,2.35,22.5,79.86,0.4669999999999999,3,61.86,1,0,1,51.095,0.367045,7.587142857142858
17ddf3ae-9b8a-434b-801a-4b2e50f4cf3c,66.38,63.21,68.81,61.77,3.02,24.5,91.67,0.6759999999999999,5,64.95,1,0,3,66.01,0.35113999999999995,-7.122499999999995
c10b29c8-ea38-436f-a5c3-79d200edea43,80.49,82.68,69.84,73.17,3.71,20.0,74.98,0.607,1,75.93,1,1,3,76.26,0.22975,14.028181818181828
9a8b9c29-4b50-431c-a5bb-1685979769b9,80.11,65.85,68.79,66.47,3.26,27.3,75.2,0.926,4,64.4,1,1,3,67.32,0.27819000000000005,-1.8449999999999989
898029ba-0cdd-438a-b264-1133e1284eaa,83.37,51.58,55.43,51.73,2.26,25.4,67.8,0.61,1,56.27,0,2,1,53.504999999999995,0.350815,-17.32333333333333
072a99ea-84f3-4fad-acb7-f690cd8094b0,67.93,62.46,56.5,50.59,2.44,25.4,78.17,0.128,6,54.81,0,0,1,59.480000000000004,0.3980699999999999,-16.14857142857143
4ea02e74-d53b-4884-b8e5-7556e0d07325,95.24,87.45,82.06,80.01,4.0,21.3,80.23,0.5559999999999999,3,82.5,1,3,3,84.755,0.12474500000000001,6.530000000000015
24bf1c61-4498-4661-9a2a-94b4229beffa,84.5,54.84,60.85,55.5,2.58,25.4,92.59,0.679,2,56.92,0,2,2,57.845,0.321965,2.214107142857138
68d9c2f7-d9d9-4aa1-bcef-436cc6b33753,86.41,66.6,73.14,80.53,3.17,19.7,71.32,0.102,5,72.67,1,2,3,69.87,0.20315999999999998,11.066249999999997
56f1c765-c00c-4a01-a7e4-7647e30ac5ff,70.0,40.25,53.72,34.92,2.0,14.6,77.55,0.257,6,50.96,0,0,0,46.985,0.474285,-27.614285714285714
227d128e-737b-472d-b049-7c5ea8a65d71,80.29,62.45,70.37,71.53,2.9,19.9,87.65,0.503,1,65.18,1,1,2,66.41,0.26502,10.532499999999999
0ac9418d-d5b2-42bb-bb20-a49448bb29de,92.43,56.8,62.04,75.63,2.94,28.0,82.57,0.529,2,67.0,1,3,2,59.42,0.22512999999999997,9.316000000000003
73f8d41b-7b41-4406-b06e-610e18ecfb2c,77.27,48.66,51.35,54.62,2.39,15.3,82.96,0.2779999999999999,3,63.44,1,1,1,50.004999999999995,0.377045,-14.682500000000012
0cb64920-fe73-49ff-b7ac-f60967236393,87.94,74.96,68.97,69.63,3.57,30.8,81.49,0.978,4,69.64,1,2,3,71.965,0.22345500000000001,1.8425000000000011
8330dcc0-890e-4334-abe0-2100922a2fe1,86.19,56.06,73.85,73.91,3.04,28.6,64.21,0.807,4,67.95,1,2,3,64.955,0.23864500000000002,12.820999999999998
243b95e0-9513-4942-8565-6670da3cf242,79.48,56.53,46.91,40.88,2.49,24.3,84.73,0.674,8,53.84,0,1,1,51.72,0.40428,-16.760000000000005
6b279ded-981e-4cd1-8fb0-8ded0bb77b03,78.2,71.3,78.72,77.87,3.54,25.9,89.24,0.7070000000000001,2,75.61,1,1,3,75.00999999999999,0.22856,5.019999999999996
29267691-c4e8-47d6-b7d7-b297e9634db4,86.59,68.04,73.95,69.76,2.99,27.0,73.22,0.5860000000000001,4,71.85,1,2,2,70.995,0.23137499999999997,3.0390000000000015
41fbecea-a6ff-4b20-b60b-9edb22d18b25,71.7,62.59,58.7,58.78,2.28,17.9,74.28,0.713,5,59.6,0,0,1,60.645,0.354925,1.3359999999999985
c53fe4d7-e81b-4d22-8278-97432c8fd976,71.09,58.58,64.01,69.38,2.98,17.5,87.24,0.1689999999999999,5,61.89,1,0,2,61.295,0.323615,6.494285714285709
97253d31-bfdb-4f94-b2b4-dd3394d082ff,68.82,62.93,61.78,62.06,2.78,20.7,67.91,0.346,1,60.6,1,0,2,62.355000000000004,0.351475,0.302500000000002
cf8659ed-2dc1-412f-859e-4bf4f9678243,70.8,63.67,74.53,65.77,3.05,20.9,81.02,0.5980000000000001,4,65.5,1,0,3,69.1,0.31219,1.402857142857144
75c41a44-ded8-4f94-a81b-7bd5aa34fc51,71.27,57.81,61.79,57.49,2.53,15.7,83.66,0.6679999999999999,2,63.78,1,0,2,59.8,0.36305,-4.005000000000003
647df3d3-f3d5-4aba-872c-a58564734591,89.3,66.12,53.28,56.72,2.54,23.2,75.73,0.178,3,62.67,1,2,2,59.7,0.29353999999999997,-4.545000000000002
8b7929fb-0b14-4317-a7be-69aaa8679938,89.8,69.99,65.45,61.69,2.71,23.4,87.37,0.444,6,69.86,1,2,2,67.72,0.25256999999999996,-1.1749999999999972
1edd57b2-15ce-43b3-b01a-ac13e5c85dde,68.66,48.43,53.82,44.09,2.45,24.1,72.03,0.744,2,54.29,0,0,1,51.125,0.4397150000000001,-22.063999999999993
6e70c9ca-b043-4b01-b9a6-565aabda99ae,85.08,92.8925,91.32,88.96,3.81,23.2,69.52,0.501,6,82.71,1,2,3,92.10624999999999,0.11648125000000005,27.867499999999993
d71cc7bd-e06c-4fd2-b7c4-92bba9ee9bf4,99.89,56.9,51.8,44.52,2.84,15.0,81.35,0.347,5,57.01,0,3,2,54.349999999999994,0.30383000000000004,-11.083124999999995
625af68f-5e6a-4b1d-a54b-be7ae681f9f8,80.64,67.0,59.23,73.86,2.68,21.3,80.8,0.601,7,69.62,1,1,2,63.114999999999995,0.266515,6.272499999999994
b64e6c7c-410e-4f6c-92f8-4dc7d301ad15,65.8,68.28,64.68,65.87,2.92,21.3,71.87,0.688,3,64.38,1,0,2,66.48,0.33975,4.315000000000005
481e2c98-be65-410b-95d4-c5673c867cfd,96.55,92.89,88.46,85.47,4.0,29.2,70.27,0.739,6,83.46,1,3,3,90.675,0.08536500000000002,10.253333333333345
5744bae3-62cc-4afb-b130-7a2e0cc3dde4,88.71,63.46,68.11,77.92,3.23,24.4,69.59,0.192,8,73.4,1,2,3,65.785,0.214045,12.397142857142853
cf180d55-f4ba-43d5-8196-68ae99e9d9a1,83.84,59.78,58.86,67.67,2.74,22.1,68.83,0.928,2,64.7,1,2,2,59.32,0.28367,-2.598333333333329
0f91d3a4-d879-42f6-af25-26cc8b0a62a5,82.79,72.03,70.59,67.47,3.4,29.0,71.82,0.651,8,71.2,1,1,3,71.31,0.25249999999999995,12.04333333333333
3c700a26-a202-4c34-84e9-a7912ef88f46,74.12,55.61,65.67,74.13,3.25,17.3,77.19,0.817,2,67.16,1,0,3,60.64,0.29921,2.2477777777777845
58f85275-27ef-4b99-b460-8423327cacd2,95.49,62.77,67.77,56.84,2.54,20.2,78.78,0.511,7,63.62,1,3,2,65.27,0.25171,-18.858000000000004
049b4fb8-7e20-42ee-ad04-939abda3916f,66.9,63.28,63.24,61.05,2.97,24.4,89.09,0.929,5,63.01,1,0,2,63.260000000000005,0.35946999999999996,-3.034125000000003
2d8cd176-9b2f-4481-87f4-72507dae9424,87.92,92.8925,84.54,82.89,3.93,31.6,78.11,0.631,6,85.31,1,2,3,88.71625,0.13350125,21.445833333333333
9ed8f6a4-57c4-431e-8140-f40b4f33f5fc,79.72,67.99,60.91,62.52,3.49,22.7,89.28,0.291,3,65.01,1,1,3,64.44999999999999,0.30021000000000003,1.6000000000000085
85ad0e79-be31-427f-b1ae-6782b927e40b,90.32,55.54,61.25,65.1,2.54,15.2,91.8,0.794,1,59.44,0,2,2,58.394999999999996,0.268235,1.8285714285714292
3e14fad4-7416-4c8c-8257-0c9dae3f7836,65.39,63.87,65.4,65.78,3.22,23.0,61.76,0.298,6,67.66,1,0,3,64.635,0.347195,-5.5042857142857144
103bb83d-e375-4674-8929-9e8124bbd7d0,97.99,64.54,67.11,60.56,3.11,23.4,62.45,0.3259999999999999,7,65.61,1,3,3,65.825,0.228885,-6.0533333333333275
272a140e-4c30-47d9-ac0f-8d747c9d8206,78.69,77.61,68.65,63.12,2.69,18.7,79.23,0.817,2,66.17,1,1,2,73.13,0.27649,-8.762222222222213
6eb1bd68-74a4-4456-bc73-a4b402916e2a,74.24,74.42,77.77,66.29,3.55,31.8,75.36,0.981,6,71.48,1,0,3,76.095,0.27588500000000005,-6.992499999999993
0e0bcd78-d7b6-44b8-8675-f71595fadcb7,85.34,72.9,68.42,81.79,3.53,28.5,86.4,0.6769999999999999,3,74.18,1,2,3,70.66,0.20128999999999997,17.335000000000008
ddcfe9cf-5d53-4674-a007-b9e7ab8ac24d,79.32,49.44,59.6,51.96,2.69,23.9,77.17,0.828,1,58.62,0,1,2,54.519999999999996,0.36328000000000005,-3.7533333333333303
8a30157e-1de3-46fd-956f-2169a14ab523,67.6,53.69,59.36,57.12,2.59,17.2,76.39,0.757,6,60.93,1,0,2,56.525,0.38866500000000004,-8.327142857142853
7f8cf61b-ae52-43ae-81fb-3fb27ae3556f,69.71,64.01,68.8,57.42,3.78,20.9,77.24,0.73,1,64.97,1,0,3,66.405,0.3496850000000001,-1.7212499999999977
481cd3eb-8780-41b5-afce-8f3e8c47c45e,73.95,69.41,61.95,70.73,3.85,29.1,76.23,0.252,7,71.95,1,0,3,65.68,0.29496999999999995,4.022222222222226
48431fc3-cfd6-4d25-855f-5c10bc1104e8,67.32,41.08,44.5,33.71125000000001,2.0,14.1,75.56,0.929,7,43.84875,0,0,0,42.79,0.50121625,-30.372874999999993
f03c55aa-4969-4732-9810-30d6e64c22ed,74.65,61.82,58.3,55.59,2.34,24.7,80.39,0.422,6,56.64,0,0,1,60.06,0.35445,-12.125
486e10f5-36ac-40ff-90fe-76affbc4f4dd,71.26,67.23,65.51,57.75,3.82,19.5,79.77,0.135,5,64.16,1,0,3,66.37,0.34259999999999996,-8.36999999999999
3674e5a7-8e2b-427d-9242-e6eee4c09526,80.91,64.01,64.44,57.52,2.69,25.4,93.11,0.247,8,69.29,1,1,2,64.225,0.31112500000000004,-1.6428571428571388
af1df8cd-c1f2-4f2e-9f8b-ebc60b7ac155,97.97,45.45,41.47,33.71125000000001,2.0,17.3,83.65,0.325,4,52.97,0,3,0,43.46,0.37660625,-27.767777777777766
9e737ae0-4f4d-41b4-a751-01fa0e87dea5,68.02,61.05,53.61,59.38,2.33,21.2,83.81,0.662,2,54.15,0,0,1,57.33,0.37779,-1.1950000000000003
6de78a00-fd97-46ea-baaa-ce5f7894f754,99.32,68.66,63.46,72.5,3.02,15.5,94.41,0.21,8,72.59,1,3,3,66.06,0.18704,3.730000000000004
be93ec68-ca4f-4060-9e58-b388f34f5940,76.1,69.3,54.91,62.72,3.15,20.0,82.46,0.657,3,61.54,1,1,3,62.105,0.32112500000000005,-1.8900000000000006
367d8a97-38fb-4834-b89b-cee3421fd043,92.67,69.61,79.89,68.96,3.42,19.3,78.74,0.662,4,73.17,1,3,3,74.75,0.19818999999999998,8.384999999999991
54e0b6c6-c67e-4284-beaa-0cdda11954fe,96.14,73.9,78.83,68.33,2.61,28.2,89.57,0.999,7,71.17,1,3,2,76.36500000000001,0.18135499999999996,4.837777777777781
3692b4d3-ab6d-48ec-a826-11fdefc07c1b,65.24,73.79,76.15,73.82,3.36,23.2,80.47,0.644,4,67.07,1,0,3,74.97,0.29267000000000004,9.326666666666668
f5d52e73-d377-4574-bef9-ffd176bf9f53,93.46,49.62,57.55,54.44,2.66,18.2,75.1,0.696,5,57.74,0,3,2,53.584999999999994,0.3020850000000001,-4.774285714285718
e2d77933-0175-4b53-aecd-1ff2b6bcf790,80.56,71.95,69.47,72.29,3.04,22.6,87.49,0.611,4,65.46,1,1,3,70.71000000000001,0.2487599999999999,16.405
8738c533-d1ef-40ca-92f0-cd54c028aa9e,84.66,41.22,42.83,46.38,2.38,11.6,85.21,0.939,8,52.73,0,2,1,42.025,0.39614499999999997,-15.143333333333338
8a4ff6b9-9fa1-404c-891f-ea73a041f37f,99.09,62.11,65.81,56.12,2.42,16.1,75.62,0.284,8,70.32,1,3,1,63.96,0.24339999999999995,-9.410000000000004
2cf71c8f-21cf-4d94-9cc6-bb6371648b0f,71.07,39.33,39.84,35.41,2.0,18.8,87.18,0.849,8,43.84875,0,0,0,39.585,0.490735,-23.778571428571432
a73484c8-2f3e-47fc-9b0e-4b2dc6af4f51,92.84,62.5,60.7,63.87,2.7,14.6,86.15,0.481,8,63.35,1,3,2,61.6,0.25223,0.20000000000000284
c52bd882-0c16-4d67-9480-833c84ade929,67.18,68.74,53.67,72.1,2.9,26.2,78.56,0.137,3,60.35,1,0,2,61.205,0.33136499999999997,13.121666666666663
4ce39e63-5b4a-4a1a-816d-e6546732190d,65.95,67.73,68.09,70.77,3.08,24.8,72.28,0.595,5,60.9,1,0,3,67.91,0.32016,-5.27000000000001
2b06cc2f-4228-4c8d-8708-7b1fee0783d5,87.75,55.51,57.69,51.98,2.5,21.8,84.48,0.238,4,66.27,1,2,1,56.599999999999994,0.32326,-15.806000000000004
a218ee64-e1c5-4e20-a2b1-7ae39c53e253,98.6,58.73,53.73,45.48,2.23,16.2,83.97,0.645,8,61.66,1,3,1,56.23,0.30047,-3.020000000000003
d847fe77-05c8-4d08-bb67-00d1b68b6cfa,97.69,67.93,65.26,60.0,3.54,20.1,77.03,0.8480000000000001,5,70.98,1,3,3,66.595,0.22945500000000002,-7.501428571428576
4b1a5fe2-9e74-4273-91e1-2c76c4fbed95,71.89,74.37,68.94,66.08,3.46,29.0,74.88,0.655,8,69.38,1,0,3,71.655,0.299235,3.5
9646c92f-a74f-421d-9587-a89166a0f010,86.12,71.57,69.63,72.86,3.08,21.9,81.16,0.529,7,72.0,1,2,3,70.6,0.22514,6.5460000000000065
5afb32d0-f2f9-4538-a3b1-107c86387acc,79.68,53.62,60.85,49.39,2.49,17.3,76.99,0.701,7,57.68,0,1,1,57.235,0.361405,-9.7025
f0e67338-6c3d-4fa6-a27a-a0f7d42f48d8,69.54,50.98,66.26,54.79,2.48,22.0,76.44,0.909,7,55.11,0,0,1,58.620000000000005,0.38160999999999995,-12.000000000000007
b91c9d2b-929a-4f04-9321-bcfecc0f0835,97.82,59.76,61.87,53.93,2.79,19.7,78.94,0.562,3,70.16,1,3,2,60.815,0.264485,-11.330000000000005
cfa819fa-d652-4f49-8eec-d00757905c69,71.22,68.78,59.86,78.37,2.99,26.1,75.07,0.8630000000000001,4,65.66,1,0,2,64.32,0.28704999999999997,15.528888888888886
5fa4078b-33da-4f96-bdc3-88ac41bbef7b,72.41,58.33,71.68,58.09,3.04,20.1,60.02,0.593,8,65.68,1,0,3,65.005,0.341075,0.020000000000003126
0b6da42a-678d-445b-ae7d-65f98cd8d7b3,66.03,52.64,56.07,62.73,2.79,19.7,82.26,0.995,7,54.34,0,0,2,54.355000000000004,0.38462500000000005,-4.039230769230777
ef83061b-9847-4589-b70d-4f51f734927c,89.86,55.07,53.39,61.0,3.04,27.3,91.6,0.18,3,68.75,1,2,3,54.230000000000004,0.29486999999999997,-4.689999999999998
86116db5-6480-4f97-9926-fa6f4981bc59,71.91,50.5,60.13,65.17,2.9,15.8,70.52,0.998,3,59.39,0,0,2,55.315,0.35090499999999997,0.846666666666664
5335a02f-a821-40bc-afe0-30f9a803abca,82.54,81.26,83.5,75.86,3.33,30.5,75.29,0.663,3,73.27,1,1,3,82.38,0.19512000000000002,6.090000000000003
a453bffb-b1d6-40f4-b3ac-cd8d20264115,80.67,69.34,66.77,59.26,3.26,24.6,78.74,0.155,1,66.73,1,1,3,68.055,0.29537499999999994,4.564999999999998
254a0fac-8c70-4e0b-bb5b-57784b785f39,73.45,51.16,53.89,59.25,2.74,20.4,79.04,0.984,4,55.78,0,0,2,52.525,0.370875,-6.602499999999992
abae962c-b15a-4019-a292-7911c1a93e4a,65.74,54.85,49.51,48.36,2.24,24.5,79.73,0.604,4,58.16,0,0,1,52.18,0.43542000000000003,-12.447500000000005
a9469559-0dd8-4f12-998a-9c03790d0691,78.98,64.32,69.56,70.24,2.78,22.6,74.3,0.657,2,64.21,1,1,2,66.94,0.27254,5.6299999999999955
0fadd01e-3b30-4961-8ec5-0ea9fc9c43fc,95.44,78.84,83.98,75.5,3.36,31.0,80.54,0.875,4,76.1,1,3,3,81.41,0.14751,15.344999999999999
58a65011-f6f6-43f3-941a-da0275ebf452,93.65,83.67,81.84,80.58,3.36,28.0,84.42,0.145,7,79.23,1,3,3,82.755,0.13539500000000002,6.974000000000004
520fa12f-0140-4a66-b4b2-6de045d90a13,81.7,74.58,61.84,62.16,3.09,18.4,92.56,0.357,3,69.16,1,1,3,68.21000000000001,0.28208999999999995,-5.995999999999995
c3fddb17-6e3c-409d-9f65-370ebe450d97,83.9,81.58,72.63,69.92,3.53,24.4,85.75,0.632,1,76.82,1,2,3,77.10499999999999,0.223325,1.7140000000000128
049dd6fb-67b9-4d3f-af13-0165c83e6e4c,98.22,58.03,61.07,62.86,2.5,21.4,68.49,0.253,5,63.42,1,3,1,59.55,0.23988999999999996,-3.8659999999999997
7edcd171-72bb-47a0-985c-8a3ea6115445,78.29,54.97,59.22,52.53,3.1,25.5,69.23,0.424,7,62.87,1,1,3,57.095,0.3579649999999999,-6.738749999999996
c072e6b7-eb4e-455a-bdec-7264cd94c65e,70.63,64.56,60.58,63.67,3.04,16.6,85.08,0.891,5,55.66,0,0,3,62.57,0.33876000000000006,6.795000000000002
55b296b7-d5cb-44d6-996c-e6cac60e383a,75.51,58.21,61.58,61.73,2.62,24.2,71.31,0.48,7,67.88,1,1,2,59.894999999999996,0.333085,-1.072499999999998
613c7652-da3e-4847-949a-2b771b908e1c,93.47,86.17,84.58,84.6,4.0,27.6,88.61,0.194,1,81.21,1,3,3,85.375,0.11619500000000002,17.578333333333333
d67768e6-a462-48e9-a183-c69fdec24fa0,99.96,65.67,64.53,64.34,2.76,24.3,88.33,0.589,1,65.23,1,3,2,65.1,0.21184,6.623333333333335
1061164e-2b71-4354-b242-22564e5ff006,82.27,64.05,67.47,77.6,2.77,21.5,83.77,0.246,3,68.66,1,1,2,65.75999999999999,0.24084000000000005,4.469999999999999
f97df47b-7a6c-439a-ae3e-74eb4e00c53e,92.38,49.37,47.15,48.14,2.0,17.1,69.45,0.446,6,57.39,0,3,0,48.26,0.34128000000000003,-21.590000000000003
8f63200c-4e6e-4d31-aaae-cd2e80313732,66.64,88.86,86.53,90.7,3.82,28.3,82.1,0.908,7,81.39,1,0,3,87.695,0.19825500000000001,31.127500000000005
c6b3647e-a827-4f46-900e-a26552fec223,74.75,57.91,52.45,44.87,2.98,26.5,74.86,0.5599999999999999,6,59.74,0,0,2,55.18,0.40085,-20.217142857142868
7c58bcff-d0b9-48ab-ab00-6bba5d6dae7b,86.23,74.2,77.21,72.63,3.52,27.5,78.71,0.4309999999999999,7,71.22,1,2,3,75.705,0.210075,3.2779999999999916
1a8b53f4-9ba2-4206-9c6c-1b45e97874a7,85.33,74.55,53.92,67.09,3.35,22.9,98.23,0.4309999999999999,7,67.87,1,2,3,64.235,0.264705,-2.2620000000000005
5209b88c-296f-49f2-87bb-95f9b61612b3,80.52,54.77,71.59,64.03,3.22,27.1,78.14,0.604,3,67.47,1,1,3,63.18000000000001,0.29629,3.2224999999999966
003fcc91-20da-47fa-b972-4a11b17855c3,94.93,58.41,66.87,71.04,3.71,16.9,80.68,0.8869999999999999,2,67.92,1,3,3,62.64,0.21923999999999993,-0.8379999999999939
e769b7b7-bc65-45bf-b708-66a41942e8c3,81.54,74.43,81.28,80.86,3.13,28.7,75.16,0.321,1,73.82,1,1,3,77.855,0.19769499999999998,15.75
6f7777af-8252-43ed-b819-02d9680da287,99.06,76.75,78.79,79.12,3.26,28.8,79.6,0.983,2,74.79,1,3,3,77.77000000000001,0.13308999999999993,17.465000000000003
b0e98869-fbb1-4daf-bd20-742bb23c0903,67.1,49.1,51.33,48.28,2.39,15.5,79.18,0.187,1,51.36,0,0,1,50.215,0.436115,-17.286249999999995
65854c9c-30b6-4efd-8d39-234499cfd2dc,80.05,63.56,67.37,59.24,2.91,20.5,79.09,0.653,7,62.59,1,1,2,65.465,0.305685,-2.4280000000000044
d2678ee5-4e11-4ef2-9534-391a543b4526,66.65,52.53,68.16,57.99,3.01,24.5,93.15,0.134,8,67.03,1,0,3,60.345,0.37839500000000004,-9.36714285714286
68a50f6a-9011-41d1-9c9a-cc1572db52e4,87.81,70.54,68.52,72.57,2.82,16.6,85.25,0.61,3,73.55,1,2,2,69.53,0.22246000000000002,3.5166666666666657
9a4ae240-e45b-4ada-a152-df2b95801449,74.62,57.56,59.46,72.2,2.77,20.6,83.29,0.411,7,64.08,1,0,2,58.510000000000005,0.30938999999999994,9.067500000000003
1a998e10-7505-42ad-9560-cec198a1cb94,79.18,63.49,63.67,58.06,2.39,21.3,73.05,0.741,4,60.27,1,1,1,63.58,0.31836,-1.8762499999999989
ea91ad8a-26db-415b-8063-53cddb0dc24c,81.47,62.23,63.12,56.58,3.1,26.3,76.73,0.481,8,67.1,1,1,3,62.675,0.316355,-7.089999999999996
ba38f238-2746-474f-baa7-d845219eb82d,85.26,86.04,90.78,77.94,4.0,32.1,70.39,0.907,4,79.01,1,2,3,88.41,0.15991,9.89
99e5a42d-643b-4092-b822-3c71d3fd5e5a,97.71,59.37,65.75,47.65,2.98,25.3,72.03,0.795,3,63.59,1,3,2,62.56,0.27853,-3.2950000000000017
6f8a2405-3a91-4655-988c-9edfc6b9fc8e,97.25,55.23,55.0,37.63,2.75,11.1,73.03,0.989,5,51.46,0,3,2,55.114999999999995,0.332765,-17.75666666666666
3a2a3120-9613-44ab-b9b3-ab504d6bccff,69.27,49.19,57.9,58.92,2.56,20.0,84.88,0.701,3,57.98,0,0,2,53.545,0.385525,-0.17249999999999943
e56ca6cb-fbab-4d7d-b423-52b2ba1f958c,99.54,65.07,64.8,64.45,2.53,15.9,61.41,0.915,1,63.46,1,3,2,64.935,0.21368499999999999,-6.125714285714281
34a49f15-f6a9-40fd-9bf8-0948e26dbea2,68.9,61.62,47.87,66.0,2.34,25.9,71.46,0.792,5,57.02,0,0,1,54.745,0.36216499999999996,-6.892499999999998
6d20d8de-abc9-48d4-ba83-401e586c4bc3,87.67,55.67,63.52,71.32,2.83,26.8,77.24,0.86,7,70.12,1,2,2,59.595,0.256575,5.3219999999999885
1981db38-85e4-4833-bcd8-e4cd9c1ef8a8,79.92,77.57,71.56,54.18,3.14,26.0,82.33,0.957,3,71.95,1,1,3,74.565,0.29408500000000004,-3.81666666666667
33c6f618-7319-4fa8-a898-2af16e1a2568,76.34,68.95,74.26,55.31,3.52,19.7,69.06,0.575,6,61.04,1,1,3,71.605,0.3138949999999999,-12.087999999999994
36afa8a8-a203-47eb-8853-6d1f9ac7ee33,99.2,77.91,78.55,74.7,3.7,27.9,67.22,0.411,7,73.31,1,3,3,78.22999999999999,0.14441,11.567500000000003
caa5c9e6-4895-4c66-a7e4-b66c7278fc64,96.24,61.79,66.52,59.31,2.49,16.6,88.22,0.363,5,64.53,1,3,1,64.155,0.244645,-3.164999999999999
6cd8731a-9b26-49b6-b20d-668fd1f94796,69.74,82.21,72.79,71.19,3.44,30.6,77.43,0.313,3,74.55,1,0,3,77.5,0.27497000000000005,7.53125
a926291d-aeb0-4595-a0a8-286e8a94c255,66.58,43.29,51.24,37.43,2.25,18.5,83.05,0.919,7,44.0,0,0,1,47.265,0.47959500000000005,-31.017000000000003
adf8acbf-9914-40c2-b886-9e9b5a59e94d,79.45,55.83,59.89,64.89,2.76,17.3,78.41,0.3259999999999999,8,54.9,0,1,2,57.86,0.31394999999999995,-1.7233333333333292
6b19fef2-8403-4f47-b79d-261f477d5a08,92.98,58.24,53.88,59.23,2.55,27.5,79.65,0.6599999999999999,6,63.88,1,3,2,56.06,0.28220999999999996,-6.585714285714282
d3befb78-6cfa-48ab-a4a5-27fee60c2b65,95.72,73.78,76.44,74.15,3.49,26.5,92.67,0.648,6,75.48,1,3,3,75.11,0.16933999999999996,3.784000000000006
581c6b46-eedc-4f4e-a59d-5258e2c76b29,79.41,73.03,74.13,67.95,3.7,30.2,82.39,0.263,5,75.13,1,1,3,73.58,0.25777,9.691111111111113
945e08fd-2680-476a-b1fe-346d10391629,81.3,71.06,93.09125,92.28,3.71,30.0,94.98,0.374,4,86.56,1,1,3,82.075625,0.151733125,19.664
2a30935e-14d8-4137-9e9c-134bf95381fe,86.9,73.2,67.58,71.72,3.42,20.9,75.66,0.1149999999999999,3,69.93,1,2,3,70.39,0.22607,3.6940000000000026
e157e3ea-91f0-4e2f-9aa5-1534d36a202a,71.65,47.82,51.33,44.15,2.33,20.4,75.18,0.264,5,46.01,0,0,1,49.575,0.43222499999999997,-13.034285714285716
3e36bd40-3999-4c54-a362-1081fa4509cc,91.52,84.0,83.69,84.64,4.0,28.6,83.42,0.191,8,86.07,1,3,3,83.845,0.12846500000000002,21.325000000000003
904a275b-2395-40ff-b087-8f093b800f78,89.98,57.03,50.4,66.76,2.67,21.3,75.8,0.784,3,63.88,1,2,2,53.715,0.27865499999999993,7.160000000000004
3ac7ab0b-1f98-4be3-bddf-e1815c6a1dc4,85.5,66.35,58.15,63.09,3.01,17.9,79.1,0.4049999999999999,1,64.12,1,2,3,62.25,0.28198,-0.39333333333333087
20862af6-dd84-4638-b252-75b56f1f19d3,74.0,38.1,46.04,42.63,2.8,18.3,77.97,0.876,6,47.57,0,0,2,42.07,0.44989999999999997,-12.5
a5d208d5-d1dc-473e-8325-067b7edc58a9,65.67,83.66,82.45,80.42,4.0,29.0,92.22,0.237,7,73.57,1,0,3,83.055,0.24689499999999995,14.74444444444444
b4cd9ce0-9c80-469a-850d-3f792b4a95c0,73.34,77.64,67.02,86.07,3.23,28.6,83.1,0.727,2,78.67,1,0,3,72.33,0.23144,17.488
884cf891-c8be-4136-9a8e-bb8d5c569102,94.91,64.94,60.55,56.69,2.15,21.7,83.83,0.316,4,63.3,1,3,1,62.745,0.262055,-6.715000000000003
bdb273f7-0744-43e4-88a1-c7dca6df7487,69.9,71.76,56.57,58.94,2.4,21.9,81.16,0.765,3,59.74,0,0,1,64.165,0.3510849999999999,-2.3262500000000017
3a997c5c-d01e-463d-936b-c576d4f4374c,91.17,59.55,59.14,59.54,2.58,22.6,72.13,0.927,1,55.03,0,3,2,59.345,0.278665,-8.353333333333332
777f2fc7-070d-4cbf-b098-979ebd22339d,65.17,69.0,55.51,61.22,2.78,17.6,90.01,0.393,5,67.66,1,0,2,62.254999999999995,0.368895,0.2942857142857136
275b07b4-f818-4868-9234-21fab758fc8e,83.89,63.13,72.19,68.38,3.19,26.1,89.63,0.934,8,65.02,1,2,3,67.66,0.25632,-1.032500000000013
19bc8cc9-3df6-4440-8062-7d6595397347,81.81,56.92,42.9,49.43,2.58,19.1,76.26,0.243,8,52.36,0,1,2,49.91,0.37474,-14.325714285714284
54d9d190-ff8d-44cf-85c9-7f13be42b033,67.12,73.85,59.7,68.49,3.01,18.2,83.82,0.967,6,64.37,1,0,3,66.775,0.325725,4.0092307692307685
45267bfb-971e-4ea1-a09e-7b96302df088,78.97,43.99,55.03,65.18,2.58,14.2,69.02,0.355,2,59.98,0,1,2,49.510000000000005,0.34004999999999996,2.4916666666666742
1e1ae886-c6b0-4ecb-a74a-cf613f772fbb,99.33,66.51,66.95,54.96,3.57,19.6,71.07,0.96,3,61.99,1,3,3,66.73,0.23760999999999996,-4.905999999999999
0ee2b390-8bee-43dc-a072-8ba35af3bb26,78.09,66.48,64.23,76.61,2.89,29.6,78.93,0.971,2,68.99,1,1,2,65.355,0.261745,11.525000000000006
02bb02f0-7c87-417c-9b9a-de9f59f1349e,94.94,60.59,68.62,63.07,3.07,27.6,69.46,0.347,4,71.42,1,3,3,64.605,0.23721499999999998,7.466875000000002
8ab81d8f-c037-4138-a891-21ec67841f25,91.63,52.62,52.54,56.67,2.95,20.8,76.26,0.599,4,61.76,1,3,2,52.58,0.30573,-8.244
b87bd6b3-ec6a-4a01-8651-28a6ed074ba3,91.07,61.28,55.1,48.43,2.5,23.6,93.92,0.975,5,61.24,1,3,1,58.19,0.31586000000000003,-18.166666666666664
21b9fe6f-7e78-4806-a747-6f89f0a37bf9,77.52,44.74,45.3,43.19,2.31,24.4,87.02,0.4059999999999999,7,53.79,0,1,1,45.019999999999996,0.42529000000000006,-17.11166666666667
0c801bcb-8f8f-4a08-8e98-cab46b3d788e,99.11,69.9,76.71,59.17,3.15,23.3,87.12,0.5780000000000001,7,73.47,1,3,3,73.305,0.20613499999999996,0.7196874999999991
5645abc2-de23-4fca-b410-0b26c1bc7dc6,71.66,54.79,56.72,57.47,2.78,16.1,78.29,0.833,5,52.5,0,0,2,55.754999999999995,0.37368500000000004,-13.652500000000003
751eb24c-59d0-4b3c-a320-a15227831175,70.84,67.59,64.28,57.57,2.99,27.3,78.37,0.5980000000000001,8,65.22,1,0,2,65.935,0.34612499999999996,-6.797142857142852
ce5d69f1-61c8-40af-9ed2-0dc138498960,74.55,89.39,82.63,88.07,3.57,22.7,85.23,0.728,6,80.7,1,0,3,86.00999999999999,0.17956000000000005,17.111999999999995
116eb645-0c4a-4a8c-b46a-ca7b2c5a84ef,99.65,63.57,68.66,60.68,2.35,25.2,92.22,0.317,1,68.23,1,3,1,66.115,0.221015,-2.042499999999997
1db4d2da-713f-4ccf-bf89-575e4d8cf838,66.81,49.32,61.25,61.43,2.38,25.9,74.83,0.7809999999999999,8,55.76,0,0,1,55.285,0.382615,-11.202499999999993
5b2563eb-defa-4007-b7af-b31029c484a8,89.46,62.21,58.56,59.15,2.41,19.5,73.21,0.322,5,65.14,1,2,1,60.385000000000005,0.283555,0.0
1c0f0f2a-6643-42cf-adb4-4b4c10e29df3,77.7,68.36,59.21,69.32,2.97,26.9,76.93,0.991,8,66.28,1,1,2,63.785,0.289885,11.682499999999997
f8536590-b30f-40d5-ba88-d2e0373834cb,97.89,75.98,76.29,79.97,2.98,20.6,89.38,0.866,3,73.85,1,3,2,76.135,0.140125,9.304000000000002
56228a25-46c8-40e5-a714-822e06c31455,74.24,76.16,79.52,82.65,3.8,32.0,83.07,0.1669999999999999,8,78.99,1,0,3,77.84,0.22157,16.527500000000003
85f32c77-e6d9-4dbb-bb18-b27aa6ade81c,94.44,86.43,79.64,70.41,3.43,28.1,86.83,0.312,2,81.21,1,3,3,83.035,0.16190500000000005,6.967999999999989
506c6237-a4aa-47e1-b9eb-f92371492447,75.39,46.7,39.02,43.77,2.39,25.4,83.63,0.4019999999999999,7,52.99,0,1,1,42.86,0.43855000000000005,-20.692500000000003
c1596a5f-9553-44fe-837a-4854572010ed,99.56,67.39,82.08,77.57,3.29,23.1,76.39,0.6809999999999999,8,73.17,1,3,3,74.735,0.144845,4.205714285714279
846d795a-215d-46be-b8ae-7f5221b83897,80.03,54.11,62.41,53.26,3.0,14.2,83.48,0.184,7,59.09,0,1,2,58.26,0.34531999999999996,-7.775555555555549
5ac2f4e6-9eb5-427f-8334-f4d7432347dc,72.82,66.62,72.57,64.68,2.2,19.2,89.41,0.853,1,67.0,1,0,1,69.595,0.30589500000000003,-2.7642857142857054
7fe62885-a5f2-4f6a-a7f4-21089b5f489f,98.08,58.06,49.31,57.87,2.0,25.5,80.85,0.972,6,59.44,0,3,0,53.685,0.273015,-6.82
c9f672a1-422e-496f-bb77-663e6f4d00f1,70.41,66.03,60.92,53.17,3.01,19.3,83.16,0.237,7,62.29,1,0,3,63.475,0.368425,-12.50555555555556
b80c17d4-130b-4dd2-b3c2-232401f831b2,79.25,71.11,78.43,66.39,2.67,20.2,75.97,0.7889999999999999,1,71.21,1,1,2,74.77000000000001,0.25952,0.07222222222222285
07c3e30f-7694-4de6-86c8-319c71213d00,92.2,69.49,63.93,67.11,2.59,20.6,72.02,0.941,3,64.7,1,3,2,66.71,0.22974,0.75
d3b86f43-e423-4977-bbd4-d000603496c1,72.42,64.39,60.05,64.8,2.51,22.3,78.81,0.454,2,59.78,0,0,2,62.22,0.32926,1.220909090909089
76959f27-3ccf-4f22-9ddc-85614ed6ad33,86.65,55.27,52.41,41.18,2.4,25.1,71.89,0.971,2,59.17,0,2,1,53.84,0.36833999999999995,-23.904999999999994
ba94993c-4a54-469c-8a4d-505790236b34,86.97,60.16,55.62,52.19,2.55,13.4,87.77,0.235,1,58.78,0,2,2,57.89,0.32188,-8.983333333333327
9295dfea-bfd9-421f-812b-bfa908bd8fac,78.14,52.86,56.09,61.52,2.81,26.6,92.6,0.545,7,65.39,1,1,2,54.475,0.33945499999999995,0.32750000000000057
7c312c83-a85c-4941-a221-71216f076fc3,83.85,67.45,61.99,68.71,3.43,19.7,82.71,0.8310000000000001,6,65.3,1,2,3,64.72,0.26431000000000004,-8.695000000000007
fc1f2ef7-ea49-48e0-9b6f-452dfffc23df,67.0,58.42,49.04,59.97,2.32,22.2,93.74,0.891,1,58.56,0,0,1,53.730000000000004,0.3909,3.094999999999999
b9052206-a8f8-4825-9865-001b031400af,91.63,60.99,81.11,60.51,3.65,18.1,84.94,0.772,6,68.02,1,3,3,71.05,0.2388,0.7566666666666677
ce92c13e-c8f3-4cfe-95bd-660531578da7,80.73,66.61,70.24,70.06,3.8,20.0,92.81,0.1679999999999999,4,71.03,1,1,3,68.425,0.261625,11.711666666666673
e84d2573-1421-4c20-8dcf-4ae2bf9b1cec,96.82,48.79,63.59,56.38,2.54,20.5,79.65,0.857,7,64.83,1,3,2,56.19,0.27501000000000003,-4.192
d6923507-a560-4bcc-8c0c-57607c3c73ad,84.97,63.52,70.64,71.76,3.21,19.5,87.71,0.233,7,70.15,1,2,3,67.08,0.24359999999999998,5.859999999999999
d87911c8-5e1c-4928-9b40-884ab6a7b1d4,88.17,57.08,58.53,45.92,2.0,20.7,80.47,0.485,4,56.7,0,2,0,57.805,0.33614499999999997,-18.819999999999993
a82c1030-662e-46cf-899f-fbb36885f7e3,76.56,45.11,45.42,51.55,2.0,17.6,84.56,0.281,3,57.66,0,1,0,45.265,0.40331500000000003,-13.295000000000002
30241022-8e83-44f1-8f09-90a5ecf90a59,78.93,62.89,57.61,67.13,2.43,26.7,79.52,0.8539999999999999,2,63.45,1,1,1,60.25,0.30213999999999996,5.477187499999999
ef0ead69-5284-46c4-949a-48c3ab47e150,86.16,71.47,67.26,71.52,3.06,23.0,77.98,0.8019999999999999,3,67.03,1,2,3,69.36500000000001,0.232705,-2.8016666666666765
4d5484af-460e-4b09-9a57-af1b2ff76b15,89.46,61.86,58.63,55.91,2.08,25.1,94.31,0.852,6,63.89,1,2,1,60.245000000000005,0.29369500000000004,-10.409999999999997
011161bc-fb23-43c1-8593-dbb22e465c79,66.41,46.43,51.87,45.15,2.56,17.2,62.8,0.121,1,50.44,0,0,2,49.15,0.45146000000000003,-8.875
1ed33a04-6333-4b5b-9b9d-9c82b1281548,79.6,60.17,54.84,56.72,2.79,17.4,79.71,0.231,1,62.55,1,1,2,57.505,0.338925,-2.1483333333333405
8b3ef2b9-fa14-4a65-bc43-aeebece3e950,86.8,64.7,65.35,60.77,3.41,24.0,76.94,0.212,4,72.1,1,2,3,65.025,0.27541499999999997,-7.029999999999994
8df78f15-b7ab-40f6-b99a-f29e147049ec,79.18,48.13,58.99,52.2,2.37,23.7,90.78,0.807,4,53.61,0,1,1,53.56,0.36599999999999994,-8.888999999999996
fc9d48a3-688f-4153-896a-308abcfd143a,70.74,52.47,47.85,56.28,2.0,16.7,86.44,0.371,1,54.4,0,0,0,50.16,0.3977200000000001,-4.073333333333331
d5f2103c-0a95-48ad-b366-8238c171c17d,83.68,70.65,75.12,74.31,3.19,20.8,59.64,0.995,7,69.5,1,2,3,72.885,0.22369499999999995,7.540769230769229
0d92a539-321c-4c80-9ae0-956449f05bdf,94.3,65.66,61.57,72.48,2.61,26.2,76.18,0.465,5,71.77,1,3,2,63.614999999999995,0.21451500000000004,7.751428571428576
04a560f0-f084-43e1-846c-844a03c103ce,92.44,75.73,69.54,76.3,2.91,20.5,77.12,0.8710000000000001,2,69.63,1,3,2,72.635,0.183435,8.451999999999998
3f8bdb0b-bf7f-44a2-9a91-fbf32d936072,91.66,86.02,81.11,81.55,4.0,24.3,79.44,0.212,4,81.72,1,3,3,83.565,0.13801500000000005,13.75
ca35037b-c5a0-475f-91e5-1f56797cc59f,70.43,46.99,44.37,46.95,2.22,23.1,81.04,0.696,8,47.57,0,0,1,45.68,0.44038999999999995,-12.264285714285712
148c6ff2-6e0a-4e29-b4cc-bccb1588adc4,76.68,53.11,63.8,65.53,2.66,27.6,86.95,0.914,4,61.95,1,1,2,58.455,0.321325,-2.623333333333335
07d8485b-e744-46be-ad70-c393097ba36a,78.69,57.76,54.41,53.15,2.18,24.8,69.34,0.325,3,61.42,1,1,1,56.084999999999994,0.35753500000000005,-8.329027777777775
1c277c1c-e2bc-4180-b337-02550ab0de1a,96.54,73.72,71.48,79.9,3.21,22.1,81.3,0.1689999999999999,2,78.03,1,3,3,72.6,0.15633999999999998,17.01428571428572
e096c311-a05d-42a4-9b72-86d3d03b9217,95.28,55.66,59.41,59.25,2.54,14.4,87.24,0.601,7,59.08,0,3,2,57.535,0.268525,-8.337500000000006
cbc6b1ec-db87-45df-8e0e-ee9ea31a1335,72.99,50.56,53.6,57.33,2.36,26.6,91.3,0.975,8,60.05,1,0,1,52.08,0.37981000000000004,-9.266666666666666
0d629634-cd74-4347-8285-6d8547d8ac24,73.67,64.37,59.93,66.49,2.72,16.9,88.62,0.8400000000000001,5,60.42,1,0,2,62.150000000000006,0.3194,-1.1300000000000097
18e1e86d-b101-4ce3-9d34-79a9489ecb8a,84.76,59.24,56.22,54.39,2.45,25.3,90.05,0.635,2,69.2,1,2,1,57.730000000000004,0.32459999999999994,-1.519999999999996
1798046b-7e8d-4862-81fa-3448525a3930,66.35,52.3,44.89,41.74,2.61,20.0,92.74,0.308,1,53.9,0,0,2,48.595,0.463595,-16.500999999999998
ed9b3b67-aad7-47d0-aa78-a9c7ebda8df8,87.51,64.15,52.92,69.11,3.22,16.4,84.5,0.361,6,66.82,1,2,3,58.535000000000004,0.26702499999999996,5.559999999999995
ce566454-5013-4f7b-99dd-060f892bac7d,75.39,77.73,66.13,70.62,3.44,24.1,75.78,0.967,7,64.44,1,1,3,71.93,0.27079000000000003,6.139230769230778
12f17ddb-fe84-4d60-a6a3-b9560040c97a,83.5,72.5,71.82,71.51,3.32,30.0,82.97,0.5549999999999999,4,71.12,1,2,3,72.16,0.23499000000000003,9.795555555555552
d497f379-cdf5-4112-a54c-44cd81a74211,71.12,68.83,72.48,59.46,2.9,22.3,79.51,0.959,5,66.64,1,0,2,70.655,0.325175,-5.64714285714286
7e613032-1fd7-492e-a380-921bb76043ea,65.0,68.2,73.57,74.19,2.99,22.0,77.51,0.932,1,62.78,1,0,2,70.88499999999999,0.3047750000000001,10.26222222222222
4c852e7b-f3be-4e9f-8448-739e43bb8450,82.4,64.96,65.41,65.4,2.8,24.7,79.67,0.6759999999999999,1,71.41,1,1,2,65.185,0.2786449999999999,-3.4924999999999926
3bc85d6e-082e-43b5-ba26-c451410a50e0,93.67,70.51,75.29,83.86,3.14,26.5,80.0,0.257,8,83.11,1,3,3,72.9,0.15503999999999998,21.325714285714284
43a99e96-7186-48e2-9177-a6d0e2bf6f65,67.81,55.2,55.41,59.08,2.47,15.5,87.64,0.5389999999999999,1,51.98,0,0,1,55.305,0.38560500000000003,8.232500000000002
33f0ac03-ed71-463a-8a3c-e9a49b4cadc0,85.35,77.41,78.09,83.21,3.68,24.4,74.03,0.4469999999999999,4,77.01,1,2,3,77.75,0.17572000000000007,14.804999999999993
41f60a14-42f2-4552-aaeb-c89336dd1a66,74.11,61.82,48.55,69.87,3.06,21.4,67.69,0.4009999999999999,8,61.86,1,0,3,55.185,0.328395,0.2150000000000034
9977d96e-476d-4fef-a7c3-90a329c46923,84.41,76.24,93.09125,86.7,3.27,20.9,90.61,0.754,6,79.77,1,2,3,84.665625,0.148263125,22.471428571428575
451ea5a0-3f2f-463f-a2eb-3c75a4fe68e5,85.12,47.03,50.69,52.41,2.47,19.5,76.13,0.426,2,57.44,0,2,1,48.86,0.35570999999999997,-8.317142857142855
feffcefd-223a-4cb6-a041-50f17733d355,96.78,62.39,63.56,71.08,2.87,22.2,85.35,0.883,7,69.48,1,3,2,62.975,0.210715,5.379090909090905
e13c4ad8-db4b-4436-af98-3992982cb64e,99.75,92.8925,89.32,93.45,3.37,29.1,87.7,0.173,4,87.97875000000002,1,3,3,91.10624999999999,0.047331250000000026,17.012
facdbc62-e1f7-411e-ac82-cc34f1ef7bae,80.86,71.54,68.63,65.19,3.56,17.6,82.85,0.948,2,66.32,1,1,3,70.08500000000001,0.27073499999999995,-1.5833333333333286
efbe7a7d-964c-44a0-bc23-e29bfc7711c3,97.04,63.13,63.07,58.31,2.87,21.7,92.49,0.458,7,68.44,1,3,2,63.1,0.24760999999999997,-2.564
341cbafb-19e7-441f-a874-8d2de5b0bcef,70.42,83.58,66.02,88.76,3.27,29.5,77.01,0.6759999999999999,7,70.98,1,0,3,74.8,0.22764000000000004,19.867500000000007
64e14e91-c02d-4a45-8642-c2e67bba891c,69.07,42.95,53.44,46.65,2.4,12.6,70.11,0.385,6,51.96,0,0,1,48.195,0.439185,-8.965000000000003
d0af0f76-475c-4ffd-8cc7-55999c1fbf5f,75.15,64.81,73.32,61.95,3.41,21.0,91.17,0.603,5,68.89,1,1,3,69.065,0.306355,1.955999999999996
dccb6d78-cd90-466a-ab1e-76bc270bd71c,77.4,56.76,61.49,56.8,2.53,17.5,71.78,0.891,8,56.61,0,1,2,59.125,0.34262499999999996,-0.07500000000000284
75af5043-9c01-4e52-8fa2-cfcca4ce9afe,75.83,66.76,63.49,62.61,2.97,21.4,79.95,0.946,3,59.28,0,1,2,65.125,0.31347500000000006,3.9299999999999997
11bc2a71-91ba-4eec-9440-206b5ba74c0a,81.51,65.51,67.82,75.07,3.12,18.2,96.27,0.738,3,64.36,1,1,3,66.66499999999999,0.24875500000000003,13.128
59e958f0-6de3-4c13-a4c2-42c5f64c0936,87.43,64.45,63.35,52.82,3.29,26.0,65.45,0.394,1,67.6,1,2,3,63.900000000000006,0.30011999999999994,-13.088333333333331
22a74959-7689-4000-896c-8dc1805b37c8,75.78,70.9,71.44,66.91,3.24,23.1,81.5,0.508,2,69.43,1,1,3,71.17,0.28264,8.724999999999994
2e86b0a8-14c7-4624-aa3a-7b00e607c169,76.04,57.01,64.49,52.13,2.68,21.9,93.44,0.3399999999999999,4,65.07,1,1,2,60.75,0.35719999999999996,-8.184999999999995
9c5b1617-2c43-49ca-ab45-265ea962e966,94.76,66.16,59.45,69.06,2.47,16.6,67.14,0.55,7,62.29,1,3,1,62.805,0.22536499999999995,-1.8887500000000017
e6ef759b-37e9-41ea-9f99-2fd882d7b77d,66.27,71.14,75.03,65.0,3.88,25.2,78.66,0.346,2,62.24,1,0,3,73.08500000000001,0.320665,3.2424999999999997
6d313b5d-2710-487c-887c-2fec20ca4623,81.05,83.69,91.07,86.79,3.18,22.6,78.81,0.639,7,78.0,1,1,3,87.38,0.15329,17.686666666666667
84391537-f1f0-41c1-b524-0b6f5f6e4556,83.06,85.16,83.16,72.05,4.0,23.6,63.25,0.1649999999999999,1,77.6,1,2,3,84.16,0.19913,2.626666666666665
e0e1f809-f542-45d0-8bbc-3c82c75fbe7d,72.59,60.29,64.25,58.83,2.92,22.3,80.06,0.967,3,63.47,1,0,2,62.269999999999996,0.34634,-5.650769230769228
44cc593a-5e28-45cb-8504-647a062644e2,94.97,56.88,51.53,58.68,2.31,18.4,77.19,0.798,7,59.01,0,3,1,54.205,0.281465,-5.248333333333335
2ae01a60-71ab-4e71-bbf5-31685c3d9a24,94.3,58.38,57.2,54.8,2.37,27.2,74.37,0.478,2,63.02,1,3,1,57.790000000000006,0.28503,-11.197500000000005
b0356e83-7e08-4fbd-9691-03dc7088e4eb,94.35,64.32,71.8,73.2,2.74,22.6,68.15,0.21,3,69.93,1,3,2,68.06,0.19882000000000002,4.430000000000007
5a6bdfc1-9816-4c8d-bdf4-d1ddf0276d33,78.9,59.69,65.16,63.37,2.74,21.5,90.08,0.369,4,65.63,1,1,2,62.425,0.307015,-0.10333333333333883
ff62eadc-3230-43a2-9fde-5b5e1f7b8d49,65.33,62.35,60.5,64.13,3.0,27.4,66.28,0.6759999999999999,5,60.46,1,0,2,61.425,0.36201500000000003,-4.762500000000003
6ce0f990-fd45-424f-b74f-685c3f384780,98.08,61.91,58.45,65.57,2.73,23.4,73.44,0.8220000000000001,8,64.86,1,3,2,60.18,0.23043000000000002,-0.132000000000005
22a98467-319a-4287-a474-eb346c4f0a0b,94.17,72.93,78.44,73.33,2.97,25.2,83.87,0.773,8,74.11,1,3,2,75.685,0.176275,9.405714285714282
2ded7a02-02f2-4136-9292-08ea4cded033,65.8,53.78,55.84,55.24,2.07,17.8,73.08,0.6769999999999999,2,53.33,0,0,1,54.81,0.40665,-9.214999999999996
7a98a668-537b-476f-aa71-da2e9a9b16bc,93.53,65.59,57.36,62.69,2.53,14.4,80.28,0.471,5,64.54,1,3,2,61.475,0.25338499999999997,-4.426249999999996
06cd13a4-9b5f-43f5-8aed-9eb584c2044c,85.41,60.3,52.3,54.11,2.46,16.7,88.7,0.763,2,59.14,0,2,1,56.3,0.3271300000000001,-11.381428571428572
8de1a91b-ae0f-43e2-b58f-e1a8c044ce58,78.43,59.36,66.27,64.23,3.12,24.4,74.82,0.8869999999999999,1,63.38,1,1,3,62.815,0.30514499999999994,-7.647999999999996
52622a24-85ff-460e-8f85-9f97d71aec55,78.6,60.6,57.23,70.75,2.56,17.2,71.56,0.934,7,59.61,0,1,2,58.915,0.296605,1.3374999999999915
802ddedb-e021-44ff-993e-fd32f07b139c,71.91,63.41,55.85,62.18,2.63,27.6,78.7,0.395,8,61.88,1,0,2,59.629999999999995,0.34692999999999996,-7.432857142857152
098fe12d-adb3-4f26-a8ad-0d8f12a62cf3,85.54,60.24,53.04,71.24,2.83,21.6,92.75,0.682,7,69.15,1,2,2,56.64,0.2742,11.461666666666666
d3f403ea-c2f3-41d2-86c1-a97fd4433de2,75.68,55.16,68.68,66.72,2.69,16.2,76.59,0.8960000000000001,1,57.36,0,1,2,61.92,0.31135999999999997,5.506666666666668
cd2e5a76-a3d7-4a9f-8256-d31ea20236b2,71.18,59.16,57.3,51.47,2.9,27.4,86.22,0.1399999999999999,5,66.43,1,0,2,58.23,0.38617999999999997,-7.591250000000002
0e9a335d-832a-4aa3-a9d3-05383f9a1f1c,84.92,50.93,41.14,49.46,2.08,18.3,80.11,0.764,4,51.85,0,2,1,46.035,0.373835,-14.080113636363635
4fb0966e-727c-4f2a-8172-d2d7fdf3885c,78.64,77.39,75.47,71.42,3.27,26.8,79.76,0.709,4,71.64,1,1,3,76.43,0.24189,8.64359375
5f3403da-f880-44ff-a54a-5d52a5fd2dde,77.06,53.15,54.54,53.06,2.37,19.1,91.95,0.571,8,62.52,1,1,1,53.845,0.371045,-10.463333333333331
4b7c346a-0eb0-4399-a139-08c42a3b682e,89.46,60.67,69.35,70.66,2.77,23.2,78.99,0.497,3,66.81,1,2,2,65.00999999999999,0.23515000000000008,6.09571428571428
8dac8a61-6733-4bda-8994-dad47b165d7c,65.14,78.11,75.57,70.28,3.26,27.9,79.2,0.883,4,69.2,1,0,3,76.84,0.29808,4.579090909090908
fc369230-db0c-4b01-b3d7-a34c98f9c1d2,68.85,60.46,58.01,66.6,3.23,16.2,87.64,0.612,3,62.74,1,0,3,59.235,0.34709500000000004,0.9139999999999873
3d560448-5e71-4479-b3a2-82e3c7079c59,97.39,60.72,64.27,67.97,3.46,22.9,80.69,0.5820000000000001,2,68.14,1,3,3,62.495,0.219045,2.958749999999995
7541d59b-65b9-4153-a5e8-8a68ff33d069,94.75,64.03,66.04,69.22,2.92,26.8,70.46,0.1629999999999999,7,75.79,1,3,2,65.035,0.21823500000000004,-1.0422499999999957
34e90293-56eb-4f22-9de2-787806b27932,78.2,62.17,54.82,50.53,2.69,19.4,68.27,0.327,4,63.22,1,1,2,58.495000000000005,0.360125,-12.211111111111109
af19a227-fe71-4bbf-b7ec-2ceb5cac7372,97.43,67.14,65.88,65.85,2.92,18.2,69.27,0.8109999999999999,7,64.99,1,3,2,66.50999999999999,0.2132,-4.584444444444443
3dc6604f-c0cb-4461-9259-c3035aac2afa,73.38,65.63,77.11,84.57,3.2,31.9,69.34,0.181,1,77.87,1,0,3,71.37,0.23866000000000004,18.448571428571427
d4ef9964-1406-4479-8a4f-499c502acf2c,70.1,66.78,70.85,77.6,3.15,21.8,84.17,0.5780000000000001,8,70.93,1,0,3,68.815,0.2803550000000001,19.14968749999999
e5d9345e-7c32-4c1e-9aab-eddd97032df6,71.03,82.61,83.73,78.94,4.0,31.8,73.53,0.286,2,79.93,1,0,3,83.17,0.22955000000000003,6.280000000000001
1f2b6980-7af8-4814-b04d-7ca8d44689cc,72.77,71.18,75.5,72.35,3.66,22.9,80.23,0.149,4,73.11,1,0,3,73.34,0.27185000000000004,7.923333333333332
9e5e9757-c75a-4248-a887-9c48407abe15,99.97,88.67,78.34,83.63,4.0,28.1,92.13,0.625,1,84.58,1,3,3,83.505,0.09871500000000002,20.389062499999994
19dec958-7fbb-48a3-8cc6-1f4801dbfb96,95.73,54.7,47.3,51.27,2.39,17.6,61.12,0.6910000000000001,5,54.52,0,3,1,51.0,0.31026999999999993,-15.567142857142862
05286400-1ab7-4c60-97c5-e45111b47130,75.74,46.39,43.37,45.73,2.2,18.6,94.13,0.658,1,51.24,0,1,1,44.879999999999995,0.42521000000000003,-19.07555555555556
19662e7b-3cd3-4ade-a841-ad289a69ce29,80.13,54.2,55.22,60.53,2.7,20.3,91.46,0.745,7,60.5,1,1,2,54.71,0.33376000000000006,-0.5290000000000035
a344bac0-be1f-4de8-98e9-9710a85ac099,73.36,52.19,50.22,50.88,2.77,23.4,83.65,0.323,3,61.57,1,0,2,51.205,0.40030499999999997,-11.802857142857135
c85d6ddd-0366-404c-8ce7-6e70e9d7700f,95.02,71.87,65.58,69.54,3.02,17.8,77.28,0.904,5,65.51,1,3,3,68.725,0.20512500000000003,-9.543333333333322
492a6341-5e84-4bd3-923d-5ed8e058a738,75.79,61.89,63.19,66.7,2.5,23.5,76.6,0.869,3,62.06,1,1,1,62.54,0.30911999999999995,2.2777777777777715
c82620ee-4105-4976-962e-34a9f2852626,94.09,63.57,53.86,57.87,2.97,16.1,89.46,0.637,3,56.93,0,3,2,58.715,0.273885,-8.152499999999996
41e0b9d1-0a1e-45c1-a4c3-69cf06488697,78.99,65.95,64.35,70.25,3.03,22.3,76.53,0.151,8,69.84,1,1,3,65.15,0.27784,3.0833333333333286
3be7f06f-bad3-4b84-81dd-a8db21aa127d,84.45,83.38,72.75,72.09,3.1,28.0,74.68,0.643,5,78.58,1,2,3,78.065,0.21173499999999998,7.672499999999999
40dd25a6-111e-4414-aa0e-a7c0729f4e1f,84.93,59.52,61.24,59.54,2.55,19.2,86.3,0.93,5,56.04,0,2,2,60.38,0.30052,0.3299999999999983
d4a0500a-3d06-4865-8561-95bf3d08fd83,96.0,58.25,62.03,58.28,3.07,23.0,90.52,0.136,8,61.37,1,3,3,60.14,0.26073999999999997,-6.707499999999996
717ec672-3569-45d3-a0b4-b44d68c581b0,86.25,63.3,61.89,43.87,2.48,24.6,71.42,0.6599999999999999,8,64.1,1,2,1,62.595,0.335605,-21.94571428571428
f6e3f0c6-8389-4f56-aded-75542f1b1f69,96.08,67.43,68.27,68.71,3.04,21.7,85.5,0.392,2,75.98,1,3,3,67.85,0.20600000000000004,12.454999999999998
d8567c8c-ce0a-41df-b18e-579f044f45c1,76.44,76.56,69.81,67.19,3.25,24.8,91.71,0.1149999999999999,7,70.25,1,1,3,73.185,0.273115,-0.8359999999999985
7554ebcd-48f1-4bd4-870d-503f1b577ae3,71.8,58.55,58.9,66.61,3.28,25.6,82.26,0.6980000000000001,7,65.36,1,0,3,58.724999999999994,0.33679500000000007,0.4833333333333343
e9f513ff-1c82-45ac-875b-1dfcc2ed40d8,96.29,74.29,78.08,74.58,2.77,19.3,90.05,0.391,4,78.51,1,3,2,76.185,0.16254499999999997,3.9766666666666595
993bff29-f7c1-43c3-bcef-63402c95e695,65.33,58.84,57.69,52.12,2.85,19.1,87.15,0.791,1,54.98,0,0,2,58.265,0.40752499999999997,-8.147999999999996
0768be68-6af3-46f8-9fc1-6e548929d57f,83.09,62.43,60.51,60.48,2.61,17.0,75.49,0.6950000000000001,8,61.8,1,2,2,61.47,0.30179,-1.5788888888888906
83a33766-6e20-468b-98ab-7f0e7b75ced5,85.6,70.69,76.86,75.88,3.2,20.3,88.42,0.183,5,78.12,1,2,3,73.775,0.20863500000000001,16.026666666666664
9363fffc-dcde-42f2-9b95-ed57de02529c,99.87,72.99,78.11,78.43,4.0,30.4,81.52,0.662,4,84.27,1,3,3,75.55,0.13857999999999998,17.855000000000004
9747f6a2-1822-46c5-bda4-dcfae546a5ec,75.7,68.02,73.97,72.44,3.23,26.5,71.76,0.907,2,68.11,1,1,3,70.995,0.26689499999999994,4.390000000000001
e9dd8204-deaf-42ee-b2d1-45e6c548b87c,65.26,39.71,53.49,44.59,2.21,24.5,77.23,0.7929999999999999,1,49.87,0,0,1,46.6,0.46538999999999997,-16.737499999999997
7c80ec90-2b2b-49e3-b1fc-470cd4069ada,91.15,82.92,78.92,81.22,3.26,30.9,85.51,0.502,1,83.06,1,3,3,80.92,0.14897999999999997,16.365555555555545
1db258e6-d74c-4a15-96eb-78f3019ff125,68.56,53.92,51.74,57.64,2.68,20.8,71.26,0.624,1,55.59,0,0,2,52.83,0.39435000000000003,-4.7409999999999926
55130a6c-2b09-4bea-a92b-4f4d2f906010,77.27,56.27,43.35,52.41,2.03,17.1,95.41,0.325,3,54.84,0,1,1,49.81,0.38426000000000005,-9.069027777777777
2c8a1326-9c9e-4e39-9ddb-4a8542f88853,90.15,58.93,63.93,60.73,2.97,23.8,79.53,0.968,6,62.23,1,2,2,61.43,0.27292,-2.2083333333333357
cedab8e2-bc5f-4630-91fe-86be2da15f93,76.57,50.43,46.27,42.14,2.12,17.0,92.96,0.429,3,54.17,0,1,1,48.35,0.42225000000000007,-9.82
9e2bbb4b-bbf8-4b55-9803-1bd8b873a7ca,91.55,58.82,60.6,59.95,2.67,17.2,75.33,0.11,8,64.27,1,3,2,59.71,0.27482,-0.7842857142857085
ee080729-e5a9-4067-8c91-f705e8e9129d,71.65,55.94,58.25,52.0,2.69,21.9,82.72,0.47,5,55.72,0,0,2,57.095,0.38611499999999993,-9.305
1b6a4cc0-cdd2-4572-940e-fb78d4c6fec1,78.66,68.75,76.48,84.03,3.37,27.0,84.56,0.971,3,74.55,1,1,3,72.61500000000001,0.215425,18.945000000000007
5ab0553f-b19c-4225-b14a-95d36ce8a9b7,87.02,65.78,69.88,66.98,2.74,22.7,83.16,0.152,3,72.11,1,2,2,67.83,0.24749000000000002,4.051111111111112
e57ecd7e-875d-4edc-9182-a6fc41ba1db9,80.44,66.91,72.73,76.21,3.47,29.1,89.8,0.8109999999999999,2,73.0,1,1,3,69.82,0.24015000000000003,5.775555555555556
0ebaddcb-4dc2-4567-b519-e65fb015e59c,95.8,62.58,58.61,48.38,3.13,14.9,78.31,0.222,3,63.33,1,3,3,60.595,0.289875,-13.887999999999991
3f748388-c9bf-4a17-8225-fe2786f50f41,97.48,63.05,62.87,72.38,2.89,23.4,82.74,0.632,2,73.27,1,3,2,62.959999999999994,0.20406000000000002,4.174000000000007
73195c8f-7c63-457b-8d38-6e258b486c93,86.56,52.22,56.71,59.25,2.32,15.3,79.05,0.7230000000000001,8,61.36,1,2,1,54.465,0.312615,-3.1499999999999986
5a56cf5a-acd8-4c92-84f7-79991e07563a,82.53,64.5,56.89,61.9,2.36,23.5,85.61,0.746,7,65.91,1,1,1,60.695,0.302095,0.7062500000000043
9eb6f0f7-c282-4935-99af-a86262e01f9a,88.62,68.97,67.12,61.17,3.16,20.9,80.31,0.457,5,70.93,1,2,3,68.045,0.25787499999999997,-10.97666666666666
9974e3cd-2472-4f27-abf9-df80cb6c7fb1,95.04,59.15,55.34,55.84,2.3,20.5,75.69,0.15,4,63.53,1,3,1,57.245000000000005,0.280585,-5.699999999999996
0e3835fc-807d-4604-8ea9-41ce6302b96f,92.22,69.94,64.98,82.27,2.71,29.0,98.2,0.512,2,79.48,1,3,2,67.46000000000001,0.18192999999999998,15.710000000000008
a8d899b9-b840-47d7-91f2-068746fa8742,67.01,78.07,87.64,79.0,4.0,31.5,67.66,0.993,8,73.82,1,0,3,82.85499999999999,0.24639500000000003,13.266666666666666
e7cab92c-9dfc-4823-adf6-ce02fd471abd,70.62,41.92,42.96,42.62,2.0,21.2,88.16,0.432,7,48.29,0,0,0,42.44,0.46234,-15.004000000000005
2390bde4-9951-474e-a995-00313275cad9,91.15,59.84,62.59,54.81,3.23,20.6,79.0,0.4059999999999999,6,64.04,1,3,3,61.215,0.28732499999999994,-5.491666666666667
89f83ce4-b4d1-4d98-998c-fce991992de2,77.0,67.69,65.64,62.0,3.7,29.1,89.84,0.237,5,73.63,1,1,3,66.66499999999999,0.306005,-3.6755555555555617
87fa240c-4b48-4b20-a1b7-0d54c5ab7dd2,81.85,67.46,61.56,67.57,2.93,22.9,78.82,0.123,5,71.53,1,1,2,64.50999999999999,0.27636000000000005,1.154999999999987
4b481baf-2ac3-4130-bc38-ec381abc3f79,85.67,65.49,71.69,57.21,2.59,26.8,73.28,0.8800000000000001,3,60.75,1,2,2,68.59,0.27991999999999995,-15.18200000000001
1cec73f3-472c-4bec-a6f5-b069482893d3,69.04,51.1,42.27,45.37,2.75,25.0,59.71,0.635,1,49.18,0,0,2,46.685,0.447675,-10.54
491ed328-b8fc-4745-a74c-ec3db407dd49,79.14,58.09,62.83,74.34,3.07,17.0,73.94,0.305,2,60.63,1,1,3,60.46,0.27903999999999995,8.73833333333333
52058fa8-a19b-4f00-865f-24275a2cb423,85.17,60.23,63.95,70.85,2.77,26.7,74.19,0.932,1,66.4,1,2,2,62.09,0.2605,6.922222222222217
ef9165e8-4e88-4a3a-a4f5-9de498ddfde3,71.77,46.55,56.64,49.87,2.79,26.3,75.65,0.857,2,53.55,0,0,2,51.595,0.40852499999999997,-10.702000000000005
f4c19321-06f8-4011-9629-ec777f3f8992,99.34,60.73,61.41,60.1,2.25,18.4,66.48,0.104,3,63.68,1,3,1,61.06999999999999,0.23913,-2.788571428571423
0a5e8aab-3dc2-4ea9-b798-9d84b3571e7d,70.42,55.72,58.57,65.86,2.59,23.9,79.64,0.309,5,64.78,1,0,2,57.144999999999996,0.34930500000000003,-3.1140000000000043
6127024e-b548-4216-bbcc-1b5e0d08cd84,98.59,72.45,62.45,87.04,2.76,17.4,71.05,0.808,7,74.67,1,3,2,67.45,0.14216999999999996,19.86166666666668
e272124c-51e4-4195-82f2-ce8fed277a9e,83.8,55.68,59.96,58.57,2.65,17.2,71.58,0.828,5,57.37,0,2,2,57.82,0.31563,2.856666666666669
ee9d0e5e-da0b-4a07-a2d2-7ae4a8202435,86.4,57.63,61.91,63.69,2.85,16.3,82.22,0.8140000000000001,1,57.1,0,2,2,59.769999999999996,0.28402,-3.394285714285715
819e28f7-b4a6-45df-bd17-d1e75fe420db,96.5,52.17,57.89,54.35,2.49,25.7,65.76,0.7769999999999999,5,57.27,0,3,1,55.03,0.28586,-2.833333333333343
589d5c61-8030-4289-b23c-d50a0cbdf8a5,93.73,76.08,69.51,66.19,3.0,25.8,84.29,0.118,1,74.06,1,3,2,72.795,0.208125,-2.607272727272729
eb909e96-ca3d-4c1e-993a-0eb7d070bcd0,92.0,67.38,66.94,65.98,2.56,17.8,61.91,0.13,8,69.54,1,3,2,67.16,0.23257999999999995,-0.6430000000000007
aabcfef5-8457-4fca-805a-92ee257594e5,89.3,53.88,61.43,69.76,3.38,26.8,81.04,0.951,3,69.84,1,2,3,57.655,0.2605549999999999,4.099999999999994
ce504a98-8f13-4daf-9259-6cd88f37a095,76.56,56.8,61.91,64.32,2.61,18.4,79.65,0.756,4,64.24,1,1,2,59.355,0.322735,-1.7734722222222246
f56f3c9a-2d74-4b28-bda4-501fc48aac4f,82.26,71.78,62.88,72.65,2.57,25.2,81.81,0.615,8,69.01,1,1,2,67.33,0.25101999999999997,0.7566666666666748
2103ec87-1071-456e-b676-1e48e1f19e5d,99.72,82.96,79.08,77.14,2.92,30.5,66.29,0.585,2,83.4,1,3,2,81.02,0.12664,17.443333333333342
71548ac8-a55f-48b4-b8d5-b61abe00d83b,78.45,63.27,69.04,76.04,2.86,18.4,78.83,0.8710000000000001,8,60.92,1,1,2,66.155,0.259615,8.192000000000007
710000db-a1d4-42b0-8a6e-f358ddb6cc81,80.35,62.8,59.3,65.12,2.69,26.7,80.55,0.7190000000000001,7,65.02,1,1,2,61.05,0.30009,3.7225000000000037
054484b3-55b5-48b6-8aa4-d85d058fd180,84.17,60.22,63.96,69.71,2.9,22.8,77.51,0.225,5,66.83,1,2,2,62.09,0.26792,2.8100000000000023
85342ed2-9eeb-46f9-ad47-8856b467c6fa,83.87,68.11,70.9,79.6,2.82,27.5,75.08,0.6759999999999999,1,74.99,1,2,2,69.505,0.217205,10.707499999999996
d280be68-487b-4f11-ab79-c9e663022935,92.6,53.64,55.4,43.03,2.06,15.2,85.17,0.264,3,58.22,0,3,1,54.519999999999996,0.33695,-14.154285714285713
560d961e-e783-4b98-b935-307ef0b78a49,76.58,64.03,61.89,75.19,2.64,28.0,75.19,0.605,2,72.53,1,1,2,62.96,0.27923000000000003,4.206000000000003
d43acc74-cbd0-49c0-8243-579f8c362bf5,84.96,63.31,64.73,63.51,3.11,28.9,85.48,0.8099999999999999,4,65.56,1,2,3,64.02000000000001,0.27757,-5.6583333333333385
d93d78ff-8537-406f-aa3c-b4e020937e7d,96.64,61.15,59.94,66.57,2.64,19.6,98.06,0.183,5,66.48,1,3,2,60.545,0.232095,6.7166666666666615
63eafd7d-0b98-43ce-8d2a-d7eb46efaff5,95.51,76.15,71.37,70.06,2.69,27.6,95.67,0.353,7,78.77,1,3,2,73.76,0.18649999999999994,4.876666666666665
8e552b52-8bc7-4822-820e-038eafab977b,83.4,60.22,69.86,64.52,3.36,18.1,84.14,0.714,1,75.12,1,2,3,65.03999999999999,0.27771999999999997,4.141999999999996
ea821cf9-3d85-4186-b25b-ff3c496b4939,66.85,61.72,57.14,65.37,2.54,27.5,77.07,0.5269999999999999,4,60.47,1,0,2,59.43,0.3582,-1.9449999999999932
a1bcaba2-8252-4fff-b98d-309c96d0c023,95.21,69.28,54.26,60.32,3.02,19.6,77.54,0.5599999999999999,3,63.29,1,3,3,61.769999999999996,0.25289,-4.767142857142865
feea15a3-0da1-4f3e-8c99-2be420594dc4,93.28,46.41,51.47,45.12,2.8,14.0,77.37,0.3339999999999999,4,53.82,0,3,2,48.94,0.3447,-5.962499999999999
7969d14a-0399-491b-b1b7-abad0c051769,96.4,79.8,68.59,70.55,3.47,25.2,79.42,0.266,3,75.61,1,3,3,74.195,0.18016500000000002,-0.2220000000000084
bbf0a832-f131-4c0c-bd53-966cd937c586,78.79,81.3,74.96,69.7,3.26,23.3,74.7,0.284,3,75.94,1,1,3,78.13,0.24134999999999998,4.170000000000002
496ace66-b365-4e91-909b-641a27b09a3b,68.17,67.71,68.66,57.62,3.03,20.8,63.93,0.892,3,62.3,1,0,3,68.185,0.34990499999999997,-4.299999999999997
8682f371-fd62-4584-ad68-d0e3e15576d6,71.03,83.29,79.11,82.67,3.8,23.7,83.61,0.351,3,71.18,1,0,3,81.2,0.22427,12.752499999999998
f9c7a052-70ce-4607-beab-8a5cce5a9908,90.53,84.3,76.31,77.2,3.77,20.2,84.18,0.497,1,77.91,1,2,3,80.305,0.16536499999999996,12.635714285714286
91f11e16-7c57-4df1-89b0-8b669d62aed4,86.37,71.38,72.48,60.16,3.64,25.2,82.67,0.722,5,70.38,1,2,3,71.93,0.25825,-3.87222222222222
316da97e-ef40-4715-a15c-bd381c683775,79.19,72.63,66.41,65.65,3.47,22.7,75.79,0.16,7,66.69,1,1,3,69.52,0.27773000000000003,-4.651666666666657
c0b3ea6f-fde9-426d-b17b-1693b04fbd2f,78.91,57.3,62.04,70.95,2.87,15.4,79.63,0.885,3,60.21,1,1,2,59.67,0.2925,-0.8624999999999972
351cb030-3e91-49d5-96a0-8547b32aded6,66.86,62.52,63.43,62.33,2.31,23.5,79.48,0.654,6,56.21,0,0,1,62.975,0.35664500000000005,1.0500000000000043
4fd3271b-a508-4742-bfeb-e3138a16855c,91.19,80.11,71.61,81.27,3.69,24.9,62.05,0.2009999999999999,7,79.72,1,3,3,75.86,0.16385000000000002,13.646666666666661
3bbef87f-436c-41ff-8271-c31e4887e3e5,70.6,71.28,77.2,58.02,3.71,22.6,69.68,0.301,4,63.35,1,0,3,74.24000000000001,0.32082,-8.146666666666668
bf114cc6-9f75-4d3e-b56d-deaa803cad80,69.75,55.14,63.75,63.34,3.21,28.8,86.4,0.45,5,66.33,1,0,3,59.445,0.352645,-6.6825000000000045
47316e7b-ccca-4232-a8c0-4fefd4c97a68,84.14,82.83,83.07,87.31,3.43,30.6,78.54,0.215,6,86.92,1,2,3,82.94999999999999,0.15266000000000002,27.337142857142858
ee767b93-ff52-40ae-9195-42286dd8a8e2,72.06,61.89,63.85,66.07,2.68,18.2,75.32,0.8560000000000001,6,63.13,1,0,2,62.870000000000005,0.32494,-0.7544444444444451
a9e95481-594d-43fd-80fd-14f3ba039ffa,89.68,56.74,54.21,62.3,2.85,24.4,69.81,0.624,8,60.07,1,2,2,55.475,0.28795499999999996,-0.08099999999999596
297bd867-f5c2-4718-adb0-7e160e4b029c,73.66,50.77,66.52,49.94,2.59,24.7,75.06,0.2279999999999999,6,65.32,1,0,2,58.644999999999996,0.379605,-17.71666666666667
b3a2875c-b7da-49fc-9683-3ac53c5cb31d,66.48,59.63,57.17,51.85,3.12,17.0,84.58,0.2759999999999999,4,53.87,0,0,3,58.400000000000006,0.40332999999999997,-6.369999999999997
30d5bf16-e9ce-4c88-b63e-5943c37f17b2,71.58,63.02,59.71,55.46,3.0,21.7,86.52,0.154,6,64.02,1,0,2,61.365,0.363205,-7.405000000000001
8d804543-5c05-45ba-a93e-85a856f9f61c,76.58,57.79,60.73,58.18,2.97,26.0,80.39,0.8400000000000001,8,61.48,1,1,2,59.26,0.34135999999999994,-9.440000000000005
2b6d7a30-3550-4d83-bc1c-98646cbd18d0,85.97,80.55,73.99,70.3,2.91,29.9,72.53,0.849,1,76.56,1,2,2,77.27,0.21341000000000002,11.111428571428569
5431f037-bed5-4627-82d1-d056e2e25757,97.88,73.67,75.02,72.03,3.19,22.1,71.94,0.492,2,77.3,1,3,3,74.345,0.16935500000000003,3.673333333333332
3d8886d0-dabd-4104-b1d3-3ab2194d7a25,91.88,84.69,62.63,55.18,2.81,27.0,80.15,0.424,5,70.42,1,3,2,73.66,0.24596000000000004,-4.088749999999997
95b32c06-5d50-408e-8205-339ce6846893,74.6,68.01,78.94,83.86,3.72,28.1,85.29,0.195,5,70.63,1,0,3,73.475,0.22959500000000005,20.14
13e8a0ad-991a-4915-bdee-8076e94f9e60,77.79,66.71,77.11,81.22,3.21,23.8,82.18,0.8210000000000001,8,67.51,1,1,3,71.91,0.22945000000000002,8.956666666666663
c2179fa5-80b8-4356-98fb-67936e204060,72.78,51.53,43.44,43.05,2.63,23.2,83.12,0.486,3,56.68,0,0,2,47.485,0.43727499999999997,-14.232000000000006
ae068a4a-4ebb-462b-a246-9f894544a2e1,81.28,57.57,61.2,75.71,2.92,28.1,77.89,0.954,5,69.08,1,1,2,59.385000000000005,0.26959500000000003,12.295555555555545
fd627f6f-f4e6-493e-82a7-306cf6c3a93f,86.0,69.92,69.75,63.14,3.05,22.6,80.41,0.805,4,70.09,1,2,3,69.83500000000001,0.25707499999999994,0.5600000000000023
793bece4-82d4-4e83-a7d2-7af2b3cc7f0a,87.93,75.75,75.05,68.32,3.23,22.7,79.68,0.26,4,77.45,1,2,3,75.4,0.21711999999999995,7.839999999999996
50b8cd71-fbc2-4aa0-9e63-20606c84722d,86.67,75.65,58.11,53.78,2.95,20.5,78.98,0.628,1,64.63,1,2,2,66.88,0.29134,-5.363333333333337
4ae6f7d6-8758-4815-965e-af97f4ca9434,70.58,60.82,61.83,51.21,3.14,15.0,75.91,0.353,8,59.38,0,0,3,61.325,0.380075,-13.973333333333336
65eaef77-2e23-419c-b0e5-8d2daa60fa15,97.36,48.31,48.8,47.88,2.09,20.2,80.38,0.508,2,57.46,0,3,1,48.555,0.321255,-10.305
67ca6420-a8e5-4d9b-901e-650d3cc2cf7a,84.13,44.58,47.96,33.71125000000001,2.13,18.7,71.13,0.709,5,49.49,0,2,1,46.269999999999996,0.42353625,-29.065156249999994
416e88d5-81b6-4f8f-b75d-1211d4331fc7,82.14,68.1,75.93,73.67,3.3,21.1,82.13,0.5599999999999999,3,70.74,1,1,3,72.015,0.23438499999999998,8.582857142857137
d1a86306-c867-47c2-ba29-34cbaac2c825,81.39,66.94,54.43,63.34,3.2,26.7,72.21,0.407,7,68.29,1,1,3,60.685,0.302365,-0.4299999999999926
e5407ce6-be12-463f-b633-bb090ebdc5dc,82.09,58.21,55.91,57.11,2.12,12.8,78.74,0.432,5,60.14,1,1,1,57.06,0.32913,-0.5140000000000029
8d72080c-e544-4f35-a5c1-a8bdd5dfe456,93.81,63.66,67.18,71.3,2.64,22.9,85.13,0.274,4,70.98,1,3,2,65.42,0.2146,1.9599999999999937
7825aba2-5c0e-4f7c-8d8b-a4636f76bf5b,73.59,63.44,62.98,71.02,2.43,22.1,83.78,0.288,5,67.32,1,0,1,63.209999999999994,0.30295,-0.9099999999999966
20d9843d-cb43-4777-89ca-112e545754c7,80.13,67.05,73.19,67.67,3.37,25.5,74.65,0.92,2,72.43,1,1,3,70.12,0.26610999999999996,3.3837500000000063
7e49929c-2fea-4396-bd25-1ab8352509f2,86.42,86.61,85.17,80.22,3.47,27.8,90.21,0.193,4,86.11,1,2,3,85.89,0.15599,14.178333333333327
d6715286-8682-4c6b-b351-8c83eb790781,92.47,87.43,79.6,87.52,4.0,21.0,76.24,0.966,2,79.72,1,3,3,83.515,0.11701500000000001,22.49799999999999
78acaa66-3242-4562-951a-67e85666ecc7,96.24,68.77,64.7,57.65,2.23,24.0,85.51,0.156,6,69.86,1,3,1,66.735,0.24188500000000004,-4.7933333333333294
28a8b0ed-e28d-470d-a6d7-de6ebdc636da,78.21,59.28,66.79,63.5,2.96,27.8,86.76,0.347,5,64.8,1,1,2,63.035000000000004,0.307555,7.896875000000001
188f0136-f4a5-4353-b93a-34ad8d1ea3ea,94.7,55.64,61.2,63.33,2.91,19.4,89.21,0.669,4,64.74,1,3,2,58.42,0.25595,1.2920000000000016
b1024e59-5ee3-4ba7-b588-2fe9cd24fb58,66.15,47.99,39.13,41.15,2.0,24.4,83.98,0.693,8,52.3,0,0,0,43.56,0.48127,-15.671000000000006
72f40ad6-957e-4408-a185-1cdf878f5c38,80.7,59.73,74.91,58.45,2.49,16.2,74.33,0.124,3,70.48,1,1,1,67.32,0.29989,-1.7683333333333309
0122d120-5d72-42bc-aeb8-73b32522a0d2,86.46,58.62,66.97,64.66,3.01,23.6,76.46,0.2029999999999999,1,68.69,1,2,3,62.795,0.271795,1.759999999999998
4f772767-e76a-4eab-9fa6-019a86f227ad,70.46,75.45,67.31,64.11,3.16,21.6,87.24,0.679,7,66.08,1,0,3,71.38,0.31169,10.824107142857137
e89574fd-4db6-4d53-b212-04bbe0097189,93.97,62.06,67.49,71.86,3.03,18.2,74.69,0.998,8,64.52,1,3,3,64.775,0.214215,7.536666666666662
b9438cae-4ce2-464d-9170-6bfb8fd81bea,69.42,46.89,51.79,61.44,2.6,22.5,76.27,0.833,5,54.64,0,0,2,49.34,0.38998,-9.682500000000005
0e3d4dd5-6fc7-4ffa-97df-c26c52b3e1c5,77.41,51.9,60.82,52.1,2.5,20.9,82.31,0.8949999999999999,3,56.48,0,1,1,56.36,0.36497999999999997,-6.239999999999995
a8da633c-21ad-4f5b-b59e-e335ca08c99d,67.22,62.93,62.69,68.44,2.93,26.3,78.68,0.522,8,62.47,1,0,2,62.81,0.33736999999999995,3.25
e1464256-930e-4ba0-953e-47663687323c,71.9,75.51,76.87,73.78,2.79,30.5,79.88,0.42,8,70.62,1,0,2,76.19,0.26249,6.304000000000002
b9117fd8-6be9-4f39-b867-878f386633ce,84.35,84.34,74.47,70.21,2.95,30.1,85.06,0.409,3,73.1,1,2,2,79.405,0.21375500000000003,-1.011250000000004
97cbd684-e122-4637-bdb6-06bc15d132af,79.81,57.16,55.5,48.63,2.37,16.6,81.78,0.767,2,54.09,0,1,1,56.33,0.3658799999999999,-17.618000000000002
408d0797-bc0c-4f7f-80c2-a5de75b6432d,97.97,84.65,81.48,77.32,3.41,30.6,77.31,0.722,8,83.06,1,3,3,83.065,0.12696500000000005,13.287777777777777
c5ae9891-0211-4f62-9048-6fbd184a5bb1,97.69,63.41,62.0,63.28,2.69,24.7,75.13,0.466,6,71.95,1,3,2,62.705,0.23128500000000002,0.8657142857142901
e6870523-086b-4e21-995e-6949498e929a,98.87,65.87,68.01,52.52,2.87,23.7,73.39,0.184,5,62.92,1,3,2,66.94,0.24613999999999997,-8.515555555555544
e4be3c9f-316f-4b6b-9e93-e780bfbcce9b,81.79,63.04,57.51,54.72,2.52,15.7,82.72,0.432,4,61.42,1,1,2,60.275,0.327855,-2.9040000000000035
7a15c657-a264-4d03-a504-b26739744066,65.87,52.58,49.06,62.33,2.44,21.9,75.01,0.767,6,56.45,0,0,1,50.82,0.39707000000000003,-3.9180000000000064
33db55d4-e5d0-4b2e-8011-8212691cee5c,69.34,70.47,65.16,70.59,2.77,26.8,81.63,0.613,7,70.61,1,0,2,67.815,0.307425,9.130000000000003
b3a2d3eb-768e-4667-90a5-2b40cd827268,70.9,65.25,61.64,53.77,3.6,17.5,86.68,0.8710000000000001,4,63.61,1,0,3,63.445,0.36475499999999994,-14.077999999999996
698e44e4-c3da-4e2d-a0ad-2fc7d928d159,88.92,58.37,67.62,56.75,2.79,22.4,94.54,0.8880000000000001,1,68.07,1,2,2,62.995000000000005,0.285085,-4.832000000000008
3cad3374-f117-4f0a-b494-b64b7ada75a9,95.72,74.7,63.69,59.02,2.47,20.1,83.57,0.36,3,69.22,1,3,1,69.195,0.23247500000000001,-2.896666666666661
ca9623aa-60ff-4025-a989-23713719d272,84.43,59.91,61.04,54.22,2.79,17.0,84.14,0.4509999999999999,7,57.71,0,2,2,60.474999999999994,0.318195,-8.428000000000004
d5a6e787-6871-4ef9-8a7e-94482c895649,92.33,71.65,70.21,60.51,2.98,19.6,88.78,0.13,5,72.32,1,3,2,70.93,0.23636,-6.113000000000007
75736f65-798f-4734-9618-14f06bb1435c,99.37,55.38,52.47,54.69,2.0,23.2,76.67,0.585,2,59.23,0,3,0,53.925,0.27667499999999995,-5.006666666666661
ca665e4a-92f0-4c33-80cf-3e45acbdd249,90.67,76.49,72.03,65.64,3.7,26.3,84.0,0.186,6,77.82,1,2,3,74.25999999999999,0.21762,-0.14000000000000057
4e45c454-45fc-46fb-baca-b437fc056bbb,87.79,74.44,67.63,77.97,3.56,30.0,77.84,0.75,7,75.16,1,2,3,71.035,0.20182499999999998,6.659999999999997
52831668-00df-4613-bb71-08315ff20dc1,85.22,51.82,49.82,56.41,2.0,20.2,79.34,0.8160000000000001,6,57.05,0,2,0,50.82,0.33743,-4.31636363636364
abdc1cbb-dfd5-431a-b0f8-28daa07233ea,99.24,62.82,74.71,60.01,2.81,21.1,80.91,0.533,3,69.68,1,3,2,68.765,0.21671500000000002,-9.627142857142864
32dcf72e-3a55-4567-8919-36fb9320f7a2,65.79,67.16,68.24,67.73,2.79,28.6,77.71,0.945,4,67.27,1,0,2,67.69999999999999,0.33055,-3.817142857142855
4ad0bdec-0a6c-436f-af33-8d306551a4df,93.92,67.24,74.56,57.1,3.09,22.9,68.55,0.956,6,66.24,1,3,3,70.9,0.24031999999999998,3.065000000000005
64576d1b-ea4d-41af-9a5e-3131541e1110,77.35,68.42,62.63,71.72,3.25,18.6,79.51,0.746,5,63.96,1,1,3,65.525,0.278865,10.526250000000005
efb2ea9e-ac86-4ca9-98fc-53d417658175,77.61,75.76,83.82,78.28,3.74,25.8,72.89,0.571,5,74.15,1,1,3,79.78999999999999,0.21535000000000004,14.756666666666668
0afabf29-4826-4df4-9c41-c37e108e42a4,77.54,84.14,92.05,83.59,4.0,25.6,82.71,0.833,8,82.26,1,1,3,88.095,0.17478499999999997,12.467500000000001
f5b8837a-1a6b-4caf-8efb-83b52b0c6693,83.03,62.02,69.04,63.46,3.0,16.9,73.32,0.828,7,65.39,1,2,2,65.53,0.28091,7.74666666666667
8213ba7e-a996-47aa-9c0d-aaf45f023075,72.4,67.14,61.94,72.57,3.54,23.8,75.62,0.865,7,66.69,1,0,3,64.53999999999999,0.29907000000000006,4.799999999999997
ec069a2c-8b44-44a1-a0b1-19912737b71d,79.09,56.41,42.64,39.24,2.56,16.6,81.86,0.392,7,52.99,0,1,2,49.525,0.41734499999999997,-17.014999999999993
4189bcf9-a00b-4ece-85a1-17370612709d,72.58,91.19,90.12,94.26,4.0,33.2,79.82,0.343,2,87.97875000000002,1,0,3,90.655,0.154935,24.367500000000007
d32cbabb-a3b3-40c4-b739-958c10413722,70.37,62.74,49.73,53.98,2.71,15.3,83.13,0.999,3,55.43,0,0,2,56.235,0.38787499999999997,-9.51222222222222
fc41ed40-9c91-46e7-85e5-89b13657d6c6,74.04,78.13,85.99,80.58,3.54,30.2,80.51,0.251,1,76.28,1,0,3,82.06,0.21592,21.64982142857142
a9d26597-45ea-470d-b468-9bd7c29f1189,92.1,68.45,70.6,55.18,3.37,29.0,81.95,0.6849999999999999,7,67.69,1,3,3,69.525,0.257485,-8.643999999999998
e507b57b-299d-4b83-ba68-b77d4f146db9,80.12,59.37,73.12,47.59,2.41,20.7,71.26,0.721,5,58.69,0,1,1,66.245,0.33801499999999995,-5.182499999999997
2915c177-4932-4f4d-820b-a165301da32d,82.44,63.67,68.86,56.07,2.7,20.8,79.71,0.818,2,69.7,1,1,2,66.265,0.30323500000000003,-4.630000000000003
30ffa179-7342-429f-a7a1-2bcd43b12e2c,93.45,71.15,79.2,68.64,3.07,19.7,84.36,0.673,7,67.48,1,3,3,75.17500000000001,0.19475499999999996,5.428333333333335
7c5985f8-12e7-483c-8b9a-88f22cc9d1f2,96.36,84.14,93.09125,74.0,4.0,27.0,70.12,0.4,6,83.12,1,3,3,88.615625,0.12671312500000004,10.626249999999999
493dc576-7b49-4ee6-a283-ed7f2d9e7f14,67.63,68.2,60.41,51.53,2.89,20.0,83.18,0.807,5,58.83,0,0,2,64.305,0.38197499999999995,-9.558999999999997
c3cdc3be-e77a-4134-b671-9575d7fee82c,69.09,44.43,59.82,53.27,2.8,21.8,75.27,0.561,8,58.41,0,0,2,52.125,0.4074549999999999,-8.11333333333333
c81cfa10-85d9-48a3-9bc2-2ce31ebc1c7f,69.23,50.24,47.62,53.25,2.08,23.3,73.92,0.73,8,57.75,0,0,1,48.93,0.41653999999999997,-5.891249999999999
7f1aa3bb-e973-43cb-852e-ee5814f7789a,75.23,54.81,51.76,62.62,2.0,17.6,86.98,0.5980000000000001,7,59.97,0,1,0,53.285,0.351365,-1.7471428571428547
65e4d3b5-2947-43ce-91f4-4a8c51afd4d8,66.66,76.14,73.76,77.89,3.67,29.9,76.67,0.662,5,69.42,1,0,3,74.95,0.27484,17.314999999999998
8a5d4191-4d49-4dba-8d68-db082eaa3182,67.9,36.5525,45.85,33.71125000000001,2.0,18.0,83.42,0.8859999999999999,5,45.24,0,0,0,41.20125,0.5036624999999999,-24.370357142857138
1e18a16b-c2e4-4911-a6a3-1bb43ccc2dcf,82.85,63.87,53.36,57.77,2.91,19.6,75.9,0.35,4,59.68,0,1,2,58.614999999999995,0.31944500000000003,-5.4424999999999955
79eb69b0-bdc9-46b6-b703-534b97f583ef,93.81,61.64,55.4,57.22,2.78,20.8,85.35,0.305,3,65.13,1,3,2,58.519999999999996,0.27753999999999995,-8.381666666666675
92151f18-6083-418a-909d-b3479c8b7e08,85.11,66.59,64.79,65.41,3.64,26.8,82.67,0.31,2,75.99,1,2,3,65.69,0.26626000000000005,1.192857142857136
abc3e6eb-7037-42f2-b485-ff043a6f742b,71.27,68.47,79.51,67.88,3.52,26.8,79.23,0.557,8,73.02,1,0,3,73.99000000000001,0.28931000000000007,0.8317499999999995
8759f9f0-eda0-43a7-91cd-42657e1a3b0a,98.63,63.39,58.02,63.71,2.82,23.0,71.93,0.8380000000000001,6,65.82,1,3,2,60.705,0.23223500000000002,1.8666666666666671
46b2ea81-86f6-4f2d-9c52-ef4af6aa8fad,66.51,62.83,61.53,63.56,3.31,27.5,83.18,0.6940000000000001,4,61.36,1,0,3,62.18,0.35673999999999995,2.956000000000003
09f733aa-ce6b-4e88-a26b-98f6b93aae06,66.87,61.91,61.79,69.97,2.55,17.5,71.51,0.128,6,65.22,1,0,2,61.849999999999994,0.33706,3.231428571428566
811f11c7-8b01-48d9-946f-c4071736d806,94.75,56.58,57.7,52.26,2.0,17.5,79.16,0.185,6,61.88,1,3,0,57.14,0.2928,-12.241999999999997
672bd444-c513-40ff-94b0-a8724e51f5ae,65.98,58.79,66.04,62.11,2.89,21.5,74.83,0.692,8,62.48,1,0,2,62.415000000000006,0.36250499999999997,-3.891999999999996
3e507ff9-6c58-4fdc-8c6d-97e247e9c6b3,92.61,54.76,65.02,55.75,2.7,26.5,78.64,0.245,5,67.94,1,3,2,59.89,0.28264,-10.430000000000007
1dee9ee9-8170-4d0f-a919-e1edc4caad62,99.63,74.42,55.5,63.1,2.07,16.5,79.01,0.649,4,68.46,1,3,1,64.96000000000001,0.21729999999999997,-3.7816666666666734
baf50938-bf94-4775-9c8e-3dd164c2d59d,89.06,74.17,68.46,65.56,3.48,28.2,71.64,0.11,2,71.74,1,2,3,71.315,0.23313499999999998,4.825714285714291
723ff92a-4fb4-4ea3-9e5a-c54776f22dfe,75.08,78.87,60.23,66.6,3.39,20.8,82.93,0.5429999999999999,4,63.66,1,1,3,69.55,0.29123000000000004,-3.9399999999999977
e02f206f-4526-46c6-ba81-8f28f0d080e2,87.58,66.34,62.02,69.2,2.78,26.2,72.17,0.937,4,68.42,1,2,2,64.18,0.24953999999999998,4.861249999999998
29fd8492-f026-4304-b564-fad1a6b54caa,65.86,50.53,63.25,60.9,2.86,25.2,87.27,0.709,4,64.29,1,0,2,56.89,0.38319000000000003,-1.8764062500000023
81bea4a0-08d3-46dd-b7fd-f4dc84006a8d,85.46,72.62,71.96,78.24,3.39,26.7,74.51,0.4,5,74.75,1,2,3,72.28999999999999,0.20657000000000006,14.866249999999994
c7c5ff6b-397b-4199-94dd-6634695a9f3a,98.0,55.02,63.38,55.13,2.57,23.4,81.3,0.5690000000000001,5,59.12,0,3,2,59.2,0.26500999999999997,-3.0662499999999966
5d846573-20e4-4217-b755-cd8122504603,74.18,62.8,68.24,64.71,2.87,28.9,78.26,0.523,1,65.55,1,0,2,65.52,0.31259,1.9037499999999952
080a2756-3864-4a9e-b9da-f37bd84931f6,84.59,76.16,67.0,65.63,3.14,21.5,79.58,0.794,7,70.46,1,2,3,71.58,0.25000999999999995,2.3585714285714303
d031fc0e-267b-4871-8652-e7f68f78a009,85.88,54.83,60.33,54.01,2.88,20.1,79.86,0.384,5,63.04,1,2,2,57.58,0.32171000000000005,-15.268999999999998
56ab14e6-e3c3-4752-b909-40b45f45b665,96.18,82.67,81.61,91.85,3.19,20.1,79.62,0.308,4,79.51,1,3,3,82.14,0.09330999999999999,33.608999999999995
86730d05-2867-47a5-b986-a553588cd4ae,95.58,73.97,78.03,87.62,3.81,26.4,77.76,0.919,3,86.03,1,3,3,76.0,0.12682,19.173000000000002
f065c67c-0e83-4099-a6f1-b99e1e451274,87.58,62.71,64.96,68.98,2.97,25.9,78.97,0.762,3,62.88,1,2,2,63.834999999999994,0.251235,8.165000000000006
4de06282-407e-430b-b107-06c5a2ad81a6,75.39,73.94,64.99,69.72,3.47,23.5,79.75,0.259,4,70.02,1,1,3,69.465,0.280885,2.028000000000006
bcda217b-4fd7-4718-89b8-5a10760ceadb,86.94,53.58,60.71,50.45,2.22,14.1,72.46,0.917,4,56.67,0,2,1,57.144999999999996,0.32945499999999994,-8.161111111111111
39a785ed-5010-4748-b4b5-8082cd95f14b,97.18,66.67,63.58,54.2,2.63,17.5,71.23,0.8880000000000001,1,62.26,1,3,2,65.125,0.25330499999999995,-7.382000000000005
bc7241fd-8fea-4c3a-b637-ef54c5b82ff5,91.6,65.47,73.84,71.77,2.65,28.7,77.91,0.118,3,74.87,1,3,2,69.655,0.20932500000000004,2.972727272727269
f4b866e6-c5e5-48c0-9912-edb9d7f5d01a,73.94,45.79,49.02,41.55,3.3,13.7,92.46,0.745,3,47.68,0,0,3,47.405,0.43737499999999996,-19.509000000000007
0e5a8d4b-0642-45d3-a194-4862071c1bd6,77.22,67.91,74.69,66.88,3.34,25.3,73.74,0.6759999999999999,6,66.52,1,1,3,71.3,0.27658,-2.012500000000003
431394ac-ac10-4dc7-bf54-e3003fa0a29d,85.9,67.09,53.4,67.76,3.09,27.0,85.99,0.722,5,67.52,1,2,3,60.245000000000005,0.27238499999999993,3.7277777777777885
cad7de98-ac57-4edf-9019-c071101b93a1,83.15,51.24,54.84,50.74,2.54,20.9,81.58,0.662,7,55.43,0,2,2,53.040000000000006,0.35605999999999993,-9.835
ff791adb-dbc9-403f-856f-b50397037087,87.18,70.27,68.72,72.6,3.18,26.9,82.33,0.562,8,77.68,1,2,3,69.495,0.22499499999999997,7.339999999999989
58a55dfd-ef4d-4f94-9644-2863f8bc00f4,96.03,67.96,67.43,70.92,2.94,19.6,73.37,0.978,5,69.25,1,3,2,67.695,0.200035,3.1325000000000074
cbfd2efd-f680-4196-94a9-6e4dd2cc445f,91.88,68.43,64.39,73.41,3.02,24.3,59.07,0.903,1,68.29,1,3,3,66.41,0.21302000000000004,9.23166666666667
2cffa41d-e8de-467d-9618-d553ca308ddc,84.56,60.51,69.78,54.01,2.83,26.1,85.69,0.209,2,68.78,1,2,2,65.145,0.304295,-3.510000000000005
1f6e18a0-baa4-4888-b609-b49cdc32e259,81.51,73.69,65.41,72.94,3.59,27.0,63.15,0.499,4,66.05,1,1,3,69.55,0.24649000000000001,1.8933333333333309
2d03bba5-cce9-4d29-9490-1ea823efeabe,72.39,71.12,59.91,55.6,2.96,25.4,83.81,0.529,4,63.13,1,0,2,65.515,0.347095,-10.713999999999992
8db5d97a-5bb3-4d76-b89f-bffc7a31b455,68.58,48.05,54.01,55.48,2.26,22.0,81.38,0.713,3,54.72,0,0,1,51.03,0.40615,-1.9640000000000057
e47fc642-9ee5-4799-ad25-572bcd235413,73.84,63.37,56.48,67.29,2.6,23.9,70.62,0.368,1,68.76,1,0,2,59.925,0.3229949999999999,0.0
22ed03d6-5d07-4a28-aef5-e729a2c83630,93.82,82.6,76.75,72.84,3.27,23.1,78.39,0.502,7,71.34,1,3,3,79.675,0.16717500000000002,7.98555555555555
06588f8b-de30-49ec-9fb1-1a7a7ad46c7a,67.6,50.54,54.87,46.37,2.0,18.7,79.94,0.122,8,59.38,0,0,0,52.705,0.43237499999999995,-15.069000000000003
15c04b4c-9665-4d36-b656-42d53d6ebef0,99.23,59.64,59.66,68.77,2.14,26.3,78.72,0.724,3,62.57,1,3,1,59.65,0.21782,0.8983333333333263
bd696155-f4ee-4733-8a9e-4691bf9fb20c,84.6,56.4,49.91,62.71,2.43,23.9,87.13,0.495,5,61.71,1,2,1,53.155,0.31400500000000003,-4.1399999999999935
a74762f2-47df-418b-8b60-9079468de1d6,97.64,57.83,56.57,54.86,2.82,25.0,78.22,0.768,2,66.3,1,3,2,57.2,0.27325999999999995,-11.122
761eca2a-47e0-4446-b944-a4894bcdf0cb,80.5,61.76,59.36,53.42,2.53,24.5,87.36,0.7969999999999999,8,57.01,0,1,2,60.56,0.33605999999999997,-9.148181818181818
1c69b909-3d95-4acb-8ffa-286fdf7bb7ad,95.39,81.42,83.37,81.61,3.66,29.0,76.67,0.928,4,78.21,1,3,3,82.39500000000001,0.12642499999999998,11.341666666666669
f5b39d1f-910a-4786-bb02-8cdb3651a624,85.73,80.02,77.31,78.11,3.23,30.8,73.9,0.8109999999999999,5,71.69,1,2,3,78.66499999999999,0.186755,7.675555555555562
06611de2-8ef0-4d40-916e-eb02551b75f9,71.41,70.45,70.63,72.87,2.74,23.4,87.38,0.8099999999999999,5,67.64,1,0,2,70.53999999999999,0.28413000000000005,3.701666666666668
1643e6bc-bcd8-4f3f-aa29-395ed2a227c0,87.73,59.66,57.73,57.92,2.69,16.0,96.96,0.588,4,61.77,1,2,2,58.69499999999999,0.29923500000000003,-5.969999999999999
80246c86-e63f-4ebc-9ac8-fe079a6de9ac,94.07,75.21,71.1,70.56,3.41,19.9,88.39,0.647,2,74.14,1,3,3,73.155,0.192575,8.041428571428575
fb20fb79-e4c9-491f-bd71-1f95299a8026,69.4,77.17,72.77,83.05,3.84,19.8,71.99,0.184,1,73.98,1,0,3,74.97,0.24834,22.01444444444445
719eacb8-dff8-4529-ae1c-4ecd28f126de,81.47,70.43,66.06,76.46,2.76,21.1,90.17,0.786,1,62.84,1,1,2,68.245,0.240005,20.669999999999995
b43efdeb-4638-4471-8b6c-f64e8d596954,79.21,58.53,55.39,57.54,2.53,22.2,86.57,0.8619999999999999,8,59.49,0,1,2,56.96,0.33966,-7.827500000000008
389b6be5-b00b-4960-b006-83c11aabab5a,90.87,50.6,62.59,54.04,2.58,14.3,85.99,0.8160000000000001,5,54.39,0,2,2,56.595,0.30461499999999997,-6.686363636363637
0d2867e7-f7bb-4403-9546-646ae6038df0,90.88,57.96,52.82,60.96,2.65,22.1,74.75,0.8390000000000001,2,59.6,0,2,2,55.39,0.28743,1.125
207d5f73-ef7e-4ada-94f5-16162a51700b,87.14,58.24,59.48,71.9,2.92,20.9,77.37,0.293,8,71.45,1,2,2,58.86,0.25915999999999995,6.212857142857146
8e257f11-6180-4ec7-8139-a3730c8e9076,68.45,46.0,51.48,43.57,2.02,21.3,80.59,0.6769999999999999,3,55.17,0,0,1,48.739999999999995,0.44926999999999995,-20.884999999999998
f2098aa5-aaaf-4bab-81a3-c14320f58549,76.51,86.82,85.3,82.73,3.48,29.9,90.05,0.95,1,78.41,1,1,3,86.06,0.18758999999999998,14.774444444444441
25e21396-464d-4d69-9440-0f4c38e132d3,87.27,65.1,84.7,71.72,3.52,23.0,83.48,0.485,7,78.56,1,2,3,74.9,0.21106000000000003,6.980000000000004
509c3b6c-c908-44b3-8f88-39ca378050ee,79.17,66.45,66.52,49.45,3.0,21.4,84.2,0.7849999999999999,4,68.56,1,1,2,66.485,0.33551499999999995,-13.136666666666663
139222f1-02b4-4d02-97c3-be313cf9aa3b,77.81,47.77,41.43,51.34,2.24,25.4,88.67,0.762,6,62.09,1,1,1,44.6,0.40093999999999996,-9.474999999999994
713ebc5f-7c1a-4e51-b642-209629f35737,81.71,72.79,68.89,73.07,2.97,28.1,79.92,0.771,7,70.96,1,1,2,70.84,0.24143,10.018999999999991
af654332-dc74-44b5-9edf-e1c16a6d0908,92.28,58.63,58.46,57.08,2.6,23.8,95.05,0.704,6,63.19,1,3,2,58.545,0.28400499999999995,0.0
930583ce-acd3-4f7d-81ca-083e28f3675c,96.13,51.99,45.3,42.91,2.04,13.0,82.97,0.917,5,47.55,0,3,1,48.644999999999996,0.34081500000000003,-15.701111111111118
49dcc119-e24b-4d39-95a8-f00afe34b3df,72.7,71.81,69.4,67.31,3.23,30.9,87.34,0.3419999999999999,1,75.57,1,0,3,70.605,0.29545499999999997,2.7085714285714317
fae87c17-4ba6-4337-82eb-30fbc59b3128,65.75,58.12,63.3,52.14,2.83,21.6,64.45,0.121,8,65.37,1,0,2,60.709999999999994,0.39844999999999997,-1.884999999999998
e9ccd787-1452-4fab-9a0d-61187862903b,84.28,62.6,58.96,62.63,3.06,24.1,80.98,0.725,5,65.59,1,2,3,60.78,0.29265,-3.9339999999999904
cc78bba2-d4b1-4fd4-958e-a5c6153c071b,70.23,60.9,68.26,54.88,2.71,18.3,82.18,0.397,3,61.53,1,0,2,64.58,0.3607,-16.403749999999995
4691be1d-4eb8-45e2-8010-9c03203c761e,78.31,66.51,58.18,62.41,2.45,17.0,79.65,0.237,4,64.99,1,1,1,62.345,0.312495,-3.265555555555565
24820d45-a5c2-441f-9d6b-c7ff41390958,69.22,60.89,74.77,57.87,2.92,24.2,92.57,0.659,4,67.5,1,0,2,67.83,0.34602000000000005,-4.208571428571432
13adda3e-87b6-4129-ac98-f0173227be3c,98.69,75.91,69.76,81.22,3.82,26.7,83.98,0.187,8,72.82,1,3,3,72.83500000000001,0.14307499999999998,15.653750000000002
3eba6f68-de40-43c4-9702-8f5cdb493446,79.94,71.62,67.05,60.7,2.7,24.2,92.38,0.6759999999999999,6,69.56,1,1,2,69.33500000000001,0.290135,-8.192499999999995
bc3dbb9a-f67e-4d35-bfc7-bb5ceb8a01d9,66.47,68.81,65.64,66.74,3.33,18.8,75.34,0.8320000000000001,1,59.54,0,0,3,67.225,0.33222500000000005,-0.42249999999999943
bda415e1-5715-4ce3-bf34-4888847b88c3,91.24,71.26,69.07,72.7,3.38,27.8,78.87,0.55,8,72.34,1,3,3,70.16499999999999,0.20644500000000002,1.7512499999999989
a1e7492c-88d9-4887-b99a-085e8e14a10d,97.33,65.21,59.77,61.21,2.73,18.7,85.96,0.5650000000000001,1,62.97,1,3,2,62.489999999999995,0.23958000000000002,-0.27285714285714135
24a3067b-9333-4e8e-bc4e-acc5dfbc593b,92.19,80.99,75.23,75.78,3.13,21.4,63.43,0.8230000000000001,5,70.83,1,3,3,78.11,0.16957,7.269999999999996
ea457fed-a132-40df-8d78-41e4fe548b2b,99.6,64.41,59.16,63.46,3.42,26.3,85.28,0.289,6,69.12,1,3,3,61.785,0.225865,-3.4966666666666626
6eaae548-1eca-4b6c-b09e-389de05643ce,98.98,76.53,75.03,71.67,3.39,31.8,91.3,0.146,4,81.18,1,3,3,75.78,0.16172999999999996,8.1875
a891b84c-9270-4451-9e52-aaf1041f3ccc,98.06,70.11,64.71,58.33,2.7,17.8,78.72,0.8939999999999999,1,63.8,1,3,2,67.41,0.23054000000000002,-5.661111111111111
98ec768b-3eb0-4193-bc1b-eb8825536a87,67.84,66.09,68.58,69.19,3.74,24.8,86.24,0.223,1,70.89,1,0,3,67.33500000000001,0.31906499999999993,6.862222222222215
69a29b9c-f373-42bd-81e2-21de8d0a2614,87.16,65.07,66.45,65.45,2.65,23.5,87.21,0.212,3,64.63,1,2,2,65.75999999999999,0.25773,-2.3499999999999943
1a1d2bc1-9563-479d-85c2-d7a8c96ad903,99.71,68.14,62.48,64.21,3.25,17.4,74.5,0.97,2,62.61,1,3,3,65.31,0.21260000000000004,1.001666666666658
1da7ffe6-aaaf-42c5-806e-13d93e6156cc,85.66,82.7,68.55,75.92,3.26,31.4,87.4,0.446,4,76.5,1,2,3,75.625,0.20272500000000002,6.189999999999998
d2753724-9f22-4d65-b03d-e4f76be2efc8,93.65,80.91,91.59,87.13,4.0,29.7,83.81,0.841,6,83.91,1,3,3,86.25,0.10525999999999998,23.389999999999993
5833f962-28df-4922-8339-e962f3012c5e,77.56,83.3,86.43,83.36,4.0,22.8,79.91,0.6769999999999999,3,76.98,1,1,3,84.86500000000001,0.18508499999999997,18.905
8728aab9-261d-4c5b-afc6-bb3ab1ecaf30,88.92,47.14,44.98,50.27,2.47,14.9,72.44,0.3279999999999999,6,53.54,0,2,1,46.06,0.3553299999999999,-9.803999999999995
f7d4b99f-808d-48d4-bf12-373c430ec802,99.86,71.4,76.63,79.2,3.74,20.6,87.77,0.8,3,73.51,1,3,3,74.015,0.140915,7.5674999999999955
8a064425-50ab-4342-ab72-2d84e455fd25,74.32,81.95,81.72,72.93,3.51,26.4,94.06,0.976,3,73.92,1,0,3,81.83500000000001,0.238425,9.980000000000004
3a8fb6c4-596d-4305-b081-9c12484472e0,72.18,77.44,83.39,77.17,3.57,23.5,85.48,0.179,2,76.84,1,0,3,80.41499999999999,0.23852500000000001,21.017500000000005
11081808-2ab5-46b6-9a57-19812ed1b183,73.51,72.12,63.88,72.97,3.51,18.5,96.49,0.623,1,72.14,1,0,3,68.0,0.28305,-0.0856944444444423
5c34b896-6296-4f88-80ea-29dc3ef80084,96.94,64.47,60.48,67.0,3.04,22.4,68.19,0.584,6,61.25,1,3,3,62.474999999999994,0.22381500000000001,-4.891666666666666
0f056c9f-164c-48bf-9978-30d6166573a2,90.26,68.68,65.76,66.43,2.52,25.6,96.52,0.454,8,75.77,1,2,2,67.22,0.23800999999999994,2.8509090909090986
2a4cae1d-1a0d-4766-8e49-7f1296128ebb,74.08,53.72,53.68,55.42,2.31,16.9,91.07,0.432,6,58.3,0,0,1,53.7,0.37632000000000004,-2.2040000000000006
a408c681-8970-4479-97f6-86397fcf5c28,99.58,76.7,77.1,83.04,3.45,30.3,84.59,0.63,4,76.04,1,3,3,76.9,0.12185999999999997,15.357777777777784
5b7950b3-a07b-4929-8204-08401e1d3d16,87.08,66.98,62.49,73.92,3.32,26.2,73.49,0.2339999999999999,3,74.0,1,2,3,64.735,0.235715,6.711250000000007
ffc759e7-779c-4a62-b228-e99d51d09f0a,89.61,72.38,82.38,71.94,3.22,29.0,82.52,0.157,5,75.93,1,2,3,77.38,0.19360000000000002,4.902999999999992
9fa27503-d288-4abc-92e7-69c3d1911f78,68.76,73.64,65.57,66.61,3.1,28.8,88.15,0.1389999999999999,8,74.17,1,0,3,69.60499999999999,0.316315,0.8960000000000008
9a44d727-8a36-44a6-b425-0e564e2bf701,98.1,53.24,40.17,45.55,2.72,23.8,83.63,0.583,8,59.81,0,3,2,46.705,0.330835,-18.959999999999994
8dacd5e4-e406-4d51-8e5d-1320589562d4,70.88,60.8,46.73,55.21,2.39,21.2,81.93,0.333,8,59.65,0,0,1,53.765,0.389555,-4.816666666666663
e1a6c029-5385-4f12-9dc2-5057e5baecc4,75.64,56.16,59.5,64.68,2.97,15.2,78.18,0.458,6,61.52,1,1,2,57.83,0.32991,3.8060000000000045
7898fcbb-2202-4d76-bddf-2f3dcc321050,98.31,61.69,50.69,58.77,2.7,15.3,83.64,0.648,3,63.33,1,3,2,56.19,0.26187999999999995,-11.595999999999997
f6e9b72e-75eb-4d87-88a9-7389a7aaef1f,98.69,71.65,77.84,65.6,2.65,23.0,76.99,0.986,3,69.21,1,3,2,74.745,0.18420500000000004,-2.269999999999996
a3f07a9c-6a27-40fe-a222-d2266504faa2,84.96,51.45,41.8,59.68,2.28,23.8,90.81,0.5660000000000001,2,57.99,0,2,1,46.625,0.34124499999999997,-1.056666666666672
669a0925-72fc-4cdf-9b46-d7d63f4807e3,82.13,55.4,60.24,61.2,2.69,18.8,88.84,0.845,6,59.56,0,1,2,57.82,0.31442,0.0
32534fcf-9927-45bf-8856-17eedde71e82,83.37,77.75,84.12,70.25,3.55,22.2,82.26,0.415,1,77.02,1,2,3,80.935,0.21296499999999996,3.4440000000000026
ce87883a-ca41-446d-9895-60a5225b28a3,95.18,74.02,67.46,62.69,3.21,27.8,71.7,0.834,3,70.71,1,3,3,70.74,0.21898999999999996,0.5999999999999943
c7e93130-ef46-4ae9-80c7-5b0b40139ebf,66.66,39.92,37.34,33.71125000000001,2.0,16.6,91.59,0.269,1,45.15,0,0,0,38.63,0.5163362499999999,-21.786071428571418
1267af6f-ebe3-435d-8f0a-d949c4da3b3b,90.91,70.49,65.3,66.33,3.19,28.8,77.89,0.4349999999999999,2,64.22,1,2,3,67.895,0.23368500000000003,-5.153333333333336
6a10b74b-7430-424d-98d7-d31642ebcfd1,90.25,78.6,75.04,77.6,3.45,24.6,71.19,0.984,4,73.24,1,2,3,76.82,0.17574000000000006,11.747500000000002
04e4d483-f6d0-4e13-be67-0af1b79a6a8b,96.37,52.8,60.22,53.78,2.87,21.4,90.89,0.158,7,67.07,1,3,2,56.51,0.28364999999999996,-8.61
5f7b5a12-40d7-44aa-a0ef-0996453fa606,86.82,65.93,64.66,55.37,2.48,17.5,83.59,0.396,6,57.68,0,2,1,65.295,0.29072500000000007,-12.160000000000004
c7d30d85-6f9a-4d42-b829-ae31ed03ac71,81.15,70.47,60.99,62.77,2.84,17.8,74.54,0.484,1,63.47,1,1,2,65.73,0.28989999999999994,-6.756805555555552
e3d5c27e-3b31-46ee-892a-cbd5011249cf,80.16,74.9,68.38,73.76,3.44,21.2,76.47,0.612,1,68.7,1,1,3,71.64,0.24316000000000002,8.073999999999998
29fae7d8-9e92-4c28-9da9-f8ca7479148f,81.32,77.37,85.6,68.79,3.13,22.0,78.31,0.7769999999999999,3,75.45,1,1,3,81.485,0.22389499999999998,11.606666666666662
15bfffb1-6977-46ba-948f-0c7048b0cca4,99.94,78.08,75.47,61.94,3.52,22.5,85.83,0.392,6,72.76,1,3,3,76.775,0.184095,5.685000000000002
456cd47c-94b7-4088-8344-92b7b468bf69,74.61,82.43,80.39,84.49,3.66,20.0,74.14,0.357,3,77.91,1,0,3,81.41,0.20386000000000004,16.334000000000003
5c10075d-ccd4-4f9f-aa74-ae3157281f97,81.77,60.69,54.48,49.99,2.58,26.1,77.61,0.693,3,66.51,1,1,2,57.584999999999994,0.35019500000000003,-6.831000000000003
bf3369aa-4805-45c5-8a32-83015224d618,66.95,59.03,53.59,63.97,2.67,24.8,87.18,0.8210000000000001,5,63.24,1,0,2,56.31,0.37135999999999997,-8.293333333333337
fc4a5ac5-1745-4469-8749-7893dc0bf726,95.08,52.69,51.73,53.59,2.0,20.8,84.64,0.653,2,61.46,1,3,0,52.209999999999994,0.30228,-8.078000000000003
fe5d1497-9121-4a4f-ad35-adb2b243db8f,93.13,66.11,59.51,60.85,2.93,28.7,77.83,0.503,2,75.69,1,3,2,62.81,0.2565,-0.14750000000000085
bfae1c1e-2b87-4598-9135-dfe73941d6b6,66.56,51.74,47.14,44.14,2.12,21.4,73.64,0.963,2,50.97,0,0,1,49.44,0.4530199999999999,-15.651666666666664
e8a53614-1f3e-452a-b369-e8e4b1f567e2,90.55,61.39,66.78,73.52,2.91,19.9,82.28,0.257,6,70.27,1,2,2,64.08500000000001,0.224985,10.98571428571428
4659a2f5-3ca7-4a59-b6be-f85419519ca3,85.75,83.72,75.31,73.14,3.68,20.4,67.79,0.5660000000000001,8,69.06,1,2,3,79.515,0.19903500000000002,12.403333333333329
a226ccad-fc98-4232-bf60-a8dc66f8d38f,85.99,66.46,61.66,62.79,3.13,22.7,91.96,0.995,3,65.32,1,2,3,64.06,0.27549,-3.9792307692307745
15af5db5-e56d-4b49-8685-b1c2ff8b443b,87.9,69.41,70.01,56.55,2.89,19.2,77.71,0.302,6,67.22,1,2,2,69.71000000000001,0.26961999999999997,-6.872000000000007
9e0124e5-2bc7-4af6-8ab8-2a53ddeab083,83.97,63.82,70.75,68.66,2.61,23.4,78.03,0.519,6,64.37,1,2,2,67.285,0.25628500000000004,3.8814285714285717
cd45208e-6d55-4d47-b5b9-0d241776b71f,95.52,68.99,76.14,71.51,3.12,28.7,77.07,0.745,5,78.12,1,3,3,72.565,0.18569500000000003,10.451
436b5b10-874d-4e4b-a453-88eeef91b463,75.53,56.71,59.41,46.11,2.41,21.2,78.25,0.176,3,59.52,0,1,1,58.06,0.38536999999999993,-4.309999999999995
c62a78dc-aa0b-4915-8a94-4361785a48cb,72.84,58.33,51.0,47.04,2.24,18.1,59.13,0.921,7,51.51,0,0,1,54.665,0.40352499999999997,-11.298749999999998
e57b925b-b259-4073-ba7f-08f95a71da1e,76.13,75.36,76.42,67.44,2.64,25.6,77.91,0.7030000000000001,1,70.89,1,1,2,75.89,0.26549,-6.987499999999997
4c0e0e4e-7ee4-428b-a383-68457627c32d,90.15,57.51,50.48,56.33,2.59,21.6,83.73,0.954,2,58.39,0,2,2,53.995,0.308425,-7.0844444444444505
277b8a65-6179-4fe3-8b77-ad5105f8913d,67.38,60.36,56.59,57.04,2.7,16.3,83.01,0.805,3,57.62,0,0,2,58.475,0.383935,-5.539999999999999
cf3c3f38-6524-4a39-bac5-60e9118e89bb,97.87,70.33,58.18,59.98,3.12,16.1,74.74,0.583,1,62.43,1,3,3,64.255,0.235815,-4.529999999999994
aee04a1e-8be6-43b5-9ddc-49f6aa177744,78.04,70.89,69.23,65.71,3.34,21.9,75.91,0.208,6,67.56,1,1,3,70.06,0.28052999999999995,-4.781000000000006
77e7af00-1a04-49bc-b5d5-da035682244a,67.5,44.93,48.95,54.17,2.52,17.1,79.85,0.432,5,57.6,0,0,2,46.94,0.42667,-3.4540000000000006
449b0d1b-7d59-49d6-820b-2d34cc44581e,69.94,77.53,80.25,74.91,3.31,30.6,74.47,0.413,8,75.74,1,0,3,78.89,0.25884,7.925714285714278
a1d030bf-9857-4f2d-9b20-b32ab070814f,66.26,57.11,63.63,43.01,2.76,25.1,85.74,0.271,5,60.67,1,0,2,60.370000000000005,0.42482,-19.516
e1df3e7b-a55a-41b9-8bb7-832242da4a98,71.43,68.73,67.61,68.24,2.83,19.4,71.63,0.7150000000000001,5,64.06,1,0,2,68.17,0.30504999999999993,6.509999999999998
ee558235-e4fc-4602-aeda-dda901770623,84.83,63.44,55.8,57.32,2.85,24.0,98.62,0.756,6,63.84,1,2,2,59.62,0.30986,-8.773472222222217
b2841ae2-571f-468f-ada8-108089f80d10,74.47,57.1,63.2,59.16,2.31,25.3,87.86,0.394,7,62.6,1,0,1,60.150000000000006,0.34419000000000005,-6.748333333333335
bb0fba2f-a347-47e1-9092-313a5c2766eb,90.18,67.33,66.03,65.16,3.36,26.5,83.96,0.932,1,72.22,1,2,3,66.68,0.24375999999999995,1.2322222222222194
9a39e6bd-e5b8-48a6-8145-58a2e8c5d984,89.72,82.75,83.16,75.89,3.29,18.5,68.88,0.194,8,75.55,1,2,3,82.955,0.164585,8.86833333333334
1377737d-75cf-4370-b6c0-8e66ff33eda0,98.34,72.76,66.74,75.13,3.49,30.6,72.37,0.265,3,82.06,1,3,3,69.75,0.172,11.54999999999999
6bdd720e-3791-4c87-872a-97913624814e,95.57,68.1,58.61,64.62,2.91,17.4,75.45,0.932,5,65.76,1,3,2,63.355,0.233795,0.6922222222222274
aba9dceb-bcf3-4d7a-bd8a-1ba619c38688,92.79,64.29,77.09,64.78,3.19,25.3,77.37,0.106,1,74.6,1,3,3,70.69,0.22243,6.458888888888893
698d0679-2e42-4ed1-a140-da92fdf07e8c,97.29,73.24,70.84,63.97,3.16,26.0,83.43,0.6849999999999999,5,72.79,1,3,3,72.03999999999999,0.20281,0.1460000000000008
0e288843-5408-49fa-9f47-88223dc6c3d1,95.11,54.76,50.33,52.0,2.0,16.6,79.41,0.655,4,56.22,0,3,0,52.545,0.305925,-10.579999999999998
3c6f7cf6-4dfa-4488-9cce-ef213f902828,65.79,45.47,61.66,51.72,2.5,20.0,82.81,0.3279999999999999,7,56.73,0,0,1,53.565,0.420985,-8.354
302f6557-125b-4aaa-ad76-bd436600ff58,87.01,52.66,55.69,53.24,2.25,17.0,67.54,0.851,2,58.46,0,2,1,54.175,0.329715,-8.92285714285714
bfa7a160-29b2-44e4-a1ca-9b9289799388,81.59,92.8925,88.35,80.36,4.0,23.1,77.5,0.716,1,83.17,1,1,3,90.62125,0.16069624999999998,23.513999999999996
9f43ba6b-ce22-4a25-b60e-c84030c7eb8f,76.09,63.38,61.96,54.23,2.72,25.9,64.77,0.5690000000000001,6,66.71,1,1,2,62.67,0.34494,-3.9662500000000023
793a5f98-d54c-47ee-aa63-b0c97657cfe4,88.58,68.28,69.39,57.23,3.27,24.7,76.85,0.532,4,68.04,1,2,3,68.83500000000001,0.267485,-1.6111111111111072
7e61802b-75e8-491c-abdc-eb58f82e545a,93.1,36.5525,35.681250000000006,33.73,2.0,12.2,77.27,0.991,6,44.03,0,3,0,36.11687500000001,0.418059375,-23.9075
066b70bd-069c-435f-81f6-26fc8dcf625e,71.21,54.92,53.81,45.53,2.64,22.9,82.16,0.875,6,52.86,0,0,2,54.365,0.415475,-14.625
8ff9114a-b744-4541-95fe-7e0eaeec02f4,70.7,68.47,66.57,66.91,3.11,20.2,65.74,0.994,7,64.9,1,0,3,67.52,0.31390999999999997,-2.7388888888888943
879bd6f3-fad0-46c2-bcd0-90b0bd60a971,97.77,72.46,64.58,69.06,3.35,21.5,81.55,0.354,8,72.38,1,3,3,68.52,0.19618000000000002,3.655000000000001
bb75ec25-4aac-4a41-a8c0-3cfc13d1608b,91.21,69.54,76.2,68.69,3.22,26.8,80.44,0.755,1,76.52,1,3,3,72.87,0.21048000000000003,4.9566666666666706
ce1f0129-1cb0-4e25-9974-b2a0545af489,70.5,59.53,55.07,58.98,2.33,18.4,94.83,0.568,5,56.65,0,0,1,57.3,0.36916,-10.740000000000002
55632f74-9e79-42a1-a95c-a7ff5dd0cf64,75.66,58.11,60.13,64.08,3.01,26.7,81.9,0.8460000000000001,8,61.41,1,1,3,59.120000000000005,0.32775999999999994,1.4966666666666626
799791b0-6663-4493-8fcc-19142054acd8,65.03,58.29,63.68,63.45,3.33,19.4,82.73,0.747,5,59.55,0,0,3,60.985,0.366575,-0.332499999999996
792b06bf-2c5e-45a1-b347-af0924d642a4,70.34,62.18,56.78,63.99,2.55,19.3,79.21,0.416,6,63.01,1,0,2,59.480000000000004,0.34822999999999993,-1.6699999999999946
e76b8e3b-683c-4f92-a090-547ad6e49f6c,73.0,64.9,62.28,56.55,2.95,27.6,83.22,0.827,4,60.2,1,0,2,63.59,0.34757999999999994,-10.132857142857148
72ebb03a-5a10-4643-abeb-814ab0e0f21f,74.2,40.94,43.68,45.57,2.18,14.6,76.52,0.349,8,52.49,0,0,1,42.31,0.43956,-14.906666666666666
b7da8000-73b1-44e2-94dd-01649971766b,77.81,54.76,54.59,54.42,2.04,15.1,78.08,0.501,3,62.06,1,1,1,54.675,0.361475,-6.672499999999999
7797da7a-7e08-4ec8-a703-1af1862be9e2,80.79,66.56,59.47,55.66,3.63,21.2,82.98,0.783,8,62.45,1,1,3,63.015,0.32081499999999996,-5.189999999999998
f23f398c-54a8-44da-b2c2-37612614af3b,82.83,57.55,55.94,50.28,2.55,14.3,84.8,0.306,7,60.16,1,1,2,56.745,0.347605,-13.482
2c98ebab-ad3b-4095-85b5-9828b4d51b30,90.96,57.82,60.0,57.6,3.31,16.4,72.84,0.198,6,60.03,1,2,3,58.91,0.28663000000000005,-14.38375
8f94ad26-094b-4f80-af95-e4cb2953c4a9,69.12,57.4,58.4,47.33,2.2,25.0,81.34,0.466,6,60.25,1,0,1,57.9,0.40783,-15.084285714285713
10a6fffc-274b-4904-a43a-cd9906ecf586,65.87,64.49,58.01,56.01,2.85,16.1,96.18,0.4519999999999999,5,57.66,0,0,2,61.25,0.38474,-9.722500000000004
a74e7ad9-c047-426b-93b1-dc2b0fca6519,69.89,48.96,48.2,62.57,2.08,17.8,69.52,0.151,8,56.0,0,0,1,48.58,0.38699,-4.596666666666671
dc231b4b-6924-440a-a949-bf4b817e4a71,70.69,65.28,62.21,64.53,3.09,21.3,71.32,0.857,8,60.5,1,0,3,63.745000000000005,0.332415,3.9579999999999984
83b0e685-71a9-4420-b34c-a3bac73b90e4,73.44,71.84,71.06,59.52,3.52,22.7,63.56,0.404,2,62.01,1,0,3,71.45,0.31333,-9.454659090909097
371bed88-134e-4842-97c5-bc7ee59d7989,81.57,62.6,61.74,76.53,3.12,24.5,90.44,0.988,8,63.91,1,1,3,62.17,0.25762,12.490000000000009
af3533f2-2040-4d66-9dfb-f6a56e279f38,84.36,48.56,40.79,33.71125000000001,2.51,25.0,72.14,0.8539999999999999,8,44.52,0,2,2,44.675,0.42740125,-27.94156249999999
ca6e269a-724a-421e-ae08-b7b05dbcce86,68.81,68.88,73.99,84.68,3.56,31.2,75.79,0.5469999999999999,5,73.93,1,0,3,71.435,0.25641499999999995,22.140000000000008
da331e93-8ed6-4e51-bf28-9f23c11ff3e3,93.62,63.83,63.44,54.07,2.15,24.1,91.26,0.479,8,67.54,1,3,1,63.635,0.27240499999999995,-5.5619999999999905
f84038aa-e3ba-45e6-acc3-c4268d324af8,83.45,57.54,67.23,52.82,2.55,28.5,80.05,0.483,6,63.38,1,2,2,62.385000000000005,0.32058499999999995,-10.042499999999997
35a5aa95-e217-4693-9d46-65b63c4c3c11,66.67,49.81,61.92,52.7,3.12,14.8,69.69,0.293,7,53.76,0,0,3,55.865,0.40762499999999996,-12.987142857142857
df0e5356-3d59-4e05-ac54-df80f8008a56,73.5,54.99,53.95,46.31,2.13,17.7,83.06,0.16,6,60.89,1,0,1,54.47,0.40366,-23.99166666666666
980f1080-e9a9-422f-acd7-49622272a250,69.0,61.31,51.37,58.61,2.25,20.1,81.87,0.492,2,58.53,0,0,1,56.34,0.37915,-9.74666666666667
1baf5b74-dec0-4a39-9dfa-d6655f71f721,98.66,58.07,62.25,56.08,3.0,20.6,82.02,0.591,8,64.03,1,3,2,60.16,0.25664000000000003,-9.24333333333334
4a83fa84-96f9-4068-b418-774af46a3674,91.64,50.84,52.12,48.33,2.19,12.0,75.79,0.836,3,56.29,0,3,1,51.480000000000004,0.33401,-15.658749999999998
9c234463-dcb6-4e35-b23e-c7f80b9bcf61,98.52,63.57,60.94,58.23,2.6,21.2,82.4,0.532,7,62.3,1,3,2,62.254999999999995,0.24446500000000004,-0.6111111111111072
0775262a-9ac5-43ce-bbe9-1e20f6dc6e8e,78.28,70.84,56.9,59.28,2.96,26.8,76.67,0.754,4,62.61,1,1,2,63.870000000000005,0.31743000000000005,-4.948571428571427
9ca22ccd-a532-4d7f-aa26-146b867639d1,91.59,63.31,60.54,69.89,2.91,23.9,97.96,0.492,7,69.81,1,3,2,61.925,0.238195,1.5333333333333314
6a73b727-0b79-4b84-b8d2-9a9940d2e07f,69.81,54.52,51.86,41.6,2.59,13.6,81.36,0.958,5,48.19,0,0,2,53.19,0.43638999999999994,-23.768000000000008
3b197e82-c0e2-4a98-a56b-740af76aa941,77.09,75.26,74.83,76.68,3.34,19.2,73.15,0.8640000000000001,2,71.43,1,1,3,75.045,0.236465,13.565000000000005
79500f3b-884f-4f78-ba4f-4d082d26e799,82.49,62.33,58.72,68.72,3.05,24.7,81.85,0.263,7,66.76,1,1,3,60.525,0.28230500000000003,10.461111111111109
0605f601-4f9a-46cb-9f27-91fb7b0edbc4,92.77,67.6,67.86,70.12,3.14,23.7,88.38,0.43,4,76.13,1,3,3,67.72999999999999,0.21537000000000003,-4.297499999999999
af0e12e3-6e28-487e-8788-07ebb5e34b34,67.96,56.87,55.91,56.73,2.86,26.5,68.1,0.394,2,50.31,0,0,2,56.39,0.38880000000000003,-9.178333333333335
f676139e-825c-41eb-b626-ecfe599d11fa,94.88,60.14,60.41,65.05,2.68,24.9,93.0,0.309,1,68.75,1,3,2,60.275,0.24450500000000006,-3.9240000000000066
a8f3c91d-3013-4f00-9d43-09647eb572e5,82.04,73.16,65.6,73.76,2.71,25.0,73.09,0.444,3,70.05,1,1,2,69.38,0.24241999999999997,10.89500000000001
59d8bb02-596a-4d38-baa9-5b325fd489c5,77.06,60.35,52.79,41.52,2.76,22.6,64.65,0.483,4,57.79,0,1,2,56.57,0.39748999999999995,-21.342499999999994
2cd8bc1f-8cdd-4da6-ab53-9a8faa5bd15d,76.89,51.08,64.78,73.09,2.93,19.6,86.47,0.245,2,65.91,1,1,2,57.93,0.29938000000000003,6.909999999999997
d2a51238-f2ee-4936-8281-4a3c893ca665,79.92,48.95,47.1,57.67,2.66,20.2,91.18,0.917,3,54.06,0,1,2,48.025000000000006,0.363235,-0.9411111111111126
0c088c38-b65e-4915-b0d1-d5b9bc3440c3,78.52,57.54,66.42,55.44,2.78,24.9,75.76,0.388,7,59.53,0,1,2,61.980000000000004,0.33366,-8.512
ede18b4e-353a-4fc6-a8f0-660441606723,77.11,56.99,64.31,62.27,3.17,19.8,85.52,0.449,6,64.56,1,1,3,60.650000000000006,0.32280000000000003,-3.8033333333333204
a3b267d1-8287-4583-927e-a79b792ffa21,85.37,75.65,71.99,55.57,3.37,27.6,78.06,0.324,3,70.26,1,2,3,73.82,0.27035,-6.980000000000004
12e5e6b2-353e-4f70-9696-ab7ce18e78b5,70.91,63.76,66.9,66.9,2.57,19.3,80.09,0.311,3,63.85,1,0,2,65.33,0.31967,-3.5566666666666578
f4f2883d-a395-4585-9da2-83094ea125ba,70.42,55.0,57.26,66.04,2.62,20.9,74.1,0.805,3,59.31,0,0,2,56.129999999999995,0.35180999999999996,3.460000000000008
acf18120-4e51-4da6-a55e-91226f72b2ad,92.2,56.94,57.26,55.62,2.61,20.1,85.53,0.387,7,59.24,0,3,2,57.099999999999994,0.29304,-10.873333333333328
faf9f3a7-9e5a-4d7c-b13d-e494c755b724,82.1,67.37,61.8,68.25,2.89,20.6,76.92,0.926,4,67.9,1,1,2,64.58500000000001,0.273095,-0.06499999999999773
d60efa81-a807-4855-9650-6ddd79e69582,78.47,81.53,73.46,74.09,3.51,21.3,91.21,0.3359999999999999,8,76.52,1,1,3,77.495,0.231365,13.226000000000006
f166ee48-b7f2-426f-a7c0-63d48e5f0858,96.27,75.42,80.11,82.33,3.28,24.1,80.15,0.482,7,82.13,1,3,3,77.765,0.134635,6.302499999999995
cadb74ad-90f5-430e-b54e-56782e82d8f2,87.17,76.04,73.35,71.95,3.48,30.2,82.78,0.428,1,73.99,1,2,3,74.695,0.21138500000000002,2.125
4cc8cfd4-bd32-429d-8493-65f2732558b7,95.38,83.37,72.79,70.57,3.63,20.5,82.47,0.112,2,74.17,1,3,3,78.08000000000001,0.17253,1.528571428571425
fac24e3e-1298-4215-acad-8c51c021a38c,72.31,67.63,69.25,66.97,3.23,24.8,93.32,0.865,1,63.86,1,0,3,68.44,0.30453,-0.7999999999999972
93c795d9-5aa6-40e2-b226-8b5da41d82d8,89.5,74.14,78.46,81.04,3.65,24.8,79.05,0.2779999999999999,4,77.78,1,2,3,76.3,0.16997999999999996,11.737499999999997
05565629-93b2-485c-8e50-904f63099c96,65.56,62.33,60.09,77.2,3.12,27.3,67.38,0.1149999999999999,2,62.66,1,0,3,61.21,0.32252999999999993,9.174000000000007
22d27516-c58a-41ac-83c3-dcc40123b268,91.72,58.47,67.69,60.09,2.66,25.2,89.68,0.614,7,68.23,1,3,2,63.08,0.26361,-1.2479999999999976
7d6cb553-103d-4df6-a186-4de75c1dae5c,84.44,70.12,59.04,65.15,2.84,25.2,89.5,0.487,2,62.85,1,2,2,64.58,0.27305,1.9450000000000074
0b1f080b-69cc-4703-a237-54c9e0fa37b3,84.74,66.9,63.14,68.37,3.09,19.3,83.53,0.174,4,72.36,1,2,3,65.02000000000001,0.26086999999999994,11.343333333333334
287ae3d2-ad32-4690-9fc0-f0f057bf8c49,67.99,61.0,59.12,68.93,2.64,23.9,95.45,0.13,5,70.33,1,0,2,60.06,0.34107,2.307000000000002
a81784c5-bfdf-480e-9186-dc4fd3641b8a,83.16,73.14,72.7,62.55,3.41,23.4,80.13,0.553,5,73.23,1,2,3,72.92,0.26095,2.0899999999999963
254fc60b-8594-4eb2-bbc6-0dab8f0b3780,79.51,72.5,70.86,74.19,2.99,27.0,82.11,0.666,6,67.62,1,1,2,71.68,0.24434999999999996,7.564999999999998
dc3263ba-cff7-41fa-82e2-2fd1924ddcf6,85.04,66.21,67.78,73.29,3.01,22.8,86.05,0.8109999999999999,2,62.14,1,2,3,66.995,0.23898499999999995,2.8555555555555685
c2234158-9686-4e36-b123-4c7d1f400e7a,77.21,58.2,65.17,64.86,2.91,27.2,98.94,0.766,5,66.09,1,1,2,61.685,0.31152500000000005,-3.7833333333333314
6aed5327-8695-449d-b7f6-1833df96a760,94.81,73.26,63.17,60.7,2.89,21.0,82.37,0.996,8,68.79,1,3,2,68.215,0.23401499999999997,3.7528571428571453
24d5a1f2-c366-403c-8b6d-44f28c70ac62,70.77,52.11,46.84,58.03,2.46,22.7,88.67,0.954,4,62.82,1,0,1,49.475,0.394405,-5.384444444444448
b2247826-ab8f-4d79-ab80-3a3156a6fee3,95.47,57.65,54.84,53.4,2.48,13.6,61.6,0.356,7,58.61,0,3,1,56.245000000000005,0.289185,-9.232500000000002
1f5b6157-a5a0-48b5-878a-def10af5a95e,77.29,84.8,80.66,79.03,3.92,21.1,71.99,0.6980000000000001,1,75.64,1,1,3,82.72999999999999,0.20556000000000002,12.903333333333336
3c281a2b-4b8c-4f54-96cc-a60d008dace8,97.33,53.11,57.1,70.88,2.97,23.4,78.68,0.354,6,63.58,1,3,2,55.105000000000004,0.23272500000000002,5.474999999999994
e47ab09b-b05f-4a1d-b6f0-969195c892dd,85.55,72.25,68.7,88.19,3.04,28.5,82.55,0.8130000000000001,7,77.69,1,2,3,70.475,0.18180500000000002,18.774
c989c624-0204-49fe-96cc-53c638cdcdf9,65.36,66.09,59.32,59.66,3.07,18.8,93.2,0.239,8,62.47,1,0,3,62.705,0.37146500000000005,-17.341607142857143
486f8d20-b434-490a-ac2b-7515238433f6,80.0,47.79,60.44,49.47,3.02,22.5,78.17,0.851,5,52.3,0,1,3,54.114999999999995,0.36924500000000005,-12.692857142857143
b97987b0-d433-4a09-b2d1-6e165e5d0e95,92.92,86.87,84.56,89.29,4.0,32.9,74.92,0.841,1,79.12,1,3,3,85.715,0.10330499999999995,25.550000000000004
e9334f64-4444-447c-8a6b-e6bd9e4af4f9,86.0,65.22,70.63,61.24,2.64,24.7,96.22,0.671,5,65.41,1,2,2,67.925,0.268505,-0.7071428571428555
9b03f530-bd97-49b5-8020-c761f71906c9,71.69,61.61,64.54,70.2,3.11,30.3,64.93,0.954,1,63.23,1,0,3,63.075,0.31341499999999994,6.785555555555554
3bf27ada-cba0-490c-bdae-6a3e2705cd5b,65.45,41.34,41.72,40.15,2.04,20.6,63.57,0.417,6,45.55,0,0,1,41.53,0.49316000000000004,-24.449999999999996
6f34defe-8c42-4d3d-992f-e76a223dfdc1,85.92,59.95,64.35,52.78,2.62,20.0,82.45,0.617,2,57.75,0,2,2,62.15,0.31153,-10.099999999999994
e95c290d-c444-4d43-9f28-257a861b69bc,70.07,81.73,77.05,80.96,3.82,28.7,83.75,0.679,6,75.48,1,0,3,79.39,0.23867000000000005,27.67410714285713
969425ae-0a73-4c76-b14f-1a194c2b26dc,77.24,49.7,52.03,60.29,3.0,26.3,82.76,0.13,4,60.68,1,1,2,50.865,0.3575750000000001,-6.3330000000000055
655229ce-2dea-4c99-ad35-adc8fd834192,88.66,68.54,64.58,61.52,2.97,20.7,69.09,0.602,2,65.65,1,2,2,66.56,0.26111999999999996,3.163636363636371
1c47bffe-663f-4b72-8025-ab6b0bc07026,74.7,49.62,38.16,45.15,2.02,17.8,89.83,0.663,5,47.97,0,0,1,43.89,0.43407999999999997,-24.619999999999997
e669120b-2988-4b9d-bd54-c9ec0accbe22,66.62,56.89,58.35,60.02,3.52,20.5,77.4,0.161,7,61.56,1,0,3,57.620000000000005,0.38059999999999994,-2.681666666666672
365ab0ab-0a9d-4a15-a94f-fe2477ad07b2,70.76,83.84,89.18,81.47,4.0,34.0,77.68,0.912,2,83.53,1,0,3,86.51,0.21301999999999996,19.97
ac6f1c7e-77b7-43fb-be85-780e14197f92,97.98,62.43,42.97,53.61,2.35,25.0,78.95,0.579,6,62.5,1,3,1,52.7,0.28915,-14.318571428571431
506391ab-24d9-44b0-9f5c-70812fb95fa7,67.23,47.68,51.29,57.54,2.9,16.9,81.86,0.233,4,54.87,0,0,2,49.485,0.41000499999999995,-8.360000000000007
5de87d46-d341-46ca-9a41-0cef631852da,89.85,53.09,48.03,56.94,2.12,17.3,79.89,0.251,6,60.22,1,2,1,50.56,0.31810000000000005,-1.9901785714285793
266c480d-c896-4b99-8516-a4cb6d3cda4d,78.15,62.45,76.54,59.07,3.77,19.5,79.84,0.271,2,71.1,1,1,3,69.495,0.30170499999999995,-3.455999999999996
c5d67476-a93b-4442-b308-33978a68b35f,82.37,55.21,56.54,47.83,2.0,22.9,85.32,0.772,7,59.19,0,1,0,55.875,0.359405,-11.923333333333332
4bd8cacf-c689-4daf-9c8c-f8eadc320cdd,81.53,73.88,59.99,66.39,3.33,28.1,88.7,0.786,3,74.62,1,1,3,66.935,0.27390499999999995,10.600000000000001
219ce827-1ac5-4bc4-96c4-120d3bdb9c73,94.41,65.19,60.07,68.43,3.23,26.3,96.15,0.2,5,76.8,1,3,3,62.629999999999995,0.22918,1.6233333333333348
f02d2340-4554-42af-8f5d-8023e1a5bd7a,96.02,61.12,55.62,57.07,2.43,26.7,76.16,0.995,8,60.46,1,3,1,58.37,0.2696,-9.699230769230773
5e4b46fd-5cc1-4468-ac55-4f447e94afac,89.88,53.09,59.25,45.51,2.95,15.9,79.68,0.858,7,50.72,0,2,2,56.17,0.33544,-3.5474999999999994
a01403cd-0a63-4f29-a427-ba0b9ceacd67,94.94,62.09,67.22,66.6,3.27,19.8,76.66,0.118,5,64.55,1,3,3,64.655,0.226475,-2.1972727272727326
3a81feef-e419-4fb5-911a-112bd200a9da,89.91,73.5,79.6,86.64,3.63,25.5,78.22,0.665,4,74.65,1,2,3,76.55,0.15079,14.763999999999996
418b8053-dbd9-45b1-83e9-be3463138eaa,75.97,76.86,80.8,77.45,3.43,20.3,81.33,0.55,7,70.76,1,1,3,78.83,0.22728,6.501249999999999
84987825-cd61-4832-b0eb-493d2c23aa79,98.04,67.99,53.95,71.47,2.64,23.7,69.1,0.939,5,68.81,1,3,2,60.97,0.21051999999999996,9.946666666666658
800a2c39-9d10-44f9-926b-6391cfd4001a,70.41,41.54,43.81,48.52,2.14,15.8,81.04,0.671,7,47.79,0,0,1,42.675,0.4447750000000001,-13.427142857142854
b0fc2955-9b12-478d-816f-0f73c879a765,91.75,61.78,63.65,72.61,2.96,17.2,77.42,0.316,2,68.79,1,3,2,62.715,0.227025,9.204999999999998
aba35f86-8f66-4995-b2f0-d69fdbba39a3,89.87,75.04,68.45,65.54,3.11,24.5,83.74,0.497,8,64.25,1,2,3,71.745,0.22866499999999995,0.9757142857142895
0a5f9f2f-bd1b-42eb-b321-580a1c4b51e6,96.08,64.26,56.13,45.62,2.77,15.3,77.83,0.752,4,51.52,0,3,2,60.19500000000001,0.298235,-15.908571428571427
257dd1fa-631b-429f-b0bb-5d5372cdcdbe,74.65,50.52,61.94,50.85,2.03,17.8,82.07,0.731,5,57.5,0,0,1,56.230000000000004,0.38016,-11.878749999999997
c4ce12b2-b49f-427c-93e3-d85afea03db5,94.52,74.42,91.08,77.29,3.33,31.6,78.28,0.852,3,80.46,1,3,3,82.75,0.1418,10.970000000000013
028b9f52-6f75-4533-bd77-38a3a798c476,93.7,65.01,57.08,70.12,3.16,16.7,73.17,0.771,8,65.44,1,3,3,61.045,0.23170499999999997,7.069000000000003
44b14c57-95db-4cfc-9688-6ad04e60a744,91.57,55.4,58.71,61.59,2.13,15.4,81.26,0.646,3,70.25,1,3,1,57.055,0.277785,-2.4650000000000034
2ff6d015-5296-4406-94a9-dfc27394b808,68.01,67.09,76.64,63.01,3.43,22.4,71.64,0.867,3,64.64,1,0,3,71.86500000000001,0.32333499999999993,-2.8200000000000003
deac9b3c-2da0-4bdc-9dd4-8456f731c92f,83.57,64.81,58.55,52.05,2.25,14.5,86.72,0.6990000000000001,4,66.19,1,2,1,61.68,0.32453000000000004,-7.592500000000001
2a5edd0f-e51b-4de1-a571-1425f94572bf,78.29,59.79,50.63,61.61,2.98,22.9,87.78,0.365,8,65.45,1,1,2,55.21,0.3363799999999999,3.781666666666659
b516ad0c-3098-4e0d-8828-0a9b863a1d2f,93.15,49.48,56.44,49.02,2.43,13.7,75.21,0.1159999999999999,1,61.45,1,3,1,52.959999999999994,0.32146,-6.185000000000002
0420fa32-81d6-4f2f-9e9a-91d20582d0a7,94.96,52.82,55.99,66.43,2.98,27.3,71.67,0.154,4,68.73,1,3,2,54.405,0.25765499999999997,3.565000000000005
3290107a-e2b8-45cf-9f1e-90e4a5947a9f,74.59,50.52,55.28,42.06,2.78,25.4,75.55,0.323,6,54.34,0,0,2,52.900000000000006,0.41675999999999996,-20.622857142857136
14528539-650c-438e-a1e1-70f738336a11,82.04,60.72,58.81,65.62,3.52,27.4,81.43,0.877,8,65.76,1,1,3,59.765,0.2956849999999999,-6.958333333333329
78a74493-a28b-460d-b7ca-01179fbab86d,89.1,52.62,58.83,47.56,2.63,14.2,91.67,0.134,4,58.47,0,2,2,55.724999999999994,0.33374499999999996,-19.79714285714286
6c5f3e82-5b5e-497b-b2c1-73a1de1a35c7,74.32,52.92,51.22,57.67,2.63,24.1,75.35,0.47,5,57.85,0,0,2,52.07,0.3735,-3.634999999999998
6fedf330-61ba-4904-b493-c4a27be68fbd,88.82,80.38,83.75,75.23,3.94,21.4,81.47,0.437,5,77.16,1,2,3,82.065,0.172835,6.911666666666676
565c85c1-727e-4e87-baba-02c6c13e39ae,81.67,69.68,74.64,77.18,3.41,29.4,80.35,0.955,1,77.02,1,1,3,72.16,0.22529999999999997,8.71714285714286
65d7fbb9-1199-46fb-bd01-49a2bc323855,74.62,71.84,81.59,80.91,3.54,31.4,79.81,0.5559999999999999,7,73.62,1,0,3,76.715,0.228645,7.430000000000007
1fa8600d-3de4-40b3-bea5-88cad73a7734,84.84,75.83,69.36,71.16,3.82,20.5,88.6,0.8130000000000001,3,66.65,1,2,3,72.595,0.229375,1.7439999999999998
27963970-f9db-4b4e-afa0-3c2c51cf039b,82.33,73.04,77.1,63.73,3.43,26.7,77.66,0.941,8,68.53,1,1,3,75.07,0.25428000000000006,-2.6300000000000026
1f53df9f-d6b4-4385-89d4-e33d092a6c6f,97.78,67.72,69.13,59.36,2.99,18.8,93.21,0.407,3,73.62,1,3,2,68.425,0.22552500000000003,-4.409999999999997
b25f511a-587c-491a-9a6d-c0fac074aeb0,85.98,75.62,79.42,86.19,3.37,25.4,81.11,0.261,8,81.43,1,2,3,77.52000000000001,0.16494999999999999,14.34333333333332
caebdbac-17e0-4dfb-9054-caa29590941a,76.82,58.28,71.56,69.96,3.26,28.1,85.54,0.6849999999999999,2,67.07,1,1,3,64.92,0.28808000000000006,6.135999999999996
c3941414-9453-480b-b380-a0561382369b,82.67,74.83,71.57,76.42,3.45,19.4,74.43,0.477,3,70.56,1,1,3,73.19999999999999,0.22046,19.583125000000003
a7b6c538-2418-4208-815a-32063b55adc5,91.8,51.83,55.65,48.47,2.0,18.8,66.36,0.5389999999999999,7,51.26,0,3,0,53.739999999999995,0.32617000000000007,-2.3774999999999977
fe73fdcc-5262-4814-a776-c3d690a22574,77.54,54.93,52.06,60.86,2.72,26.8,76.45,0.504,7,65.32,1,1,2,53.495000000000005,0.34677499999999994,-10.314999999999998
0f74f511-5331-472a-bfc8-af9b8736cbf1,96.79,77.62,79.29,76.96,3.43,28.6,76.12,0.259,2,82.74,1,3,3,78.45500000000001,0.14659499999999995,9.268
dac23766-1fa1-4d94-af49-d3316b6a8611,74.61,63.81,61.51,62.17,2.59,16.9,70.61,0.494,4,62.54,1,0,2,62.66,0.32707,-4.439999999999998
3551a2d8-c3b2-45a2-9307-9eb50ba98fa4,87.09,61.98,61.65,56.5,2.5,18.3,76.07,0.902,7,66.1,1,2,1,61.815,0.296695,0.0
2f01d74d-9a6e-4bf6-9347-9f388aa82a17,89.29,71.21,77.44,65.27,3.04,27.2,85.51,0.454,1,72.73,1,2,3,74.32499999999999,0.22405500000000003,1.6909090909090878
e243c02c-4962-4b31-bd3e-45780efb9797,96.42,76.68,75.16,78.03,3.25,20.2,59.53,0.282,2,72.24,1,3,3,75.92,0.15247,7.887500000000003
d89e733d-e7e4-48f4-8539-9350481da7a8,96.59,64.36,76.92,75.39,3.14,21.9,82.3,0.867,5,69.9,1,3,3,70.64,0.17554999999999998,9.560000000000002
5c3536c2-d44a-4bdc-b683-35a60d9be5d2,97.57,68.24,62.58,67.42,3.64,28.0,78.87,0.6559999999999999,1,70.76,1,3,3,65.41,0.21123000000000006,3.578333333333333
a9c4f8d7-6980-4cac-935f-beee8f452daf,72.91,77.89,70.39,72.12,3.36,29.2,76.65,0.639,5,72.77,1,0,3,74.14,0.26958,3.0166666666666657
07707006-ad40-46f6-931b-e14001369ef6,85.81,51.7,51.73,64.8,2.0,24.1,73.57,0.409,3,56.86,0,2,0,51.715,0.307215,-6.421250000000001
9c873a1e-087d-4de6-8f9a-8c795a296866,99.45,87.42,80.79,80.77,3.95,27.6,82.27,0.499,5,79.57,1,3,3,84.105,0.10757499999999999,9.72333333333333
9b9f6453-efc2-4a5f-9ff5-3fd72f2eb7b9,92.22,65.32,74.62,68.97,3.05,27.5,86.56,0.591,7,69.26,1,3,3,69.97,0.2143,3.646666666666661
233efbe9-2cb9-4ab9-a876-ca9fa48cd93e,83.24,52.19,48.71,60.25,2.09,20.8,81.73,0.436,3,60.16,1,2,1,50.45,0.33494,-5.910000000000011
d30c2381-e5ce-40bd-8621-db0be85d7ca5,78.61,78.33,77.04,78.8,3.45,18.5,77.59,0.415,4,72.07,1,1,3,77.685,0.216105,11.994
ee6dcab0-4745-4a6d-a385-8e6c422a70d7,90.6,86.65,86.0,80.78,4.0,22.2,67.8,0.389,2,79.5,1,2,3,86.325,0.13628500000000002,0.0
0483b3de-5a01-46a3-85e9-da357b4026e9,88.65,73.38,76.01,66.79,3.3,23.9,93.88,0.4559999999999999,1,72.05,1,2,3,74.695,0.22094499999999997,0.5499999999999972
f17d517a-8acd-438b-8d41-115f972a52af,82.27,51.21,56.05,43.22,2.03,20.7,90.63,0.3319999999999999,4,59.83,0,1,1,53.629999999999995,0.38037000000000004,-17.571666666666665
862c2bca-ce5e-4763-8107-12d5bf78d7e9,98.7,81.24,73.36,64.45,3.61,31.4,78.84,0.686,7,79.64,1,3,3,77.3,0.17994999999999997,-3.5450000000000017
e0213fc2-5d47-4b61-ae93-ec38a48650a9,99.6,68.35,69.29,59.56,3.02,28.0,91.48,0.2009999999999999,6,69.02,1,3,3,68.82,0.21646,-8.063333333333333
282cf25e-b873-4ed7-80bb-d37fd3a57c58,92.56,57.08,65.9,58.78,2.76,26.5,71.16,0.279,4,65.42,1,3,2,61.49,0.26894999999999997,-6.030000000000001
0d6e06b4-0744-4884-a077-242d29cdb897,67.31,63.07,62.19,58.78,2.72,22.8,88.64,0.73,3,63.91,1,0,2,62.629999999999995,0.36652999999999997,-0.3612499999999983
fea5e6b0-d017-448c-8dae-bd64f437e9c8,98.37,66.0,51.23,55.7,2.64,25.5,69.79,0.1129999999999999,7,69.65,1,3,2,58.614999999999995,0.263575,-7.4099999999999895
2ec99372-3db5-44e4-8480-ca3f41f4e844,66.97,57.36,45.66,40.81,2.74,25.4,76.5,0.593,6,53.46,0,0,2,51.51,0.45516,-17.259999999999998
29532c22-2a07-47b0-9c43-b2ca7dd1496c,73.84,56.18,67.29,57.15,2.43,24.1,86.53,0.29,8,68.88,1,0,1,61.735,0.34798500000000004,3.9383333333333326
3027a4be-464b-4b90-bfab-135693e5900d,86.04,51.08,45.34,61.74,2.46,17.6,65.77,0.122,2,59.44,0,2,1,48.21,0.32598999999999995,0.30100000000000193
703097b2-6fdf-4fec-b148-277eca62b493,97.58,81.87,87.36,66.75,3.92,29.7,74.41,0.223,8,80.08,1,3,3,84.61500000000001,0.15558499999999997,4.422222222222217
48e3f366-0201-4023-924a-4c4430a33e93,98.68,51.61,51.27,49.68,2.0,20.9,83.48,0.444,1,55.04,0,3,0,51.44,0.30191999999999997,-13.184999999999995
e27380f8-de69-4b41-98d4-76752bd349c1,80.78,56.87,50.96,49.38,2.0,17.3,82.09,0.629,7,53.5,0,1,0,53.915,0.366995,-15.880000000000003
bc63d61b-12a5-44ed-b474-395db09835ef,73.2,63.75,66.85,64.49,3.21,18.8,71.55,0.101,2,58.14,0,0,3,65.3,0.31783,0.22999999999998977
fd82f9be-1283-4e79-ada6-8e82c357f3c2,78.87,49.92,53.16,50.22,2.53,25.6,72.62,0.155,3,59.14,0,1,2,51.54,0.37924,-4.475000000000001
8302a1d9-4072-41dc-9f14-8c2e7f57a4fe,71.72,64.2,63.78,72.13,2.9,17.4,90.77,0.741,5,64.15,1,0,2,63.99,0.30476000000000003,12.193749999999994
40940982-8d4f-4740-a48d-779372abcc7c,99.56,66.55,85.89,73.14,3.46,27.3,94.67,0.239,3,83.28,1,3,3,76.22,0.15367999999999998,-3.861607142857139
1e375adf-609e-45d7-8f35-f9a50b2de14c,85.88,74.83,78.23,72.55,3.7,19.9,88.4,0.945,5,68.59,1,2,3,76.53,0.20924000000000004,1.0028571428571382
b930856b-7dce-4dc2-87a9-901791f5a4bf,94.64,36.5525,51.69,41.33,2.22,18.9,92.7,0.671,6,53.58,0,3,1,44.12125,0.36508624999999995,-20.61714285714286
9d8f2cbf-fef0-49f8-a8e2-d9aa8a6e62c7,75.29,62.4,57.48,64.73,3.29,22.1,85.61,0.721,5,66.83,1,1,3,59.94,0.32482999999999995,11.957500000000003
0919d4a6-ab6c-4b3d-8122-ef20b91e8103,67.52,71.7,61.24,50.31,2.37,22.9,74.32,0.143,1,58.62,0,0,1,66.47,0.37958,-16.08333333333333
4f4d51ea-716a-4cac-9bbc-b4368bced69d,95.93,78.13,66.81,71.24,2.62,28.6,80.02,0.299,6,77.43,1,3,2,72.47,0.18515,5.9566666666666634
c79a6ce6-b7d9-4ff4-94ca-37d2bb4bfb26,82.53,71.58,65.91,66.1,2.74,17.7,69.44,0.1169999999999999,3,66.44,1,1,2,68.745,0.265345,-0.9300000000000068
5fa6358a-102e-4526-93d1-b8a86259bb9f,68.35,63.62,64.08,71.01,3.12,17.1,70.79,0.485,2,66.21,1,0,3,63.849999999999994,0.32202,6.27000000000001
dec04648-1dde-4bef-a373-dc85aa127260,95.35,68.77,69.89,67.31,3.28,17.1,76.63,0.753,7,65.5,1,3,3,69.33,0.20868000000000003,6.922000000000004
94ef8f1b-0a36-4440-97ee-c52f17f93ced,71.18,77.28,76.01,73.57,3.46,32.0,77.88,0.564,7,75.58,1,0,3,76.64500000000001,0.26463499999999995,5.286666666666662
7120687d-157b-4759-af08-356d938a307c,75.19,63.28,76.73,68.2,3.29,22.4,76.34,0.476,8,68.08,1,1,3,70.005,0.284625,4.94400000000001
d8d4cf56-f5cc-4fb4-8196-bde08c56f770,95.15,52.89,67.21,60.92,2.77,25.1,82.19,0.193,8,71.43,1,3,2,60.05,0.25649,-5.12166666666667
fe711f33-35ff-4cfd-bbbc-5bbc5e0fc727,99.79,83.42,78.28,76.48,2.76,30.0,76.43,0.421,5,82.67,1,3,2,80.85,0.12885,10.402500000000003
c3f33c65-8178-4b97-adec-7fc79382e757,97.23,64.47,67.27,63.64,2.45,18.4,71.01,0.5549999999999999,7,65.93,1,3,1,65.87,0.22254999999999994,1.9255555555555475
70705e49-1143-448d-8136-3bf330d9da09,86.45,52.44,51.22,37.92,2.19,16.9,77.75,0.263,6,57.32,0,2,1,51.83,0.38494999999999996,-20.33888888888889
f7f9fbf7-567c-46d7-bc22-5da10a3870a5,65.27,38.39,54.49,36.97,2.0,18.0,72.64,0.633,2,43.84875,0,0,0,46.44,0.48869,-20.865000000000002
a9a14ebd-2e32-4c21-9b61-adde3da210d0,65.55,40.37,42.92,42.64,2.0,18.9,87.35,0.293,7,48.18,0,0,0,41.644999999999996,0.484945,-23.04714285714286
4356a6de-e9b8-468f-b0a5-b60dcd5c884f,89.2,62.66,54.25,61.12,2.25,22.6,70.45,0.172,1,66.47,1,2,1,58.455,0.284475,-5.064
7aa8b24d-ec14-4331-9efd-47e9786f9d55,67.82,63.42,61.08,71.5,3.02,25.0,76.31,0.105,7,66.47,1,0,3,62.25,0.32747,5.086666666666659
f9e94d68-28cc-450f-9101-a309004fc7db,88.44,91.0,90.24,94.50125,4.0,22.5,75.11,0.198,6,85.82,1,2,3,90.62,0.09087625,22.5175
1dfd7f09-d3cd-4b86-9ace-bce420faebc0,65.68,72.56,67.71,75.96,3.53,22.0,89.1,0.783,1,67.22,1,0,3,70.13499999999999,0.298995,15.11
4144ab30-a1a5-4d13-9608-e608ef214abc,76.92,75.16,65.18,65.72,3.18,29.8,80.05,0.861,2,70.71,1,1,3,70.17,0.28464999999999996,-0.8457142857142941
b5c63188-cdaa-44e5-aadb-be78452ab0a9,78.73,45.21,50.85,50.59,2.3,21.7,83.97,0.454,3,60.25,1,1,1,48.03,0.38921999999999995,-12.989090909090905
fd65aed5-7fad-4503-974e-f0c723df33b2,94.77,54.41,64.16,57.96,2.63,26.8,93.82,0.935,1,68.56,1,3,2,59.285,0.269185,-10.690000000000005
59c251c7-4167-4f25-961c-7616330cadcc,75.35,71.37,65.61,63.59,2.69,28.4,83.61,0.2319999999999999,2,67.72,1,1,2,68.49000000000001,0.30236,-9.599999999999994
a115791b-410e-4d97-a90e-61afa8d4dcbb,76.02,68.17,64.9,66.83,2.51,28.1,81.25,0.262,3,66.97,1,1,2,66.535,0.295825,4.989999999999995
99505318-d7bf-4509-ac61-8e0f9702fd20,66.86,83.88,84.01,86.2,4.0,33.6,86.32,0.36,8,82.96,1,0,3,83.945,0.222125,24.28333333333334
6cce6e1c-6b89-4461-a074-fea2c3deef99,96.2,84.13,79.61,81.58,3.2,22.3,79.38,0.599,5,79.37,1,3,3,81.87,0.12484999999999997,16.665999999999997
3ffb5c6b-01f5-46a6-b5fe-9211ea5e6863,79.41,63.56,55.37,66.22,2.64,28.0,85.77,0.42,3,68.96,1,1,2,59.465,0.30530500000000005,-1.2560000000000002
ae04b182-940e-48c1-8437-b7501cda1486,71.32,78.15,75.1,65.37,3.47,26.9,69.24,0.724,1,66.71,1,0,3,76.625,0.288735,-2.501666666666665
044ec841-75eb-428f-85aa-fee351b3d8a2,79.05,59.05,51.07,42.62,2.88,13.8,87.48,0.769,3,52.57,0,1,2,55.06,0.39076,-16.206000000000003
a14f21c6-e20c-4fa1-ab5a-ac99e2a1d888,77.7,77.09,77.34,74.34,3.47,31.7,76.29,0.649,3,76.24,1,1,3,77.215,0.234535,7.458333333333329
5259bfa3-3931-4102-ba96-52332572b004,79.28,59.81,61.29,69.41,2.42,17.6,91.75,0.791,1,66.1,1,1,1,60.55,0.29300000000000004,9.142000000000003
78081b97-880b-4e2d-a5d9-fc8599e32a75,91.86,61.06,53.05,63.35,3.19,24.0,69.93,0.898,3,59.51,0,3,3,57.055,0.27134499999999995,0.0
299d32af-556c-4c75-a430-f5ae5996d89f,80.42,72.36,74.17,77.18,2.78,27.3,77.17,0.796,8,76.73,1,1,2,73.265,0.22698499999999996,8.951666666666668
7f13cef7-a4e1-476e-a401-32fe4bbd36ae,68.98,75.32,81.17,75.43,3.35,23.4,81.38,0.601,4,74.97,1,0,3,78.245,0.263055,7.842500000000001
277b9b00-b1a8-450f-bc55-e5d05080b883,89.29,65.93,65.57,69.53,3.2,29.9,76.41,0.597,2,69.0,1,2,3,65.75,0.23699999999999996,7.763333333333335
edbb439c-ce9b-4d77-864d-a3ec15895fdf,98.77,79.69,83.01,87.87,3.76,32.2,77.4,0.5549999999999999,7,78.63,1,3,3,81.35,0.09726000000000003,26.15555555555555
9fb8f628-fdd3-47a5-8d9f-eabdd0bc9225,78.45,78.06,78.12,75.77,3.75,21.4,85.55,0.76,7,72.41,1,1,3,78.09,0.22462,11.569999999999993
5314bee9-e823-4d86-b0df-bcfd02c428b6,92.31,75.59,68.12,64.73,3.54,24.7,82.45,0.136,8,74.36,1,3,3,71.855,0.22100499999999998,-0.2574999999999932
42801a01-280e-4ae3-9d9e-a4ebe741462a,73.3,42.6,37.17,45.16,2.0,23.2,75.4,0.956,4,49.86,0,0,0,39.885000000000005,0.451665,-8.875
687ad4fe-6791-4aa5-9509-c15d79322555,66.31,68.1,59.92,72.68,3.3,27.6,83.04,0.961,4,65.54,1,0,3,64.00999999999999,0.32469000000000003,5.570000000000007
a7d40460-456e-4765-b762-a3cd4c0f2bcc,91.3,71.78,64.56,70.01,2.94,25.9,71.74,0.817,3,72.28,1,3,2,68.17,0.22025999999999996,-1.8722222222222058
ce12f09c-50f6-476a-a6b0-d2f6912072e1,88.96,66.2,68.03,57.89,3.18,20.5,77.57,0.7849999999999999,3,65.75,1,2,3,67.11500000000001,0.269145,-4.696666666666665
d431f4c7-ccae-45cc-9d4b-ae7b07f1402a,79.03,53.18,58.73,59.14,3.1,15.6,58.80000000000002,0.826,3,53.87,0,1,3,55.955,0.338595,0.46750000000000114
e8b34fc6-4051-4e6a-8ece-d3132298d0cb,78.47,64.02,56.03,58.16,2.85,14.9,62.89,0.271,7,56.89,0,1,2,60.025,0.331565,-4.366
93bc05f3-fef0-47a5-bd54-db5c5a1883db,84.57,85.53,79.34,86.76,3.6,27.7,76.47,0.44,3,81.89,1,2,3,82.435,0.154135,13.662500000000009
9383f47a-51ba-4ac7-b102-5f89599a8821,97.5,57.69,65.18,59.41,2.29,20.4,63.26,0.651,4,60.16,1,3,1,61.435,0.24746500000000002,3.983333333333327
4ba025d2-b0a4-4706-bc5c-282e670db3b6,79.79,60.82,62.96,49.03,2.5,22.5,74.75,0.308,6,65.88,1,1,1,61.89,0.34807999999999995,-9.210999999999999
157f343b-126d-4ac7-9810-984f3a534342,81.74,59.75,52.73,54.87,2.0,13.2,91.85,0.764,8,63.54,1,1,0,56.239999999999995,0.33971,-8.670113636363638
3004d370-a900-4569-997c-b9eb02996b5f,81.39,64.77,54.95,58.29,2.46,20.1,84.4,0.8,6,60.66,1,1,1,59.86,0.31999,-13.342500000000008
73445abc-66c4-45d2-b632-b5a943b564b5,67.44,75.08,83.44,82.78,4.0,24.5,93.3,0.266,7,75.66,1,0,3,79.25999999999999,0.24412000000000003,12.007999999999996
11335fb0-f157-47b5-95d4-bc8aee792779,82.51,60.79,67.4,60.32,2.74,26.8,86.71,0.851,8,65.75,1,1,2,64.095,0.296715,-1.8428571428571416
50582afc-871f-437b-935a-d2a9c74925e6,66.32,65.33,66.18,75.6,3.19,24.5,93.34,0.623,3,69.71,1,0,3,65.755,0.310655,2.544305555555553
5488b20e-ca55-4b29-9356-e50a2fac9ee9,98.63,44.37,50.36,39.47,2.0,22.0,84.27,0.182,8,57.57,0,3,0,47.364999999999995,0.34497500000000003,-14.755000000000003
8137f539-2c88-41d0-9272-a2752774e296,77.09,62.73,65.58,61.45,2.32,20.5,88.32,0.624,1,67.02,1,1,1,64.155,0.31482499999999997,-0.9309999999999903
2a33cf45-6dc7-4302-ad52-7f5fa6b42076,69.72,43.2,46.47,45.73,2.39,24.5,83.61,0.3279999999999999,5,52.68,0,0,1,44.835,0.44942499999999996,-14.344000000000001
59a68beb-0614-4fdc-8c97-3de8cead3523,80.2,73.41,65.51,73.6,3.32,19.2,87.71,0.517,1,72.96,1,1,3,69.46000000000001,0.25001999999999996,10.313333333333325
53764d7a-e530-4149-9a81-defa425e472d,91.67,55.56,50.97,54.66,2.97,17.8,78.05,0.986,6,56.98,0,3,2,53.265,0.309545,-13.209999999999994
80a12c03-e25c-452d-bac6-1534c4d23d60,69.67,64.61,54.63,58.47,3.68,21.3,82.63,0.454,4,62.27,1,0,3,59.620000000000005,0.36705,-5.109090909090909
b871ac18-9b2f-4432-8f9a-e1cf43fad42c,99.0,82.06,85.41,84.7,3.95,23.4,91.74,0.107,4,86.0,1,3,3,83.735,0.09869499999999999,16.186666666666667
d5bc94cb-661d-4d35-b85e-b6d89f679030,82.26,74.75,60.8,55.51,2.68,21.3,78.72,0.7969999999999999,1,63.07,1,1,2,67.775,0.30110499999999996,-7.058181818181822
74ae4300-f334-47a4-9826-1802859830d5,97.37,87.01,79.63,83.4,4.0,31.8,83.95,0.3419999999999999,5,87.97875000000002,1,3,3,83.32,0.11035999999999997,18.798571428571435
7df39431-0b79-4de6-849b-73031109b443,83.09,76.5,78.48,64.52,3.14,30.9,85.21,0.763,5,65.71,1,2,3,77.49000000000001,0.24160999999999994,-0.9714285714285751
279dc740-dcd3-46f2-8041-d6d5a336287a,73.58,89.39,89.94,89.2,3.54,32.3,72.42,0.395,1,84.09,1,0,3,89.66499999999999,0.16908500000000004,19.58714285714285
0cf40a1a-f951-490a-a8e5-0f72c6bbf1ba,92.37,70.45,68.91,69.92,2.77,19.3,91.01,0.941,3,68.0,1,3,2,69.68,0.21171999999999996,3.5600000000000023
dcf2a190-b2fa-42b9-a78b-f61e954ee564,72.35,68.03,57.96,68.15,3.24,26.5,70.49,0.419,1,65.42,1,0,3,62.995000000000005,0.317165,10.893333333333338
e945b693-edd9-4591-b387-7e07a9f2de9a,84.28,76.75,77.9,66.89,3.31,26.9,85.56,0.8789999999999999,5,70.31,1,2,3,77.325,0.230235,3.9866666666666646
29ca2b6e-038c-4d7c-91e4-24ec1d4d43b0,98.45,76.24,89.03,69.99,3.22,27.3,66.02,0.926,4,78.84,1,3,3,82.63499999999999,0.14832500000000004,1.6749999999999972
fa05c9cf-3fad-448c-96be-dfe703d52b7b,65.26,41.67,58.09,46.01,2.54,23.7,72.82,0.8859999999999999,7,47.28,0,0,2,49.88,0.4512899999999999,-12.071607142857147
fed880cd-b288-4ff3-b928-2509559ff47c,66.73,67.99,62.3,64.93,3.48,21.9,88.04,0.752,5,63.66,1,0,3,65.145,0.34285499999999997,3.401428571428582
e37c33a3-87b0-4bbc-8f31-5249c3533221,95.95,71.02,60.7,67.94,2.04,24.3,81.44,0.523,6,72.57,1,3,1,65.86,0.21479999999999996,5.133749999999999
5a162fbd-57dc-446f-a8cd-7d8f85fb5ed7,90.09,62.33,70.86,69.22,3.46,18.1,92.11,0.625,1,69.74,1,2,3,66.595,0.23219499999999996,5.979062499999998
b21365f7-7fe3-491b-840b-02e1f1f8b88b,88.7,64.15,65.1,65.07,2.85,19.6,82.62,0.319,2,73.22,1,2,2,64.625,0.256115,-0.04285714285715869
40cf0d10-8787-48f7-a559-349ffbfdb3ed,85.41,86.49,82.91,89.57,3.86,33.0,92.8,0.884,8,80.07,1,2,3,84.69999999999999,0.13555000000000006,12.206666666666663
0331dbac-9709-4ccb-824a-5a90e2e1036e,95.7,71.63,79.72,68.17,3.33,23.8,87.71,0.73,1,70.78,1,3,3,75.675,0.18566499999999997,9.028750000000002
3a1bff27-a09f-4f22-b531-be2411641d85,95.01,72.49,77.8,73.27,2.87,28.6,83.69,0.836,4,69.04,1,3,2,75.145,0.17471499999999998,9.28125
8a4d7936-22bc-41cf-a482-34585d8b93be,68.22,57.42,62.62,70.42,2.25,28.7,78.06,0.5690000000000001,4,66.3,1,0,1,60.019999999999996,0.3358,12.223750000000003
5beb902d-9372-4d2f-bec4-c34b0b0e5592,68.43,56.84,57.03,67.89,2.49,14.7,73.74,0.949,2,52.6,0,0,1,56.935,0.3518049999999999,-0.2750000000000057
3c7fe382-d324-4785-af34-24e606a197c6,80.41,56.96,37.25,47.75,2.02,19.9,81.14,0.428,8,54.87,0,1,1,47.105000000000004,0.393795,-22.075000000000003
31cbc965-3e5b-4ca6-8ddf-16082b04b11f,79.92,59.16,63.77,64.07,2.97,21.8,80.55,0.2009999999999999,6,68.2,1,1,2,61.465,0.30371500000000007,-3.5533333333333417
498772b9-9d07-4c21-8d79-de7dd1346ab2,96.01,57.14,57.27,55.66,2.34,16.9,71.12,0.6980000000000001,5,60.5,1,3,1,57.205,0.277365,-10.466666666666669
1f296623-e828-4bd0-9030-a70c6e3f639f,87.75,87.21,74.86,87.19,3.85,21.9,87.22,0.185,1,82.2,1,2,3,81.035,0.144325,22.688000000000002
5c897001-01e5-4660-b643-26cdda1b3d05,76.86,63.35,64.95,56.66,2.83,25.1,75.49,0.99,8,65.83,1,1,2,64.15,0.33013,-2.3255555555555603
80cba601-49f4-494d-bf54-6379b0bbf063,81.12,69.48,74.17,78.18,3.4,28.0,83.17,0.8720000000000001,6,68.23,1,1,3,71.825,0.22550499999999993,11.263999999999996
be6a8924-f432-467c-8613-936169e5960e,81.39,67.7,57.69,66.83,3.06,28.8,83.49,0.686,4,67.48,1,1,3,62.695,0.28586500000000004,-1.1650000000000063
2a36265c-ee9f-4fb8-977c-e5bcbf4940bc,85.22,53.29,50.28,56.89,2.42,22.1,95.79,0.41,3,55.82,0,2,1,51.785,0.333095,-12.545000000000002
14537977-0bef-40d2-9443-c02dc6717757,73.76,64.37,66.55,61.14,2.64,27.5,77.1,0.734,5,63.46,1,0,2,65.46000000000001,0.32516,-2.509999999999998
d8414272-6a22-4b7c-ae14-fbd8356cfe9b,89.16,55.3,47.38,62.2,2.6,16.1,78.43,0.646,5,57.68,0,2,2,51.34,0.30274,-1.855000000000004
419e4600-5453-42c6-b8b0-a062f51250f6,89.97,80.64,84.54,83.16,4.0,22.7,70.85,0.38,8,83.39,1,2,3,82.59,0.14287,16.954545454545453
755f50a1-f0ff-4eb9-804c-623dc167e3b3,90.29,63.63,61.27,58.78,2.52,24.7,90.42,0.769,3,64.05,1,2,2,62.45,0.27514999999999995,-0.045999999999999375
0e96f1ac-cc33-40df-90bc-b1171323f7e7,82.97,65.04,68.09,72.78,3.24,20.4,86.98,0.377,4,69.45,1,1,3,66.565,0.250085,3.180000000000007
e096196f-b463-420b-b9b3-31b79a9205bf,86.77,67.79,63.32,68.01,2.71,21.3,67.57,0.869,3,69.85,1,2,2,65.555,0.252225,3.5877777777777737
f86eff7c-ae79-45c8-be26-e71fe342e0bd,67.31,51.54,49.47,54.62,2.59,15.3,79.29,0.601,1,58.58,0,0,2,50.504999999999995,0.415385,-12.967500000000008
90735455-5709-4fa7-8203-371760e8599a,94.83,57.63,59.72,57.79,2.92,26.0,76.61,0.917,6,61.82,1,3,2,58.675,0.271285,-0.8211111111111151
5c23f0a3-9a51-4174-996a-5c86fe149117,91.84,58.3,52.47,58.89,2.81,22.3,71.96,0.383,3,61.41,1,3,2,55.385,0.289815,2.076666666666668
cacd2086-6185-4754-ae1e-7444d053bf65,83.2,43.58,55.02,46.14,2.55,12.4,78.59,0.883,1,58.58,0,2,2,49.3,0.38087999999999994,-19.560909090909092
6ad77b3d-05cb-4ad2-bad8-0d70c9c98c2f,76.44,61.77,64.84,64.81,2.83,21.6,84.35,0.6519999999999999,2,68.1,1,1,2,63.30500000000001,0.309895,3.156000000000006
3e7312aa-c02a-4e2e-8588-c3189d3e67d8,65.36,83.3,64.72,80.3,3.24,28.4,87.11,0.297,8,77.22,1,0,3,74.00999999999999,0.27563000000000004,9.659999999999997
0d662e70-6cec-4c61-ac4e-62a3f6c56926,65.34,58.51,57.76,59.58,2.16,25.3,78.77,0.765,1,62.68,1,0,1,58.135,0.3854949999999999,-1.6862500000000011
38c64826-04cf-454c-a0ab-f7845e48e0c9,74.79,63.75,62.56,53.1,2.81,27.7,78.77,0.841,4,63.23,1,0,2,63.155,0.35207499999999997,-10.64
9a625893-0c0b-44cc-abb2-93dc9369ea9d,69.08,73.04,67.67,64.31,3.0,24.9,67.87,0.737,4,66.03,1,0,2,70.355,0.319685,5.752500000000005
d5d793d2-7b90-4289-8df7-41c09250e354,94.31,64.34,68.81,66.52,3.24,28.0,88.1,0.249,6,74.0,1,3,3,66.575,0.22347499999999998,-1.3539999999999992
595fbcef-fe67-48f3-8b6e-bb570dae253d,86.96,56.21,66.04,45.08,2.58,24.0,81.2,0.523,6,62.21,1,2,2,61.125,0.33354500000000004,-17.72625
c5f84f43-e5d5-4014-bfd8-bf1e0b10ccf5,95.78,61.62,53.05,57.73,2.42,23.6,85.19,0.738,7,63.59,1,3,1,57.334999999999994,0.271685,-4.211999999999996
21c5f7bc-5f77-459e-9926-543e1612ad8f,68.91,57.27,72.71,73.1,3.33,27.5,82.16,0.6599999999999999,7,70.07,1,0,3,64.99,0.3100900000000001,7.284285714285716
3e294729-b965-4e77-bba4-2c073166c228,88.26,74.4,66.75,67.41,2.99,27.8,76.76,0.399,3,71.46,1,2,2,70.575,0.233005,-0.5616666666666674
eba2c528-d56e-44b8-a786-bc0bc5048bdd,70.4,51.99,52.11,58.84,2.5,23.0,77.58,0.956,4,53.93,0,0,1,52.05,0.3857299999999999,4.805000000000007
5b10ca42-01ac-4535-9b95-a6dde5a8828b,89.97,68.63,70.73,70.59,3.16,21.6,70.11,0.987,7,68.78,1,2,3,69.68,0.21930999999999998,-0.1487499999999926
9670a00a-74a4-4c0f-a042-4492dc6c0371,94.91,78.39,71.01,79.97,3.12,26.7,83.79,0.318,4,82.33,1,3,3,74.7,0.15635000000000002,16.583333333333336
061c4dfd-d82e-4384-8af4-fdf3eb621bf7,87.25,69.95,67.0,54.18,3.44,23.8,77.29,0.434,2,69.0,1,2,3,68.475,0.283035,-11.068571428571424
ccb0b19b-91a5-41fc-a7c9-245dc1f859e0,71.92,57.16,50.51,63.85,2.68,19.4,80.44,0.198,2,62.53,1,0,2,53.834999999999994,0.35926499999999995,-8.13375
66e85481-cfd3-4f8d-afb0-421db511b25b,97.58,78.04,77.76,66.84,3.36,30.2,86.0,0.1169999999999999,4,73.34,1,3,3,77.9,0.17546,-0.18999999999999773
0accffac-50fa-4503-ae7b-4948d1f1fa18,96.78,57.9,67.04,64.85,2.97,20.3,76.02,0.5519999999999999,4,65.34,1,3,2,62.47,0.23092000000000001,-6.9571428571428555
bf9c045c-6fcb-4366-a57c-01f8f6e64cc4,71.35,70.54,72.41,74.07,2.93,25.4,84.38,0.575,5,65.15,1,0,2,71.475,0.2779650000000001,6.671999999999997
af70e625-dfad-4579-bbe0-624853d49b91,86.97,76.41,82.05,70.61,3.71,27.0,85.63,0.172,3,75.99,1,2,3,79.22999999999999,0.20260000000000006,4.426000000000002
222f9bce-b0ee-4032-9533-26475ee5ccab,71.98,59.1,66.76,64.76,3.61,22.2,82.0,0.722,4,64.96,1,0,3,62.93000000000001,0.3290099999999999,0.7277777777777885
02035ae6-8fb1-453d-80a0-97f04b33c852,88.19,60.84,67.44,68.91,2.88,28.6,82.04,0.357,1,71.02,1,2,2,64.14,0.24808999999999998,0.7540000000000049
ea6e8cd6-99d8-4b41-95bb-6510aeafe967,92.6,74.69,70.55,65.45,3.51,26.5,100.0,0.133,6,71.51,1,3,3,72.62,0.21539000000000003,-6.1640000000000015
06c539ba-55a8-4375-aefd-2b2d8956769a,75.13,62.05,64.06,64.18,2.6,17.3,82.67,0.959,3,59.84,0,1,2,63.055,0.317775,-0.9271428571428544
a5dd2555-34ff-4712-9175-35fee7fe33c9,87.8,62.68,66.1,60.74,2.07,16.4,79.34,0.38,8,62.7,1,2,1,64.39,0.27341,-5.465454545454541
1b36afc3-e359-40e3-92f0-43665a1fad2a,83.59,52.9,65.58,55.24,2.61,21.4,78.24,0.294,7,60.16,1,2,2,59.239999999999995,0.3222,-10.27571428571428
9c8409fc-efc4-4ed9-b7fc-3af162799104,65.47,87.78,85.9,94.50125,4.0,24.9,80.8,0.404,2,83.1,1,0,3,86.84,0.19409624999999997,25.5265909090909
1b8436b6-be72-4353-965d-043d2a1308bb,96.89,64.41,65.08,51.08,2.72,22.7,65.28,0.567,7,62.08,1,3,2,64.745,0.26496499999999995,-11.6025
fc0fc167-8f5f-42ae-b00d-7ae72a6d5d6c,97.87,69.89,74.48,78.72,3.28,26.2,64.14,0.919,3,72.65,1,3,3,72.185,0.15580499999999997,10.272999999999996
a90edb4e-3820-4fab-a436-7a618590a259,91.95,61.74,56.04,58.76,3.2,19.9,76.61,0.101,6,66.28,1,3,3,58.89,0.27925,-5.500000000000007
f742d84c-0312-4bdc-860a-705908fab059,91.23,55.87,65.58,54.9,2.22,18.2,86.46,0.73,1,59.98,0,3,1,60.724999999999994,0.288205,-4.241250000000001
10ea78fe-65a1-4270-9d33-fd1811feccd5,97.33,54.62,50.06,56.83,2.58,15.5,95.8,0.161,3,59.57,0,3,2,52.34,0.28317,-5.871666666666677
d0550607-bb85-4fdd-817c-89f000a4e144,73.12,71.02,73.81,76.78,3.23,29.7,77.69,0.21,2,71.78,1,0,3,72.41499999999999,0.259935,8.010000000000005
ca7a5b47-f4f6-4699-b979-72fdfbcecb64,92.51,60.45,56.95,56.36,2.42,15.3,84.77,0.194,1,65.36,1,3,1,58.7,0.28478,-10.661666666666662
baef653a-707d-4a63-bf74-05c850d4949f,77.42,48.5,51.81,54.63,2.61,14.6,86.33,0.995,7,57.4,0,1,2,50.155,0.375965,-12.139230769230771
9bc7419f-6c70-499b-86a9-6f570d33a03e,75.98,69.43,69.73,68.3,3.36,24.8,84.68,0.929,1,66.41,1,1,3,69.58000000000001,0.2824399999999999,4.215874999999997
42dade66-242a-4234-950a-1b43b5febbe1,85.84,63.86,54.89,69.93,2.71,28.3,95.33,0.408,1,68.08,1,2,2,59.375,0.26872499999999994,4.890000000000001
9461edca-934f-4f33-ab12-4996436676ff,72.11,59.14,53.01,63.71,2.71,27.0,78.78,0.224,3,65.92,1,0,2,56.075,0.352205,3.3999999999999986
b5769650-af8b-4b51-9335-2c9d068c379c,84.52,59.28,57.38,51.7,2.42,22.6,77.75,0.497,8,58.17,0,2,1,58.33,0.33183,-12.864285714285714
d3086fa5-ec88-4f61-95d4-dc185613dcd8,80.37,67.38,67.18,60.79,3.28,21.9,72.42,0.6839999999999999,3,66.35,1,1,3,67.28,0.29430999999999996,-5.8899999999999935
fa728f18-0de1-421f-8e5f-5ce1553d7602,97.57,54.79,64.84,51.11,2.49,20.4,69.66,0.149,1,57.08,0,3,1,59.815,0.27694500000000005,-13.316666666666663
4a00869f-e0aa-4898-b7db-6580fbcc8571,72.26,70.38,72.53,65.02,2.69,27.1,79.59,0.515,6,67.57,1,0,2,71.455,0.301535,1.769999999999996
ead91d9b-ca7b-47f8-bf1a-b888744c20a1,72.88,59.44,50.62,53.53,2.65,21.7,85.32,0.8630000000000001,3,60.6,1,0,2,55.03,0.38280000000000003,-9.311111111111117
e720ff02-d949-414b-b26b-22667610664b,70.29,67.35,64.5,66.11,3.05,26.5,86.77,0.208,6,73.86,1,0,3,65.925,0.322735,-4.381
ad4a7b6c-17b2-44f0-8a44-362daa5a781d,90.89,40.52,42.68,42.51,2.0,19.2,87.06,0.179,4,52.85,0,2,0,41.6,0.38411,-13.642499999999998
7a889288-9dd0-43e6-8642-bca978fe31d1,65.16,36.5525,45.33,38.05,2.0,14.3,75.54,0.108,1,43.84875,0,0,0,40.94125,0.50238625,-13.333333333333329
d7d82fcf-893d-459c-91f4-3235d17504c6,77.19,58.22,71.68,63.86,2.28,16.5,97.91,0.353,1,62.07,1,1,1,64.95,0.30481,-1.3233333333333377
8a0b92b0-1c5f-47f9-ae5d-503f957cafd9,81.21,52.2,63.64,50.84,2.77,15.4,90.72,0.946,4,60.78,1,1,2,57.92,0.34887999999999997,-7.839999999999996
b3da4769-020d-4cad-888d-d73e80f88d4b,74.59,62.02,62.07,67.3,2.8,28.4,90.86,0.252,7,66.82,1,0,2,62.045,0.313605,0.5922222222222189
ffc0a929-cf3a-43ad-8692-69bef73f4369,97.81,59.91,49.23,48.9,2.23,17.6,87.7,0.947,4,60.28,1,3,1,54.56999999999999,0.29835,-18.4
495da537-de9c-4364-a31e-6341094ee2ac,72.4,69.8,81.81,83.44,3.44,24.2,84.13,0.102,7,77.32,1,0,3,75.805,0.23266499999999998,13.976249999999993
264d7b3c-30ab-41f4-87e6-7ab0b21b453d,79.78,80.29,74.13,82.63,4.0,23.1,88.49,0.388,5,78.09,1,1,3,77.21000000000001,0.20135999999999998,18.677999999999997
f805b17a-d155-4620-820b-728717178817,80.92,46.87,40.95,45.53,2.76,18.8,100.0,0.362,8,51.35,0,1,2,43.91,0.408,-13.683472222222221
c0d47c38-1622-44f7-8750-8094245f3324,75.9,56.17,52.68,37.93,2.99,22.7,69.54,0.645,3,55.84,0,1,2,54.425,0.41933499999999996,-10.57
65ce3a4a-32a9-4052-be03-cc50afdca234,66.46,56.69,62.56,54.97,2.88,24.3,78.33,0.1639999999999999,1,61.13,1,0,2,59.625,0.390375,-19.099999999999994
307f96db-cd46-48c6-aafe-f00d305a898d,75.25,46.94,42.95,50.11,2.6,17.7,83.64,0.8779999999999999,7,51.74,0,1,2,44.945,0.41383499999999995,-10.624285714285712
c071b1f3-5d78-4b34-a0ed-4af7da03945d,89.86,55.61,52.46,62.3,2.2,25.5,77.63,0.38,3,66.6,1,2,1,54.035,0.291555,-3.905454545454546
d7fa6cf2-2c74-45c7-887d-06657bd7355c,91.25,66.05,79.94,57.89,2.76,17.9,73.88,0.8779999999999999,2,61.47,1,3,2,72.995,0.24234499999999998,-2.8442857142857108
d35395ed-0405-4740-971a-e1372cea2540,94.6,67.51,59.27,45.19,2.87,20.1,84.45,0.217,8,57.09,0,3,2,63.39,0.29586,-12.74857142857143
5399eb87-d15c-4c94-9bea-e009a7015dbc,99.99,74.76,68.54,70.55,3.16,21.0,80.05,0.8800000000000001,8,65.58,1,3,3,71.65,0.17344,-1.842000000000013
060a8956-6649-44a6-827b-d1b0f256075d,94.35,68.51,56.9,68.84,2.79,25.8,74.78,0.259,3,68.62,1,3,2,62.705,0.22796500000000003,1.1480000000000103
68f97330-40bd-4799-955c-1cd33f19bdd3,66.71,49.26,46.39,53.82,2.0,13.9,73.88,0.843,6,49.04,0,0,0,47.825,0.42822499999999997,-2.157777777777781
0ca292cc-fff6-44d3-bf56-b4647dffebd6,74.7,51.56,44.97,60.69,2.09,20.1,84.14,0.519,4,54.57,0,0,1,48.265,0.374335,-4.088571428571427
cd80af0c-d806-43df-bb00-fbb738f1a202,69.28,69.19,69.34,66.0,3.08,27.6,69.2,0.465,8,62.77,1,0,3,69.265,0.31708499999999995,1.2714285714285722
b4da5206-c7a6-4924-9cee-9a2f3dfd420f,93.19,68.32,64.88,71.09,3.24,18.0,72.97,0.348,8,70.46,1,3,3,66.6,0.21417000000000003,-5.408000000000001
fe30be13-731d-415a-9042-bec66d60d122,82.67,52.78,48.47,56.92,2.4,18.0,66.9,0.253,2,58.02,0,1,1,50.625,0.34668499999999997,-9.805999999999997
1faa4f74-87df-47d0-b6ca-02f6ee86ba5a,97.28,58.52,64.9,56.47,2.78,16.9,75.27,0.1,8,69.34,1,3,2,61.71000000000001,0.25633999999999996,7.614999999999995
bc3c7c40-149b-4a12-8c58-c7644d48469d,72.47,66.08,44.55,44.61,2.2,22.7,71.29,0.602,7,53.75,0,0,1,55.315,0.410345,-13.746363636363633
b89a4111-c1e4-489a-a346-a791a5af40fe,65.36,66.38,66.14,58.27,2.72,23.4,89.14,0.7769999999999999,3,66.92,1,0,2,66.25999999999999,0.36497,1.086666666666659
823998be-2025-4950-9d6a-fcbcb54614ca,82.76,80.64,83.52,75.42,3.05,28.8,85.45,0.273,8,80.95,1,1,3,82.08,0.19645999999999997,5.185000000000002
bfeca711-4859-47f7-842a-24be4fe44b1c,74.04,70.94,83.59,72.46,3.84,29.4,89.81,0.788,8,68.93,1,0,3,77.265,0.25466500000000003,6.73333333333332
75bf52e9-bbbb-432f-acab-60d61007cb09,99.69,73.41,55.75,67.76,3.05,25.7,85.65,0.225,6,70.29,1,3,3,64.58,0.20421999999999996,0.8600000000000136
15152179-0977-4146-bba1-6007dbbb61c3,82.91,58.64,61.7,51.39,2.8,18.8,81.4,0.937,7,60.0,1,1,2,60.17,0.33368000000000003,-12.948750000000004
ad1707f6-a2d5-46f9-99b3-b8c2847b5e1a,89.99,70.65,63.16,68.02,2.94,21.2,82.18,0.377,3,69.75,1,2,2,66.905,0.23526500000000003,-1.5799999999999983
60b63e73-f565-498e-9b82-44d6b61bd8f1,65.05,49.79,52.75,65.62,2.0,24.8,84.56,0.16,7,55.7,0,0,0,51.269999999999996,0.38913000000000003,-4.681666666666658
ed122ca4-5e97-449c-972f-87045f8a4d0c,88.69,56.68,65.54,64.1,2.93,18.0,68.95,0.366,7,62.75,1,2,2,61.11,0.26961000000000007,1.6299999999999883
a1ae9de6-df3b-4b13-9df5-eac403fe07e4,77.76,69.85,73.13,70.94,3.12,26.4,69.36,0.2799999999999999,3,69.82,1,1,3,71.49,0.26166999999999996,-2.0400000000000063
9275ed9d-528b-4ad1-a96a-5a53f06ce44f,71.37,72.33,78.07,74.16,3.8,29.8,77.53,0.8619999999999999,8,78.36,1,0,3,75.19999999999999,0.26644000000000007,8.79249999999999
a2519d5d-742a-4713-b0be-fcced5d994b3,87.37,82.75,85.16,84.03,3.75,26.2,80.44,0.949,5,80.43,1,2,3,83.955,0.14656499999999997,15.864999999999995
f31c9af9-4aec-42a3-9fb3-5c7cfada8f3a,67.16,53.84,64.2,60.05,2.88,20.8,73.42,0.213,7,59.71,0,0,2,59.02,0.37415,-3.8474999999999966
3e35e7ca-1ed0-44df-bbd1-8db3d62129a0,70.61,46.39,46.6,51.97,2.23,13.4,65.82,0.4269999999999999,7,49.03,0,0,1,46.495000000000005,0.42216499999999996,-5.280000000000001
71efb339-f001-48f8-8293-6cfa334affef,80.2,69.96,66.23,76.13,3.61,28.1,93.79,0.186,6,75.57,1,1,3,68.095,0.246525,10.349999999999994
0812d691-0e8c-41a1-970f-6601b85ad823,99.31,82.37,80.69,87.09,4.0,30.1,80.18,0.298,6,84.23,1,3,3,81.53,0.09689999999999997,15.805714285714288
bcd75a83-de9e-4398-a4b5-dce2c5280353,76.67,58.53,51.22,62.57,2.33,17.0,69.86,0.947,4,56.76,0,1,1,54.875,0.34098500000000004,-4.729999999999997
46f70b2b-b82f-4236-ab3c-5a2c6fb65001,80.4,76.73,76.82,81.62,3.11,28.2,72.27,0.736,7,71.64,1,1,3,76.775,0.20321499999999998,10.89500000000001
f97fce5b-7eca-4237-b0b7-e12b13e17bfc,84.24,55.23,62.86,55.89,2.04,13.7,70.98,0.961,5,58.01,0,2,1,59.045,0.31823499999999993,-11.219999999999999
71e9cf90-fdad-4fcd-8e29-bce839f72498,87.44,62.46,58.45,42.76,2.82,17.5,73.6,0.875,2,55.17,0,2,2,60.455,0.340595,-17.395000000000003
d81ba4b4-da6b-4780-b2b5-8d4e24a6175f,67.48,58.07,54.82,50.91,3.35,21.7,71.94,0.98,3,58.18,0,0,3,56.445,0.408015,-11.56000000000001
689f7d4a-a307-4b5c-b6af-2859f18e1ec2,94.7,62.4,58.81,64.15,2.78,25.1,95.61,0.923,1,69.45,1,3,2,60.605000000000004,0.24693499999999993,-2.4325000000000045
76df0148-cd8a-4cdf-b839-f1433d51f995,81.33,58.72,58.19,70.27,3.08,25.4,72.54,0.575,2,58.99,0,1,3,58.455,0.288505,2.872
f54e2297-c3ee-484e-93a5-09e9d8eab9ad,89.08,63.33,65.87,61.49,3.54,22.7,86.06,0.491,6,68.69,1,2,3,64.6,0.26541000000000003,0.017777777777780557
18c85557-ce69-455b-b171-a14419bea257,91.34,64.54,69.06,73.35,2.5,20.8,100.0,0.289,5,68.46,1,3,1,66.80000000000001,0.21418999999999996,6.393333333333331
38007e97-cb4b-475c-b012-44400d8bcb1e,85.48,63.32,63.36,57.56,3.16,28.0,84.53,0.985,7,60.05,1,2,3,63.34,0.29538,-3.9542857142857173
c76987fe-2219-41ac-a40f-c8e09d9e0f0c,69.74,80.06,84.24,75.92,3.69,30.0,82.6,0.161,3,77.65,1,0,3,82.15,0.24683,13.218333333333327
d6e1fae4-b5ff-47ac-ac4f-5f895e91a0f1,87.15,56.85,56.75,59.88,2.94,16.3,91.06,0.638,7,64.04,1,2,2,56.8,0.30135999999999996,-4.043333333333322
f538858e-f903-44bc-acd1-52571d254b19,77.04,61.41,58.19,45.47,2.8,17.5,79.61,0.183,3,64.05,1,1,2,59.8,0.3760299999999999,-14.383333333333333
f8186861-3fa0-4cb9-a743-7565340cfa5e,98.29,58.84,55.57,50.48,2.46,15.4,70.59,0.241,4,59.69,0,3,1,57.205,0.28378499999999995,-2.0574999999999974
5af2460d-3729-403d-bf7d-260f5c06ba3a,81.4,65.93,72.58,69.74,2.96,20.3,87.57,0.76,5,67.68,1,1,2,69.255,0.257415,5.539999999999992
8e96c737-456f-4e0e-88ed-ebf5a3d3569b,90.91,64.64,68.28,63.78,2.51,15.4,77.88,0.125,8,61.43,1,2,2,66.46000000000001,0.24564,-1.5649999999999977
3e6063b9-b4a9-4325-841e-d2974a647855,73.76,53.61,43.43,54.42,2.39,21.4,68.57,0.583,5,51.1,0,0,1,48.519999999999996,0.39614,-10.08999999999999
fbf9544b-e370-4b58-ab0d-0d07dbeb080a,76.77,53.4,54.31,52.02,2.93,23.0,85.72,0.131,3,55.6,0,1,2,53.855000000000004,0.375295,-10.184999999999995
fb22495b-2216-429a-8bf9-9215090233c4,96.93,65.94,67.75,56.0,2.7,26.7,96.79,0.3319999999999999,3,71.17,1,3,2,66.845,0.243745,-4.791666666666664
91033451-21c5-4240-9e4b-5b849e0a6d4a,86.26,60.9,66.94,59.37,2.82,27.3,64.58,0.516,5,62.63,1,2,2,63.92,0.28509,-14.425000000000004
8de2c01b-0956-43e6-88c5-d1712cd402c6,85.53,69.99,75.73,76.16,3.4,27.8,88.49,0.799,1,70.0,1,2,3,72.86,0.21082,8.102000000000004
2c547992-6bef-45d8-8360-db447da3331a,83.97,52.52,54.06,59.56,2.52,18.0,79.03,0.558,8,59.51,0,2,2,53.290000000000006,0.32556999999999997,-7.891428571428563
cc9b0b0f-5f48-4db2-af0e-66075b3f2c6a,92.46,69.85,75.33,85.77,3.55,23.3,77.01,0.437,7,73.69,1,3,3,72.59,0.15508000000000002,17.451666666666668
9b18a78b-85e0-4892-8cdb-4690fc135b8d,94.19,66.98,69.87,68.09,3.33,23.4,78.55,0.7110000000000001,1,66.62,1,3,3,68.42500000000001,0.21369499999999994,0.31374999999999886
c9bfb435-cc11-4384-8d09-c5359cb7ab93,99.4,39.01,44.62,33.71125000000001,2.0,13.2,88.93,0.6799999999999999,4,49.73,0,3,0,41.815,0.37582125,-31.012656249999992
413dc92f-cff1-43dd-8305-127c20b73d58,75.75,64.66,60.71,71.39,2.5,28.3,88.09,0.321,4,74.77,1,1,1,62.685,0.294775,6.280000000000001
ba853263-d1dc-4c0d-af63-dbbe2a1ad4f1,66.8,76.58,70.61,60.74,3.2,27.9,81.23,0.5740000000000001,6,66.56,1,0,3,73.595,0.329795,-6.1175
c22c84c2-c535-4a76-a23f-a52c7c4762f2,79.25,60.88,56.19,52.98,2.67,24.1,87.49,0.1679999999999999,4,62.51,1,1,2,58.535,0.348455,-5.368333333333332
95a2abc8-9fbf-41b4-b611-87d23d4ebcca,67.43,58.1,63.6,58.63,3.18,18.8,75.87,0.8710000000000001,2,58.03,0,0,3,60.85,0.37183999999999995,-9.217999999999996
9271d7f2-5564-4af7-97bc-0976d130b06d,94.66,54.13,54.15,52.98,2.23,20.7,80.35,0.132,8,63.14,1,3,1,54.14,0.3,-10.365000000000002
364d711b-3c86-43cc-811a-3e80d1860e4e,90.76,68.21,64.01,78.22,2.94,20.4,86.29,0.156,2,78.01,1,2,2,66.11,0.20396999999999998,15.77666666666667
9e49769e-144a-41f9-9616-4624cf86a3cd,82.72,46.11,65.6,48.9,2.79,17.0,79.39,0.844,8,58.18,0,1,2,55.855,0.35485500000000003,-9.28541666666667
06912e73-967b-49f7-926b-f2f31fb442bd,91.61,87.0,91.91,83.76,4.0,21.4,91.37,0.469,1,85.2,1,3,3,89.455,0.11391499999999999,14.652000000000001
4fa4a4ab-37b7-4402-b189-e8b66d31b238,73.27,60.67,66.88,64.68,2.91,27.7,82.03,0.963,7,62.61,1,0,2,63.775,0.321555,4.8883333333333425
7e337329-b8f5-4b4c-9179-c617ede66b4b,81.11,68.45,71.78,82.88,4.0,22.5,69.11,0.999,3,74.21,1,1,3,70.11500000000001,0.216575,19.387777777777778
55741762-c89d-4c40-bfa6-1ec12999b3c9,86.71,44.71,41.44,33.71125000000001,2.17,19.9,96.89,0.756,2,52.2,0,2,1,43.075,0.42280124999999996,-32.38222222222221
ffd871b8-969d-466d-8c15-e14edc01cd0b,87.8,71.45,70.14,69.22,2.44,17.5,89.67,0.683,1,70.62,1,2,1,70.795,0.22875500000000001,-1.3049999999999926
02bffa83-c8d7-440d-a7f4-58f60715ad0c,89.43,54.66,53.25,45.83,2.57,24.7,63.82,0.1169999999999999,5,60.79,1,2,2,53.955,0.342925,-21.200000000000003
d486b3f4-5faf-41f2-a390-592d910ea6e0,65.76,54.0,67.95,67.12,2.97,20.6,75.76,0.725,7,56.85,0,0,2,60.975,0.35267499999999996,0.5560000000000116
942c26d8-cbb4-4328-81e4-68862f1b203d,82.82,64.76,64.0,65.23,2.99,28.7,100.0,0.509,5,72.08,1,1,2,64.38,0.27989,6.500000000000007
b33ef947-a738-4f7f-9cc8-f2bcf3f29855,88.41,62.59,69.08,58.81,2.81,21.2,80.35,0.7769999999999999,4,65.66,1,2,2,65.83500000000001,0.272425,1.626666666666658
6b317fd2-9844-48a1-a0e3-1af79da70cf9,84.5,59.33,51.63,56.17,3.18,21.5,82.72,0.915,2,61.29,1,2,3,55.480000000000004,0.32705,-14.405714285714282
1b8490f8-477e-4c3d-b106-8a9386b06400,83.96,75.98,77.82,68.63,3.37,26.8,72.28,0.111,3,69.21,1,2,3,76.9,0.22757000000000002,1.6228571428571428
86f55fb2-4a85-4066-8c22-383341da8750,82.17,48.04,48.18,42.55,2.64,15.7,81.54,0.624,5,53.11,0,1,2,48.11,0.39934,-19.830999999999996
333203db-5410-4def-b10e-7a75665951e8,95.13,45.31,44.26,54.83,2.0,20.9,87.48,0.462,7,60.21,1,3,0,44.785,0.320635,-4.241428571428571
136d89c2-cec7-401a-9146-0d7413270e28,90.3,81.13,65.34,88.03,3.24,28.8,72.66,0.239,1,80.45,1,2,3,73.235,0.155005,11.028392857142862
2e94bfdf-3af3-405d-870c-8339d457e14e,91.1,75.77,62.18,70.29,3.14,25.2,79.8,0.1669999999999999,8,74.75,1,3,3,68.975,0.21780500000000003,4.167500000000004
5e586f60-1281-44d0-9350-480cf41a73d4,81.59,60.79,59.19,62.29,2.58,17.0,85.38,0.192,6,60.73,1,1,2,59.989999999999995,0.3068,-3.2328571428571493
6c67d818-ad51-46e6-96ca-15d1c890b73e,85.49,58.78,64.06,67.93,2.54,27.5,85.8,0.661,7,66.59,1,2,2,61.42,0.26998999999999995,12.945000000000007
652dd194-9f41-475b-8fcb-774dd31c7915,99.67,65.02,56.61,54.91,2.77,21.6,81.07,0.8320000000000001,5,65.22,1,3,2,60.815,0.254145,-12.252499999999998
0f6a1f6d-3e98-4ef9-82e5-ce024dd29b57,85.97,71.83,74.27,53.27,3.3,24.5,86.3,0.4269999999999999,3,68.66,1,2,3,73.05,0.27716,-3.979999999999997
d18c0e6a-0eca-4c64-a36a-b6ae07178f03,66.51,77.13,74.39,83.02,3.25,26.8,81.67,0.267,1,75.19,1,0,3,75.75999999999999,0.25762,8.412499999999994
014631d4-b52c-4b24-834e-200bcd84c52b,99.41,67.22,72.72,74.78,2.99,17.2,92.16,0.422,6,66.2,1,3,2,69.97,0.16811,7.064999999999998
9dd68920-59aa-43e7-bc42-aa7422660678,89.24,55.47,60.4,64.92,2.56,19.9,66.73,0.146,2,62.8,1,2,2,57.935,0.27447499999999997,1.4375
d81e9922-5ae9-4021-b46d-397dbbc7df4d,73.44,66.3,65.34,58.61,2.62,28.0,75.53,0.587,7,64.77,1,0,2,65.82,0.33295,-6.021999999999991
51a8668e-8332-4967-ba24-6bd300441434,81.8,52.06,63.95,53.49,2.26,20.7,74.99,0.2759999999999999,5,65.27,1,1,1,58.005,0.33831500000000003,-4.729999999999997
9e507a4c-7557-4cf0-8a41-6f597e556e67,98.94,64.48,73.77,72.93,3.19,28.4,86.28,0.78,6,78.6,1,3,3,69.125,0.17807499999999998,9.713333333333338
223cd718-48a0-4665-bc06-1db54bc04349,99.09,79.66,80.03,79.13,3.11,26.6,75.11,0.784,8,78.74,1,3,3,79.845,0.126715,19.529999999999994
afe7d87a-cd40-4f9b-8ad6-648669bd649d,77.14,64.1,62.19,60.01,2.56,18.8,76.74,0.968,5,57.91,0,1,2,63.144999999999996,0.32197500000000007,-2.9283333333333346
d4aa4ef6-7f6f-4770-9193-65f7223ac400,89.74,46.12,47.7,48.39,2.65,23.8,84.4,0.365,2,64.16,1,2,2,46.91,0.35514,-9.43833333333334
17568cbb-283a-40df-8df9-22d457aa0dca,92.92,80.21,87.78,82.96,4.0,25.5,65.76,0.563,3,77.3,1,3,3,83.995,0.12745499999999998,11.530000000000001
2724d939-c6dd-4493-bc6e-f830121a5374,73.09,54.76,59.7,61.45,2.33,21.6,79.91,0.433,4,61.2,1,0,1,57.230000000000004,0.35159999999999997,1.3299999999999983
b99b88b5-415b-49dc-83ab-4539e84fc2b4,89.41,76.26,77.25,67.57,3.46,24.3,83.62,0.554,7,71.79,1,2,3,76.755,0.20938500000000004,-1.1330000000000098
420c769e-4dad-4695-9694-7a167c940a68,86.13,67.78,61.49,64.61,2.86,24.6,72.25,0.772,6,61.31,1,2,2,64.635,0.26774499999999996,4.856666666666669
bda78bc4-1042-4f57-8475-7915ee0d7412,69.36,78.43,72.08,72.58,3.77,22.2,85.96,0.882,1,67.48,1,0,3,75.255,0.27905500000000005,11.522000000000006
52f0e39c-c340-492f-b830-0d735190315e,84.66,51.42,53.34,67.83,2.4,21.6,64.78,0.6519999999999999,5,61.29,1,2,1,52.38,0.30073,6.176000000000002
2d6e1f2a-f8f2-4a62-9abe-98e51c67332d,90.49,58.6,57.5,44.13,2.09,25.4,61.73,0.5549999999999999,7,59.34,0,2,1,58.05,0.3315000000000001,-17.58444444444445
0bbe84ca-bc0f-4b5f-a8e9-92ba71f41084,76.31,53.29,53.73,48.13,2.15,22.9,73.46,0.764,7,53.91,0,1,1,53.51,0.38984,-15.410113636363633
b0d0bc70-268f-4121-b465-3f989e363732,68.49,49.36,47.74,33.71125000000001,2.79,24.2,77.39,0.37,6,48.7,0,0,2,48.55,0.47925624999999994,-24.012999999999998
4ca0dafd-ee6b-4bdb-9da4-d2448f803e28,82.53,75.88,72.41,71.27,3.51,22.0,91.52,0.119,4,73.44,1,1,3,74.145,0.233635,1.8900000000000006
d50bfe60-344d-4673-8b50-b45c8ef3e158,77.08,68.08,72.6,68.23,3.03,22.4,93.26,0.693,1,65.62,1,1,3,70.34,0.27597,11.408999999999999
06c9047b-4d3e-43f2-9039-e2614f2d1903,88.55,82.7,74.93,88.43,4.0,25.8,81.52,0.244,1,84.64,1,2,3,78.815,0.144065,12.314999999999998
c4546793-9acd-4085-83d1-c05fce76afcf,88.97,57.68,61.69,54.45,2.76,17.5,89.15,0.4519999999999999,8,62.62,1,2,2,59.685,0.30171499999999996,-11.282499999999999
0364d064-6fbf-4c7f-8fe8-1911de212c64,78.16,61.77,55.52,57.03,2.24,13.9,84.62,0.441,8,61.49,1,1,1,58.645,0.34033500000000005,-2.5999999999999943
19e7cf9b-341a-4334-acc6-7d49171ab900,96.7,62.41,62.53,59.17,2.95,18.7,91.3,0.492,5,65.16,1,3,2,62.47,0.24827999999999995,-9.186666666666667
a7a3c124-2137-48d5-9918-174e2746a640,73.28,76.9,77.75,69.78,3.71,21.9,100.0,0.3299999999999999,3,71.31,1,0,3,77.325,0.265565,3.9350000000000023
a2daa11a-265e-499d-ae87-369b412a20b7,96.64,77.03,78.58,69.87,3.44,22.6,71.94,0.5940000000000001,8,72.45,1,3,3,77.805,0.17041499999999996,6.041250000000005
2bb6880d-fc6c-4caa-b2da-565c91398c94,72.37,68.66,76.96,66.74,2.77,23.3,75.93,0.323,7,69.37,1,0,2,72.81,0.29186999999999996,4.057142857142857
594fba66-08c0-408b-941d-72ef4af4ab77,71.88,67.2,69.38,71.94,3.11,20.6,72.78,0.344,1,74.34,1,0,3,68.28999999999999,0.29179,9.04
5e2a2b13-e542-41ea-941b-8725330a9223,91.63,73.98,86.88,74.99,4.0,31.5,76.44,0.258,4,76.2,1,3,3,80.43,0.16722,14.977142857142844
f367e1da-f20c-44a8-9f78-d5ca856fa5ea,66.16,66.93,68.41,63.19,3.41,21.9,87.47,0.6799999999999999,4,65.19,1,0,3,67.67,0.34278,-1.5339062500000011
23d8d05a-207c-4fd3-973b-e95c425afbf6,75.69,60.04,59.42,62.77,3.0,16.5,86.41,0.284,3,64.78,1,1,2,59.730000000000004,0.32974,-2.759999999999998
45d53401-35fa-4ba0-89cf-ea15fe286363,77.86,44.95,56.93,59.96,2.29,20.0,92.68,0.827,2,54.49,0,1,1,50.94,0.35586,-6.722857142857144
e83b1002-55d4-4f1c-9016-e5ebea39b74d,87.0,58.95,55.19,52.16,3.15,26.9,82.4,0.917,2,61.06,1,2,3,57.07,0.32431,-6.451111111111118
57465951-f244-4095-8741-50931552b27c,85.27,69.6,72.22,74.88,3.27,28.6,72.69,0.384,7,76.9,1,2,3,70.91,0.22155000000000005,5.600999999999999
b1fbc187-ba17-49aa-889f-a4fffd929f75,89.54,88.84,88.94,92.4,3.98,22.7,75.6,0.897,4,85.03,1,2,3,88.89,0.09796999999999995,25.905
0f186e82-d787-45f3-8af2-7fda8a54ac37,76.37,81.84,76.97,79.03,3.34,21.6,91.09,0.487,1,71.96,1,1,3,79.405,0.219215,15.825000000000003
c392dcc9-97d9-431a-a646-679f941a44c2,78.96,73.89,74.82,71.16,3.19,19.0,98.78,0.995,8,69.76,1,1,3,74.35499999999999,0.24761500000000006,4.390769230769223
313f28fc-b2b6-42a8-896c-584979ef365e,79.35,65.01,69.54,67.44,3.36,29.9,78.29,0.794,2,71.6,1,1,3,67.275,0.278455,4.168571428571433
5b94f530-45ce-4016-889c-d8b3c443de41,79.0,62.91,59.64,69.1,3.36,26.5,92.8,0.64,7,65.88,1,1,3,61.275,0.292875,5.361999999999995
00e03fe9-d2cc-48dd-b4fa-3db933c1bb68,94.95,61.5,63.74,57.36,2.87,26.4,97.74,0.1149999999999999,4,74.72,1,3,2,62.620000000000005,0.26025999999999994,-10.665999999999997
96fc5486-e09f-4087-b7e6-9a194404f378,80.54,63.9,62.26,61.24,2.92,16.6,72.37,0.741,6,55.66,0,1,2,63.08,0.30488,1.3037500000000009
30935c9c-85f5-42ea-9c7d-f3400934e577,67.5,52.44,58.07,63.9,2.39,15.9,81.43,0.743,7,54.25,0,0,1,55.254999999999995,0.372535,0.7866666666666617
0cb53475-7fe5-4cc3-a86c-cf9a8d2838ab,90.17,58.91,56.74,60.16,2.98,25.9,75.12,0.296,2,68.83,1,2,2,57.825,0.285365,4.653333333333336
c8e9b2c1-c21a-45b1-b75d-bd942232af35,94.55,50.6,50.6,45.84,2.68,12.9,83.5,0.476,1,58.26,0,3,2,50.6,0.33248,-17.41599999999999
a41a074b-4fe2-4c14-b110-36d28420939f,91.08,55.38,46.36,46.16,2.15,23.4,64.81,0.4639999999999999,3,56.36,0,3,1,50.870000000000005,0.34459,0.0
3a2a6914-046b-4cc5-8527-3f3ccc87e0f1,92.12,57.52,51.88,55.64,2.08,12.7,68.88,0.3299999999999999,4,58.74,0,3,1,54.7,0.3005,-10.204999999999998
f1aad79b-a218-4e53-a9d3-1657441b7d55,95.19,71.06,77.26,68.08,3.54,29.7,82.2,0.943,7,74.28,1,3,3,74.16,0.19252000000000002,7.979999999999997
89ad7d89-19bf-478b-9cde-b69b8138cd7b,90.97,61.24,65.62,61.86,2.89,23.7,70.66,0.428,5,68.27,1,2,2,63.43000000000001,0.26025,-7.965000000000003
5a3df27f-fe9d-486a-a3c9-fe748cc04d65,96.23,56.7,55.17,60.19,2.66,15.8,74.46,0.1709999999999999,3,64.57,1,3,2,55.935,0.26670499999999997,-10.230000000000004
cad4b5f5-907c-4813-a7f1-fdb0b06b7599,78.64,48.64,60.69,54.05,2.96,24.4,91.77,0.493,3,59.0,0,1,2,54.665,0.35929500000000003,-8.100000000000001
7ff01749-f5d9-41ab-a462-dc724ca99112,75.65,63.72,63.18,58.65,3.09,19.6,88.22,0.818,8,60.64,1,1,3,63.45,0.3311,-2.0500000000000043
267eb73a-abcf-4624-a0a2-9d7d7b01497e,70.43,64.13,55.58,53.68,2.89,18.5,94.06,0.6679999999999999,7,61.2,1,0,2,59.855,0.377675,-7.815000000000005
03161d02-863a-434d-b6a1-d3dd1be0eb00,71.75,73.83,82.38,73.75,3.31,24.0,75.06,0.507,6,74.44,1,0,3,78.10499999999999,0.257435,8.709999999999994
975d681b-dd93-4e16-8785-4e59db856c83,65.5,54.3,64.37,59.66,3.11,26.7,84.05,0.622,1,63.62,1,0,3,59.335,0.381015,-3.6000000000000014
09c701bc-c6d5-432a-9e88-4284657ec6a1,81.2,78.02,71.17,81.2,2.92,20.0,95.48,0.91,5,67.5,1,1,2,74.595,0.207815,1.4799999999999898
6b48b368-707e-4c1b-8d12-d62cd62167e4,84.16,61.15,63.97,65.76,3.27,19.1,82.18,0.313,8,70.41,1,2,3,62.56,0.2784,2.1012500000000074
6db26ef0-2713-461f-bc99-ba66d2fc3b2e,82.23,64.32,73.27,63.95,2.65,25.8,83.36,0.437,6,70.84,1,1,2,68.79499999999999,0.272845,-4.368333333333325
3771e2e2-3176-4ab8-9bec-7f6ebad980b0,93.22,92.8925,93.09125,94.50125,3.68,27.6,72.93,0.71,4,87.97875000000002,1,3,3,92.991875,0.06464062500000002,26.19083333333333
61a3d421-826d-428d-95e4-20d5337d856b,75.92,61.51,66.71,63.58,3.35,26.3,74.15,0.911,3,60.09,1,1,3,64.11,0.31325000000000003,-5.160000000000011
64594aed-caa3-4fd4-b589-1826c0fd0429,73.25,58.31,64.51,79.35,2.62,20.3,84.82,0.474,5,64.28,1,0,2,61.410000000000004,0.28472000000000003,19.146
1b3a97dc-3696-4656-9d4b-c1b02b695c20,79.7,48.42,45.61,55.99,2.69,22.8,76.3,0.147,4,55.06,0,1,2,47.015,0.37218499999999993,-8.298571428571428
678c79b0-ed2c-4e11-b1aa-98b3a4f65ccc,91.92,73.64,78.35,67.98,2.87,19.4,89.07,0.659,7,74.77,1,3,2,75.995,0.20039499999999996,5.901428571428575
3c43c1b7-8393-4b48-880d-8945d3d195ae,78.51,65.12,52.24,62.1,2.71,23.3,69.29,0.301,7,61.88,1,1,2,58.68000000000001,0.32361999999999996,-4.06666666666667
7f8cd194-2a93-4ac8-ba45-a342c9cc5bd3,92.35,55.99,46.54,47.92,2.0,19.5,73.54,0.833,7,51.72,0,3,0,51.265,0.33304500000000004,-23.2025
6beb7463-ded5-4670-8fd9-df0d713d8cbe,66.12,62.13,53.43,65.74,2.74,19.9,78.38,0.8380000000000001,8,59.87,0,0,2,57.78,0.36495999999999995,3.896666666666661
46367fe1-83fa-4dce-ac71-1be41d7fbfa2,98.69,57.13,71.27,61.52,2.65,22.6,96.97,0.558,8,70.89,1,3,2,64.2,0.22808,-5.931428571428562
93ccdefd-d0e5-4957-8be5-6b3028344f10,65.34,45.57,55.74,48.41,2.64,23.0,91.43,0.773,4,56.24,0,0,2,50.655,0.4414449999999999,-15.51428571428572
762bef15-58e5-4a81-ad61-1668f9763a93,77.84,58.22,47.21,57.37,2.66,16.4,78.27,0.4389999999999999,7,56.61,0,1,2,52.715,0.35838499999999995,-9.270000000000003
6ffd215c-c277-40e7-8120-5cfc6995c6ff,88.37,81.66,82.32,79.21,3.98,21.6,84.36,0.375,2,78.59,1,2,3,81.99,0.16292,13.724999999999994
120eae27-f9ed-42b5-92bb-275bd65ac480,82.16,75.26,67.25,73.77,3.01,28.0,95.15,0.995,2,74.01,1,1,3,71.255,0.23628500000000002,7.000769230769222
50ae6e01-8ccc-4256-b1ad-2e09ba15521f,97.98,64.4,58.18,48.86,2.61,26.2,76.29,0.258,4,63.21,1,3,2,61.290000000000006,0.27762999999999993,-11.152857142857151
db5df980-e4fc-49e9-b1f8-3ca4bb463980,76.14,73.03,68.01,64.58,3.47,28.8,77.97,0.358,6,65.27,1,1,3,70.52000000000001,0.29013999999999995,7.378333333333323
bfbd966b-547f-4cb9-ac2c-a390c6fa0f56,94.71,53.05,35.681250000000006,44.65,2.64,17.7,75.18,0.376,6,53.54,0,3,2,44.365625,0.35411312500000003,-18.609999999999992
faa73801-a776-4b79-93eb-18075cd4805c,88.44,70.14,74.77,68.66,3.08,22.6,75.54,0.584,7,68.27,1,2,3,72.455,0.22289500000000004,-3.231666666666669
8364393c-716b-4502-a160-d21cdf27650e,76.25,71.49,69.26,81.4,3.22,29.7,84.9,0.233,8,75.52,1,1,3,70.375,0.23967499999999997,15.5
fe3ed4eb-fec5-4316-8975-d946cf4aa81e,73.8,61.22,73.35,70.69,2.93,26.9,75.27,0.952,5,66.16,1,0,2,67.285,0.29087500000000005,11.86
88bf2bed-fceb-4079-9d81-f52a702c9265,97.35,66.24,65.01,67.25,3.02,16.9,79.31,0.416,8,72.31,1,3,3,65.625,0.21197500000000002,1.5900000000000034
28622d4a-709d-46d9-9661-7cbc377e27ba,78.77,56.18,58.63,66.11,2.85,22.9,73.83,0.272,8,60.77,1,1,2,57.405,0.314375,-2.530000000000001
684dab84-2f1e-4e0e-a4f0-69db10c76c87,69.39,79.14,87.16,74.73,4.0,28.8,82.9,0.616,7,73.29,1,0,3,83.15,0.2488,11.853333333333339
8432c3a2-b693-4cd9-b571-47fa7c10be17,99.2,70.24,71.5,76.17,3.21,24.3,74.01,0.151,5,69.12,1,3,3,70.87,0.16207999999999997,9.00333333333333
0cfcc8b8-fe5c-4127-a748-6b7e73926fa1,74.79,56.22,74.13,62.89,2.98,20.1,76.61,0.2,3,65.65,1,0,2,65.175,0.31664499999999995,-3.9166666666666714
f1313eef-2511-46ba-a20f-acd703b4a4d4,86.91,48.57,51.73,47.87,2.71,21.3,81.83,0.109,4,59.37,0,2,2,50.15,0.3583,-9.28520833333333
bfeddf07-487a-44b7-9aee-83144fd018b8,74.85,67.35,64.6,69.37,2.62,22.2,80.99,0.8779999999999999,7,65.02,1,0,2,65.975,0.2945650000000001,8.635714285714293
dd41e232-2d48-4840-8697-6af94c363c66,76.57,49.6,50.9,41.06,2.0,14.2,81.42,0.611,7,48.91,0,1,0,50.25,0.41979,-14.825000000000003
cb4c5919-492b-4337-8914-aa88fe93bd24,83.64,51.14,50.54,56.28,2.47,15.3,85.42,0.714,5,54.72,0,2,1,50.84,0.34408,-4.097999999999999
485746c5-52b4-4b4f-a6ad-23644cac3c22,88.24,60.24,50.41,52.49,2.22,24.7,77.7,0.665,3,58.87,0,2,1,55.325,0.32359499999999997,-19.386000000000003
c0d4a5f8-01b5-4eac-8e04-e936aa5d40ab,78.3,55.68,53.48,58.0,2.81,19.6,76.78,0.433,1,55.8,0,1,2,54.58,0.34906,-2.1200000000000045
ee4e5221-2b18-4076-9717-c5b91bbfdd3c,74.82,63.8,54.63,63.03,3.35,27.5,83.48,0.967,4,61.17,1,0,3,59.215,0.333985,-1.4507692307692253
0e6e32f2-38d5-4518-ae48-57c7d8333630,91.96,67.39,65.63,64.25,2.92,29.5,79.12,0.762,6,63.89,1,3,2,66.50999999999999,0.23988000000000007,3.4350000000000023
5f4f3b90-80bc-449d-a1ff-1e6ee33b3e8f,93.92,71.83,71.84,89.29,3.8,23.0,73.48,0.861,2,76.12,1,3,3,71.83500000000001,0.14094499999999993,22.724285714285713
f43720a0-5f97-4970-93b5-073cc441487a,93.12,66.51,68.53,70.07,3.17,25.2,74.18,0.78,2,66.91,1,3,3,67.52000000000001,0.21474999999999994,6.853333333333325
fd118455-a8d3-4039-9fb2-8b207d299d06,90.13,54.94,61.92,62.37,2.49,27.0,87.96,0.744,1,70.97,1,2,1,58.43,0.27708000000000005,-3.783999999999999
f711daa2-d9c0-435f-9937-d64ab016ce64,85.74,70.92,80.34,76.11,3.18,21.1,72.81,0.1639999999999999,8,77.19,1,2,3,75.63,0.20182000000000003,2.0400000000000063
d44d3a1d-e6bb-4a6f-925b-6b565e9dcad6,80.31,57.1,74.67,71.94,3.48,22.5,91.47,0.606,4,64.94,1,1,3,65.885,0.265285,3.793999999999997
856d1679-478b-4974-ab10-c7eecc85fab0,92.9,57.56,67.88,62.18,2.56,23.8,81.36,0.299,8,70.77,1,3,2,62.72,0.2537,-3.1033333333333317
79a5236f-0f2d-4869-85b5-a33340f3a77b,74.32,58.23,56.49,54.33,2.22,17.9,78.63,0.128,6,59.71,0,0,1,57.36,0.36765000000000003,-12.408571428571435
ef1277eb-94af-4689-ad78-3b0fa47913b0,91.39,62.61,71.9,65.44,3.11,22.5,73.53,0.99,5,62.23,1,3,3,67.255,0.236355,6.454444444444441
cfc8d3f8-9b9a-4250-b7d2-f3d7bedc6dcc,81.74,71.81,62.93,62.7,3.02,21.1,85.12,0.268,8,70.34,1,1,3,67.37,0.28283,-2.292500000000004
1eeba7b2-5cb6-4fed-9689-50622efc6097,90.8,61.32,72.91,56.29,3.2,16.2,77.96,0.925,4,65.97,1,2,3,67.115,0.266585,-3.4633333333333383
d59d727c-30ea-45b8-b331-eb59d6e4ffe6,66.64,71.67,69.33,75.75,2.89,20.9,87.87,0.648,3,64.63,1,0,2,70.5,0.29469,5.384
219bc8d6-35d6-4b43-86c3-3e1af5d99c9f,77.39,47.06,50.96,43.35,2.77,20.1,89.22,0.876,5,53.1,0,1,2,49.010000000000005,0.41336,-11.780000000000001
1514d652-589f-4a3b-9873-abea7b2e5c2a,78.84,73.8,74.54,64.9,3.05,19.4,78.66,0.102,3,79.29,1,1,3,74.17,0.26742999999999995,-4.563749999999999
6b98dd31-247f-4bff-ad9e-cd4a1ed42602,84.45,70.85,79.26,74.04,3.14,30.5,86.29,0.8140000000000001,6,74.38,1,2,3,75.055,0.21491499999999994,6.9557142857142935
60bbcc0a-f7b4-4a4b-8d2d-341d421c6e54,94.22,55.9,58.1,57.46,3.15,18.2,76.76,0.624,3,58.97,0,3,3,57.0,0.27974,-4.920999999999992
59a6744c-96d6-498e-8a52-9f6a66ab8ab5,66.54,66.66,58.89,58.86,2.47,25.1,90.37,0.982,1,62.11,1,0,1,62.775,0.36893499999999996,-5.709999999999994
b92d9653-496d-4f68-9840-9db615e0edb2,91.41,62.48,61.22,57.04,3.21,18.5,74.95,0.534,7,55.3,0,3,3,61.849999999999994,0.27769000000000005,-7.524999999999999
3456cbe4-e8e5-4aa3-811a-374e3dc7feb1,92.48,57.42,57.96,42.03,2.3,16.2,86.58,0.2029999999999999,5,61.22,1,3,1,57.69,0.33092,-20.869999999999997
147168fb-535e-4acb-98d9-edaa2ce412d2,95.04,55.19,63.99,66.89,2.94,27.7,82.51,0.375,5,70.46,1,3,2,59.59,0.2404,1.4050000000000011
64009a91-f524-4a2c-a29a-f082e2abbd62,83.53,77.93,81.18,83.48,4.0,27.0,79.35,0.572,7,75.9,1,2,3,79.555,0.176775,21.206000000000003
74835626-2ae8-4bdf-b055-4f5b23506434,74.23,66.53,57.6,49.55,2.83,21.4,90.41,0.8640000000000001,7,54.93,0,0,2,62.065,0.368235,-13.565000000000005
4f35806b-730c-4fff-ad07-730695399daa,74.71,60.09,60.18,50.86,3.15,25.6,71.49,0.745,6,62.58,1,0,3,60.135000000000005,0.36817500000000003,-10.199000000000005
a2d7f56b-890b-4ada-aef9-a3b1eba07f8f,85.81,73.08,78.01,58.25,2.67,17.2,75.8,0.649,4,66.22,1,2,2,75.545,0.255375,-8.631666666666675
d9e38cd5-5e6b-4e34-9310-dea697aa3a00,80.96,72.76,73.72,66.6,2.59,21.5,63.76,0.829,6,66.11,1,1,2,73.24000000000001,0.25664000000000003,1.771428571428558
b204a650-b43f-4491-bb74-c66694bbeb1d,78.51,47.52,51.24,59.44,2.51,20.3,84.84,0.54,8,59.57,0,1,2,49.38,0.35949999999999993,-1.3583333333333272
e23fc785-48f0-47ac-9ece-2c9c10128eaf,72.81,52.57,55.59,55.04,2.09,22.3,68.67,0.762,2,57.7,0,0,1,54.08,0.3814,-5.774999999999999
2dc7eae5-7417-4935-9071-7678523259d5,80.68,59.78,51.67,56.47,2.77,22.5,72.98,0.784,4,60.31,1,1,2,55.725,0.34069499999999997,-3.1300000000000026
7362b638-f5ed-4440-b2b8-0e144fafb787,93.62,69.82,63.69,58.87,2.86,16.0,81.56,0.4469999999999999,4,60.28,1,3,2,66.755,0.248645,-9.535000000000004
a8997b47-2c0a-4a86-8c31-31ea95509a8e,67.84,51.42,66.85,75.73,2.71,19.7,74.89,0.384,3,66.86,1,0,2,59.135,0.32404499999999997,6.451000000000008
631a18eb-d516-49f8-9d59-2312d132c018,80.49,58.92,59.83,62.05,3.36,19.0,77.9,0.302,4,62.19,1,1,3,59.375,0.313765,-1.372000000000007
9b1fe6af-736d-4348-a84d-174517dfc4ec,89.28,75.12,75.26,81.73,3.13,30.2,82.66,0.757,3,72.72,1,2,3,75.19,0.17212,16.282857142857154
c972c13a-bb53-4308-95f0-534b22fffed1,89.17,51.94,59.16,60.22,2.8,21.3,96.63,0.881,6,65.09,1,2,2,55.55,0.29601,-4.256666666666675
c663f9d6-71c3-465f-9ab6-540e39b03129,93.79,68.9,70.38,73.61,3.1,29.4,73.66,0.533,8,76.89,1,3,3,69.64,0.19508999999999996,3.972857142857137
25eb07b2-5ec7-403f-875c-3a2a9b422384,72.6,61.9,60.14,54.51,2.78,23.0,82.9,0.5860000000000001,5,62.87,1,0,2,61.019999999999996,0.36301,-12.211000000000006
47658135-c449-4a25-969c-5934afc1b18d,94.93,63.67,58.15,60.66,2.31,14.9,79.09,0.8320000000000001,1,56.2,0,3,1,60.91,0.25556999999999996,-6.502499999999998
80ad736f-5f19-49b3-af7b-57579bfa6f6d,71.47,63.75,63.12,76.41,3.04,22.0,82.66,0.1169999999999999,7,73.21,1,0,3,63.435,0.294585,9.379999999999995
97697db7-b888-469d-90db-7b5319d100da,86.49,51.59,55.82,48.77,2.74,13.1,90.67,0.358,6,57.02,0,2,2,53.705,0.34661500000000006,-8.431666666666672
2829bac9-e4d7-4289-af3d-a4b1b50b430f,98.14,54.88,50.57,50.55,2.26,20.9,74.77,0.974,2,57.3,0,3,1,52.725,0.29761499999999996,-6.960000000000001
1bc5e10c-3150-4c46-9b9e-86d14506bb22,83.04,50.49,60.01,59.45,2.34,26.6,68.43,0.13,2,66.56,1,2,1,55.25,0.32373999999999997,-7.173000000000002
33664b07-e3f3-4ee4-944b-6d001ff81181,86.11,66.65,73.07,65.18,3.07,30.0,84.87,0.275,5,75.04,1,2,3,69.86,0.25044,-1.9649999999999892
c3823846-c3e4-4619-adff-781c7235c570,97.19,67.99,66.63,82.02,3.18,20.1,87.31,0.979,8,71.04,1,3,3,67.31,0.16325,11.730000000000004
d7bb920d-5f84-4dc1-9844-2392ce18c6d1,83.07,72.62,60.88,69.42,3.43,27.8,85.76,0.592,7,69.84,1,2,3,66.75,0.25921000000000005,4.601250000000007
94dbccf6-b279-4c6e-b5fb-9784fdf9ac93,76.03,60.15,58.37,58.54,3.1,21.2,86.93,0.103,8,67.45,1,1,3,59.26,0.34247999999999995,4.105714285714292
1d10887b-53f5-4ca1-9201-a39f30fdbadd,81.15,69.39,72.27,68.54,3.1,21.9,86.03,0.495,1,73.01,1,1,3,70.83,0.2572899999999999,1.690000000000012
778b61cd-c19a-4a7f-b9b9-9b97ad368927,75.37,64.48,61.67,56.18,3.38,23.7,73.12,0.1389999999999999,3,63.86,1,1,3,63.075,0.340755,-9.533999999999999
86cee73f-1b6f-4620-a414-558f2c916047,86.79,59.07,68.74,54.03,2.52,27.3,84.97,0.954,6,66.82,1,2,2,63.905,0.29903499999999994,-9.384444444444448
6f710c97-3964-4783-8afd-8bbe84512fee,87.0,71.72,65.04,58.64,3.2,19.6,72.76,0.414,2,67.87,1,2,3,68.38,0.27094,-10.132000000000005
be60ad7c-1046-464b-8a04-794be9e96457,93.46,55.95,61.93,53.65,2.2,20.6,73.27,0.1159999999999999,5,66.99,1,3,1,58.94,0.28839000000000004,-1.5550000000000068
201cbdc1-2ef0-4e95-850b-78ee4362313e,68.89,92.8925,81.27,87.28,3.91,27.8,81.14,0.91,8,74.71,1,0,3,87.08125,0.20135625000000001,7.559999999999988
31cb4d90-d0d2-4711-a4d9-5c1e61871368,81.91,64.98,72.05,67.84,3.16,19.0,84.74,0.621,4,63.95,1,1,3,68.515,0.26329499999999995,0.0
681579e0-dfa8-489e-a867-f847bedcf8d8,74.09,86.91,78.26,77.35,4.0,23.1,75.17,0.7030000000000001,6,74.89,1,0,3,82.58500000000001,0.22383499999999998,2.9224999999999994
78242d4d-7d11-4eab-b6e7-f11beba81fe7,71.34,71.94,74.78,68.05,3.28,30.0,84.16,0.806,7,70.33,1,0,3,73.36,0.29041,5.512499999999996
1e6282c9-5021-4b8d-a85b-1cfbaf7960d5,65.86,47.51,51.25,59.75,3.33,19.2,79.82,0.722,6,52.32,0,0,3,49.379999999999995,0.40917000000000003,-4.282222222222217
265194f9-ea3c-48cb-935b-e8314960e56c,94.35,69.1,62.81,65.65,2.84,19.3,60.14,0.1379999999999999,7,69.93,1,3,2,65.955,0.22778500000000002,11.683125000000011
a509629c-5281-4778-92cf-d362a03c08ad,94.0,72.61,65.32,69.38,2.93,23.9,80.48,0.995,4,67.87,1,3,2,68.965,0.20896500000000004,2.610769230769222
a999ec3b-90d5-42b4-bfe3-edaf59f8460b,82.26,79.5,75.94,81.86,3.37,29.0,70.41,0.25,6,79.49,1,1,3,77.72,0.19221999999999997,10.576666666666668
087642c0-bb0c-45f2-a808-459e48097866,94.8,50.53,60.53,65.21,2.52,21.4,78.67,0.8699999999999999,4,59.79,0,3,2,55.53,0.25858000000000003,-4.410000000000011
4d6f66e2-07fa-454f-9554-bcafa6cef8e7,84.25,62.95,66.18,61.56,3.18,23.5,76.71,0.53,5,68.49,1,2,3,64.565,0.28462499999999996,-3.2049999999999983
24bd9858-3c7c-4f0b-bb77-9551b92fe140,93.14,89.36,86.9,89.45,4.0,28.3,78.68,0.492,3,87.97875000000002,1,3,3,88.13,0.0947,21.093333333333334
4e42bac3-3466-4c9f-9969-2793e33615e0,87.95,69.15,80.28,73.27,3.3,25.8,71.47,0.253,4,76.63,1,2,3,74.715,0.20424499999999998,6.543999999999997
96f68465-2743-46bb-9ee8-ddb949a65fec,73.89,57.71,52.75,57.62,2.97,21.5,72.98,0.954,1,57.91,0,0,2,55.230000000000004,0.36589,-5.794444444444451
a93d7f4f-c95e-4726-98a1-9fe1a29c77a3,95.36,79.3,79.28,77.23,3.3,20.5,89.17,0.94,6,77.84,1,3,3,79.28999999999999,0.14900000000000002,12.070000000000007
588788b2-50d4-49ee-b2d3-4b93c52287e8,85.91,68.33,69.42,77.61,2.73,28.1,67.96,0.7,2,74.84,1,2,2,68.875,0.21690500000000001,10.247500000000002
84374e49-3d76-4657-a0ab-9fff54987dba,80.07,65.05,66.41,63.02,2.94,21.0,79.41,0.968,3,64.09,1,1,2,65.72999999999999,0.29347000000000006,0.08166666666667055
ba0000b6-a6e8-49a4-909f-c7244605c9ec,65.42,76.27,67.81,64.8,3.25,24.5,82.78,0.549,7,68.91,1,0,3,72.03999999999999,0.32780000000000004,-2.799999999999997
c10beb9a-0d7a-4ca2-b6b2-1a4449637353,74.36,83.6,69.43,69.36,3.41,25.2,83.76,0.725,2,70.3,1,0,3,76.515,0.26493500000000003,2.7960000000000065
bf0d8680-9891-42f4-9a5e-8e12afa91352,78.7,58.12,68.33,68.18,3.04,29.2,94.32,0.607,3,67.18,1,1,3,63.224999999999994,0.290985,9.038181818181833
84733909-e3b2-45e9-954c-f916f23407c2,90.16,65.37,69.6,72.45,2.95,19.6,81.38,0.82,8,68.91,1,2,2,67.485,0.219555,5.597999999999999
0f92c348-3bc5-4c1f-bb24-7b028de3b9d2,96.27,70.88,64.59,52.26,3.36,18.2,72.2,0.597,8,58.13,0,3,3,67.735,0.254935,-9.506666666666668
4272a471-3419-4371-afc4-6f94bb223ac8,85.52,63.84,60.11,64.28,2.83,23.9,73.01,0.1139999999999999,2,67.3,1,2,2,61.975,0.27915500000000004,-5.673749999999998
53951a90-d4f3-482d-988b-b1db7ccb9c75,80.49,68.17,54.13,65.01,3.52,27.0,81.2,0.6849999999999999,6,61.56,1,1,3,61.150000000000006,0.29955999999999994,1.186000000000007
0027d63d-4fa0-4cbc-a211-87fcd397e400,66.35,62.09,72.13,70.38,2.83,26.6,79.32,0.529,8,72.03,1,0,2,67.11,0.32213,4.0660000000000025
cc221c25-5bcb-4423-b7c9-52332b90d910,93.16,73.12,77.81,71.54,3.15,18.2,90.11,0.475,5,74.54,1,3,3,75.465,0.18634499999999996,12.908000000000015
2c3b6f2e-25d4-4e48-baf3-db2d6ddf502b,75.82,65.94,70.64,66.15,3.24,28.4,72.9,0.6799999999999999,7,66.8,1,1,3,68.28999999999999,0.29340000000000005,1.4260937500000068
b7cdf32d-3ccf-44df-8e92-f9682a63fddc,80.34,55.62,50.16,67.82,2.6,27.6,83.82,0.423,8,61.35,1,1,2,52.89,0.31651,0.5799999999999983
bea7c3b1-09dc-4bc6-a5c8-568390e4ad05,76.32,61.43,66.34,57.92,3.18,27.4,82.82,0.424,2,68.83,1,1,3,63.885000000000005,0.32930499999999996,-1.3487499999999955
315d3fcc-ab50-4947-bb73-538bce4aaa36,75.19,60.6,58.13,69.18,3.52,28.7,66.29,0.782,2,65.1,1,1,3,59.365,0.31360499999999997,8.938000000000002
8ec851b6-35bc-44b1-ba26-a1703e56464b,77.31,52.94,57.5,55.1,2.72,21.7,78.46,0.8390000000000001,2,54.86,0,1,2,55.22,0.35979999999999995,-4.734999999999999
7d612b61-d553-42d1-ad2e-1ba1274893ec,85.66,64.63,64.96,66.75,2.52,20.1,93.04,0.733,3,67.41,1,2,2,64.79499999999999,0.2627250000000001,-0.6633333333333411
6d0990be-6fe2-4642-a29f-de9ead819f98,68.16,61.84,49.35,51.21,2.51,15.3,74.18,0.361,1,51.01,0,0,2,55.595,0.40694500000000006,-12.340000000000003
f35fd051-6c2b-4f7f-a7bb-83c976c17183,75.49,47.07,56.48,44.53,2.06,21.9,84.64,0.362,6,62.01,1,1,1,51.775,0.409125,-14.683472222222221
227dcec8-d97a-44d8-9485-5cd8a520dafb,99.32,72.65,79.59,65.47,3.39,24.9,77.35,0.224,6,75.69,1,3,3,76.12,0.17795000000000002,5.159999999999997
deebc5c3-5bc3-45fa-8f34-6c35fc015956,66.11,44.63,46.36,38.73,2.0,23.9,91.62,0.921,5,46.86,0,0,0,45.495000000000005,0.482885,-19.60875
cd7cd6bd-8c81-4333-8ad9-67c06049a648,67.27,61.52,63.99,69.81,2.61,18.5,82.28,0.734,4,58.76,0,0,2,62.755,0.33322500000000005,6.160000000000004
e6fe5f20-a5d0-464c-b82e-e26b23b47347,82.59,81.73,72.12,86.25,4.0,27.6,77.81,0.958,5,75.46,1,1,3,76.92500000000001,0.18011499999999994,20.88199999999999
dc73caa8-9d74-4790-adae-8340d66396f3,84.01,56.57,54.54,56.41,2.12,20.0,81.86,0.987,2,53.69,0,2,1,55.555,0.328065,-14.32875
4bab639f-1f09-4be8-8acd-5b7ff6d7d2c5,94.65,53.65,62.95,75.05,2.65,14.8,76.1,0.476,4,67.57,1,3,2,58.3,0.22135,11.794000000000004
d97df934-4f63-4128-b1f4-c0e40860ac1e,80.12,41.91,57.29,47.35,2.46,22.5,75.25,0.404,7,61.33,1,1,1,49.599999999999994,0.38866999999999996,-21.6246590909091
6ec0ab69-4d48-4ea8-a4fc-efcbc412453d,77.78,70.01,67.51,79.69,2.84,27.2,76.03,0.2009999999999999,8,77.08,1,1,2,68.76,0.24352999999999997,12.066666666666663
76b8f328-8cb9-48f5-8b8a-bcec9f3d9194,70.04,76.89,80.95,72.08,4.0,21.2,82.82,0.623,5,72.14,1,0,3,78.92,0.26683999999999997,-0.9756944444444429
b95d070b-8a11-41b9-b39b-6454980f3bb0,96.74,79.17,59.3,81.78,3.41,24.4,81.97,0.399,8,73.91,1,3,3,69.235,0.159995,13.808333333333337
5b3b1391-820d-4ebe-985f-8d7c505a59b9,77.51,76.97,63.75,58.1,2.71,22.9,73.41,0.7849999999999999,7,64.36,1,1,2,70.36,0.30457999999999996,-4.486666666666665
b0e1656a-05f3-4f58-a519-4f0d9125a8eb,89.57,82.08,73.33,88.25,2.93,24.8,82.66,0.492,2,79.19,1,2,2,77.705,0.14385500000000004,19.89333333333333
3cb87427-300a-4314-9c67-eef21beb6f82,87.84,74.15,70.3,78.08,3.04,23.2,73.84,0.885,1,65.62,1,2,3,72.225,0.197725,6.267499999999998
104d3266-ec75-4600-aabf-95a60569a745,68.0,81.06,70.18,82.55,3.44,20.6,76.05,0.484,3,64.24,1,0,3,75.62,0.25349,13.023194444444442
53c8be38-864e-4b8c-bdc3-f7d2d63bfec8,82.11,55.01,57.62,65.17,2.85,25.0,83.31,0.4519999999999999,6,63.43,1,1,2,56.315,0.307105,-0.5625
86edc83e-2ae9-4955-8ccd-ede2abf9419f,77.17,62.86,67.82,65.51,3.01,24.3,87.88,0.472,6,64.63,1,1,3,65.34,0.29877,9.71
e01510b2-ba62-4b73-b4ae-a54f192ff537,92.68,59.1,61.92,70.53,2.45,25.9,82.38,0.48,2,65.5,1,3,1,60.510000000000005,0.23615999999999993,7.727500000000006
b875a107-d29a-4b7b-9405-4bf2b27ee487,94.72,47.12,47.89,46.73,2.05,19.5,81.02,0.7969999999999999,5,54.8,0,3,1,47.504999999999995,0.338415,-15.838181818181823
99020004-6bea-4371-9e9c-8a49a4fa5d03,85.64,66.49,73.72,70.06,2.98,19.4,81.6,0.298,5,70.79,1,2,2,70.10499999999999,0.23694500000000002,-1.2242857142857133
bbea4289-3119-4b14-a6c1-f97ca40812b8,81.52,60.09,70.49,70.76,2.84,18.1,89.69,0.48,6,67.67,1,1,2,65.28999999999999,0.26577,7.95750000000001
203adaf6-340c-4341-a06a-951c9663cb6d,88.53,64.52,68.03,64.35,3.01,28.4,75.62,0.7150000000000001,6,68.14,1,2,3,66.275,0.25400500000000004,2.6199999999999974
3fe7113e-efd3-4248-bdde-e819d4be5af3,93.53,60.49,54.39,42.23,2.58,21.5,82.33,0.749,8,64.21,1,3,2,57.44,0.32687,-6.085000000000001
9ee29926-c4f3-4c77-bfbd-5d60195db85d,99.5,65.72,50.26,54.26,2.94,20.2,77.24,0.107,1,64.26,1,3,2,57.989999999999995,0.26525,-14.253333333333337
2af13360-6ec6-4e92-a9a0-731f395e9ce6,71.91,52.29,60.44,68.96,3.09,25.3,80.9,0.145,7,70.45,1,0,3,56.364999999999995,0.3363850000000001,-4.646000000000001
5c350c1b-984a-47d2-b057-26e91d891b27,89.3,52.98,55.55,51.25,2.29,17.4,80.52,0.1159999999999999,3,57.99,0,2,1,54.265,0.326255,-3.9550000000000054
3db356a1-590e-4280-ae9f-cdd7ae5cbc4d,80.51,74.39,75.79,69.38,3.78,26.4,92.74,0.491,3,70.05,1,1,3,75.09,0.24455,7.907777777777774
144e6583-acab-422a-9820-3fc744330a18,75.31,55.61,57.81,59.6,2.98,19.9,76.98,0.423,1,54.95,0,1,2,56.71,0.34983,-7.6399999999999935
087bf52c-f4ee-4e94-8cf9-2ecdfac728cc,96.54,80.33,72.88,67.9,2.98,27.4,75.21,0.134,4,76.11,1,3,2,76.60499999999999,0.18032499999999999,0.5428571428571445
aca24954-5d81-4a4c-9711-eb1558a8c2f8,85.9,62.99,54.78,61.14,2.4,23.0,80.24,0.321,7,66.39,1,2,1,58.885000000000005,0.29632499999999995,-3.969999999999999
3abc697b-637d-4ffe-a100-a5a82f9370cf,71.31,59.95,50.86,50.11,2.51,21.3,83.25,0.177,6,56.0,0,0,2,55.405,0.398215,-7.577321428571423
8d14e0c6-a7e0-4542-872e-caacffe073c7,72.01,60.79,56.12,58.16,3.22,23.5,89.53,0.645,7,64.33,1,0,3,58.455,0.362115,9.659999999999997
ed473791-62de-4d71-a8d7-0591568034d4,79.28,66.08,60.58,55.92,2.41,24.8,73.93,0.112,8,61.8,1,1,1,63.33,0.32513,-13.121428571428567
f714b3b1-7c74-4b21-af20-b9e039feb5a8,65.48,68.01,76.83,82.04,3.38,24.1,79.48,0.265,6,73.7,1,0,3,72.42,0.2747,18.46
e302554f-80dd-4c4f-b6ce-83d8d28d374b,65.62,58.86,52.56,68.03,2.47,16.3,83.16,0.323,4,60.23,1,0,1,55.71,0.36629999999999996,5.347142857142863
4caa928b-ac01-4d8e-8bc6-4d81ebe1f4db,84.32,53.61,57.3,54.84,2.19,16.1,96.24,0.867,8,55.01,0,2,1,55.455,0.33183500000000005,-10.989999999999995
cad2858c-d0cb-4b7d-8b33-74d1f0a46353,67.27,63.05,60.41,67.2,3.26,20.2,72.32,0.3259999999999999,2,65.25,1,0,3,61.73,0.34413,0.5866666666666731
d42b399a-5e04-4db8-b84f-7a67249f365e,76.56,54.63,68.98,51.44,3.56,26.1,86.03,0.8939999999999999,2,55.54,0,1,3,61.80500000000001,0.354025,-12.551111111111112
f1e115c9-0859-45fd-80e1-0481325297e9,70.54,52.76,61.16,61.75,2.61,16.4,76.17,0.965,2,54.16,0,0,2,56.959999999999994,0.36171,-7.0716666666666725
744bb5dc-21f5-4cf8-8c7b-87e9a934a750,93.97,71.14,65.75,67.94,3.28,27.9,80.77,0.718,8,73.29,1,3,3,68.445,0.21496500000000004,-9.675312500000004
58f9ec9b-9f04-42a2-9595-5dc0cc110d9e,73.99,73.45,71.42,64.35,3.02,19.0,81.4,0.8460000000000001,4,68.19,1,0,3,72.435,0.29368500000000003,1.7666666666666586
1c29f908-8914-4d27-a899-c2d75c9f4380,82.87,55.52,66.39,55.89,2.93,21.2,90.17,0.515,3,63.0,1,1,2,60.955,0.31798499999999996,-7.359999999999999
153b5952-a5b0-4fb9-91e7-41b0acc456fe,92.17,78.55,84.51,81.12,3.85,28.1,75.72,0.37,3,80.43,1,3,3,81.53,0.14336999999999997,23.39575
9b10c123-8842-4079-a881-9eeaebc89762,69.33,81.24,84.44,77.96,3.39,26.2,90.53,0.271,3,81.36,1,0,3,82.84,0.24028000000000002,15.433999999999997
cfa8c1ec-6a67-448b-be52-07689839f4cb,97.31,73.39,68.3,71.51,2.52,18.5,72.3,0.441,6,71.42,1,3,2,70.845,0.18369499999999994,11.88000000000001
95dee1b3-8ff7-4a11-82b4-ccb5d8c8b1c1,92.51,66.16,50.0,53.72,2.88,18.6,83.49,0.8160000000000001,5,59.35,0,3,2,58.08,0.29456,-7.006363636363638
9ccdf0b1-1337-430d-85fe-4e858e8ef61f,86.77,78.37,61.09,58.96,2.93,19.8,77.64,0.153,6,66.02,1,2,2,69.73,0.26685,-5.856666666666662
a57fb3c6-abe1-446f-9390-69fa4ba1050f,97.74,65.54,66.65,58.1,2.72,27.5,81.37,0.94,1,68.1,1,3,2,66.095,0.23645499999999997,-7.059999999999995
8585810a-e386-49df-8390-0e91409e52ac,89.47,39.04,35.681250000000006,46.28,2.0,18.1,86.62,0.984,2,49.61,0,2,0,37.360625,0.39119812499999995,-19.57249999999999
0a3cd6b1-99c0-4553-8f4d-bbbaa65fa6e7,84.82,77.76,67.64,71.79,3.74,20.3,94.53,0.282,1,76.99,1,2,3,72.7,0.22725,1.647500000000008
1fb8cbd8-f465-4ad0-aba1-8f7bcc6dae32,77.12,52.77,61.21,51.21,2.83,18.6,82.92,0.572,1,57.37,0,1,2,56.99,0.36692,-11.064
1d04f5cb-ef0c-4949-ae11-aba065b89f78,68.97,61.4,67.6,67.32,2.85,18.0,84.59,0.352,2,63.4,1,0,2,64.5,0.32866,0.7279999999999944
3645ef54-b039-40fd-b424-1207adb45f66,76.32,56.02,56.52,56.49,2.0,13.3,88.98,0.209,5,57.88,0,1,0,56.27,0.35644,-1.0300000000000011
ca89dc06-8893-4168-8a6e-38374b1790e4,96.54,69.73,71.7,60.74,3.56,26.6,75.32,0.946,8,67.38,1,3,3,70.715,0.21947499999999995,2.0600000000000023
cf7c4c00-f154-4677-8b0e-81b2c637debd,82.08,57.74,64.48,62.58,2.54,17.2,72.92,0.794,2,65.73,1,1,2,61.11,0.30061,-0.6914285714285668
9b4a3b1e-d4dd-4047-a680-b509d2475c53,68.55,77.39,62.84,73.08,2.96,19.3,86.05,0.173,5,64.9,1,0,2,70.11500000000001,0.29621499999999995,-3.358000000000004
9ee17fa3-e50b-4b6c-8726-bdc0096f009d,74.12,59.52,63.9,69.0,2.88,21.5,72.68,0.193,4,67.25,1,0,2,61.71,0.31138999999999994,2.9583333333333286
c64b8763-1c00-4f93-b83a-89f78ec7a570,96.33,68.45,60.77,64.56,2.65,23.1,84.6,0.922,3,65.47,1,3,2,64.61,0.22716999999999998,4.907499999999999
d7e8695b-2457-4c9d-8297-1709aa95f5af,91.62,54.61,61.28,51.88,2.18,13.8,79.0,0.4,6,55.49,0,3,1,57.945,0.304045,-11.493749999999999
a3f6d32e-4431-47e0-80f4-179ac75e2b95,73.48,63.97,58.15,62.12,2.5,25.1,73.22,0.733,7,65.67,1,0,1,61.06,0.33653999999999995,-5.293333333333344
85fa1994-f281-485a-9703-f896219c984c,73.58,74.88,73.96,59.67,3.71,19.4,81.47,0.477,8,64.61,1,0,3,74.41999999999999,0.30341,2.8331250000000026
8c2a787d-d81a-4526-bb12-c75b6c673afa,66.98,65.86,52.43,52.4,2.46,16.5,77.23,0.1659999999999999,1,59.18,0,0,1,59.144999999999996,0.39744500000000005,-8.017499999999998
a90126f2-5c2c-4b13-a493-03f7357b823e,98.78,81.91,92.28,86.55,3.66,31.8,81.38,0.8009999999999999,3,82.09,1,3,3,87.095,0.083945,10.799999999999997
ff0e328b-1ea8-442c-b659-df894bf31635,78.9,59.63,53.84,55.73,2.74,16.5,85.32,0.553,1,55.32,0,1,2,56.735,0.347005,-4.730000000000004
38728956-5ddc-49a2-9b73-d51325b9f0d1,74.79,67.62,73.48,76.68,3.35,22.3,75.64,0.994,3,66.86,1,0,3,70.55000000000001,0.25914999999999994,7.031111111111116
2e56cef5-26a8-4d81-8459-9bb22ce67217,89.05,73.25,69.63,72.3,3.55,28.9,95.85,0.849,2,73.51,1,2,3,71.44,0.21258000000000002,13.111428571428569
cd60f9f6-0528-4647-a2a9-f6408ce250d9,70.58,55.98,47.03,54.38,2.37,26.2,80.68,0.843,3,52.15,0,0,1,51.504999999999995,0.40002499999999996,-1.5977777777777789
95275774-9ad6-4799-a080-ad83e80555bc,68.17,58.45,45.64,48.57,2.42,20.7,80.41,0.129,1,60.66,1,0,1,52.045,0.425475,-7.028333333333329
96a5916a-3bf3-457d-99ab-16eb239e2032,83.09,63.28,52.18,56.63,3.02,20.0,73.89,0.503,7,59.93,0,2,3,57.730000000000004,0.32456,-4.3675
ab2b2aba-e543-4dc0-b4cf-7407d441246d,71.0,78.07,72.4,66.16,2.74,24.3,65.53,0.571,8,67.99,1,0,2,75.235,0.29181500000000005,2.636666666666663
44950664-5c7a-4431-8d2b-33ba997f1bab,92.41,59.16,64.43,63.7,2.49,27.2,98.69,0.755,5,68.41,1,3,1,61.795,0.253875,-0.03333333333332433
3852155c-5d3d-4f6f-aeec-282855862115,74.57,65.85,67.79,75.62,3.14,25.7,61.84,0.764,4,70.34,1,0,3,66.82,0.27440000000000003,12.07988636363637
7e626e57-c8ac-4544-bae4-62feab61cacc,90.18,72.87,80.21,75.13,3.73,20.8,87.06,0.989,7,76.22,1,2,3,76.53999999999999,0.18427,19.743333333333332
d3897f70-88d4-4fe3-8284-bef1812b933d,77.16,74.35,74.65,73.13,3.41,20.4,88.17,0.8320000000000001,7,72.05,1,1,3,74.5,0.24847000000000002,5.967500000000001
17c8d532-b486-4749-b585-24d478ee7aa5,79.49,66.34,63.24,70.36,2.61,25.6,65.31,0.921,7,65.45,1,1,2,64.79,0.27659,12.021250000000002
c84b1fd7-e9f7-46ce-8484-78bbb99f52a7,70.46,42.4,53.56,47.34,2.75,18.4,69.13,0.67,8,51.22,0,0,2,47.980000000000004,0.4322,-15.023333333333333
86da4b76-1ad8-4808-be2d-acea80623c3e,65.72,56.05,65.33,60.74,2.98,26.6,71.76,0.659,6,61.63,1,0,2,60.69,0.37283,-1.3385714285714272
8176d6c6-96c9-489e-a792-96434913b488,70.46,69.7,59.86,59.09,2.8,16.9,76.03,0.749,8,59.85,0,0,2,64.78,0.34655,10.775000000000006
72275b97-7c89-4ee9-a8df-165f9dd002d3,70.67,63.72,60.54,58.64,2.8,17.5,78.76,0.786,5,54.73,0,0,2,62.129999999999995,0.35501,2.8500000000000014
0a63a466-c4d2-48ec-98a4-f724c5b86ee6,74.18,62.76,58.61,63.29,3.1,26.1,69.43,0.979,5,62.07,1,0,3,60.685,0.33135499999999996,-6.999999999999993
9c1df527-b676-4595-9db4-90079145065c,87.21,59.16,66.4,64.73,2.83,22.0,89.45,0.716,7,67.07,1,2,2,62.78,0.26863,7.884
7d17782d-f311-464d-a0c0-110dd695c5f8,91.38,61.5,69.03,72.99,3.06,19.2,82.01,0.706,3,66.69,1,3,3,65.265,0.21971500000000002,3.475999999999999
9da8344b-0384-46cd-8b37-d12b9ae3786d,88.79,64.28,60.73,62.43,2.86,19.1,79.83,0.369,8,63.85,1,2,2,62.504999999999995,0.27003499999999997,-1.0433333333333366
445285df-cae5-4ba7-8ee2-b8a38a6cc8c0,77.82,60.82,72.86,66.52,3.11,18.4,75.53,0.4519999999999999,1,63.26,1,1,3,66.84,0.28864,0.7874999999999943
1d2881db-761c-48cd-a05f-408e4bc72022,75.82,62.84,60.24,51.79,2.74,18.5,82.96,0.418,2,64.77,1,1,2,61.540000000000006,0.35673,-12.454
3484a8ab-0e55-4b15-8573-6f2bf2d7b35f,74.9,73.09,69.01,73.39,3.21,22.6,80.1,0.418,7,70.19,1,0,3,71.05000000000001,0.26707999999999993,9.146
263d5d09-9c2c-42fb-8189-859f9b23557f,68.86,56.0,55.39,57.61,2.61,14.1,81.79,0.999,6,54.6,0,0,2,55.695,0.384645,-5.882222222222218
7adde9ec-124e-4f4c-b7b2-587c66b2999a,79.03,55.69,65.46,57.07,2.68,28.0,74.96,0.1689999999999999,2,64.39,1,1,2,60.574999999999996,0.330945,-5.815714285714286
d14362a2-66f1-42b4-8ba9-9662a74324d5,89.65,62.3,66.34,58.12,2.96,23.1,66.84,0.758,1,62.62,1,2,2,64.32,0.27408,1.4971428571428547
e2b7da6c-b075-48d0-a5da-cf1b542ed2b5,99.54,75.84,72.39,73.8,2.93,27.1,63.72,0.5559999999999999,1,74.81,1,3,2,74.11500000000001,0.15809499999999996,0.3200000000000074
21849b31-b28d-45ed-b84e-6db59da8b762,80.05,58.84,55.07,55.5,2.89,15.1,75.22,0.355,3,62.09,1,1,2,56.955,0.34243500000000004,-7.188333333333333
61182c4c-86b5-4949-8007-a84862de4f56,76.99,51.9,47.38,44.1,2.0,17.9,73.55,0.331,1,55.88,0,1,0,49.64,0.41082,-13.977999999999994
91e40caf-4785-4113-b9dc-fd58e78b5543,68.58,63.92,65.98,66.8,3.07,27.0,79.66,0.4019999999999999,1,68.23,1,0,3,64.95,0.33043,2.3374999999999915
e07c3acb-8ca9-4806-b8a0-5688360eba5d,82.35,52.48,49.63,48.12,2.18,21.2,80.74,0.1399999999999999,6,57.9,0,1,1,51.055,0.37307500000000005,-10.941250000000004
971b0fb0-dbf2-498d-8ad2-81e958f23b37,98.79,57.42,69.79,64.06,3.01,26.9,89.32,0.912,5,66.31,1,3,3,63.605000000000004,0.22184499999999993,2.5600000000000023
b654d783-5820-4848-85a7-fca70776acd1,82.1,58.83,66.58,71.74,3.07,21.3,83.1,0.268,8,62.97,1,1,3,62.705,0.26826500000000003,6.747499999999988
98ff8424-c27d-4ddf-8f4a-02457826914f,70.54,54.48,58.87,54.44,2.72,22.0,82.22,0.308,8,57.22,0,0,2,56.675,0.38449500000000003,-3.801000000000002
7724df6c-4ee2-42dc-a6fc-6a94f1bb6cfd,84.3,53.97,54.04,52.39,2.09,20.6,84.2,0.51,5,63.4,1,2,1,54.004999999999995,0.343615,-10.280000000000001
8b3d43c7-ca68-4c35-9949-d8f9c820bcb9,74.85,62.49,57.79,64.6,2.94,25.5,72.07,0.523,4,67.1,1,0,2,60.14,0.32638000000000006,1.7937499999999957
16067e46-14fd-469b-95b3-754e824fbeb1,87.72,66.5,62.66,68.67,3.19,17.7,84.53,0.619,7,67.73,1,2,3,64.58,0.24936999999999998,3.693333333333328
06bed970-fb67-4ffb-ac64-2d80a5df1670,93.27,66.57,53.86,58.93,3.0,19.2,74.33,0.102,1,65.77,1,3,2,60.214999999999996,0.26948500000000003,-10.533750000000005
7343d58e-d891-48fa-854d-3ec5c9d6af4a,72.11,52.35,65.98,50.28,3.23,26.1,84.17,0.268,5,63.52,1,0,3,59.165000000000006,0.383225,-14.712500000000006
bb29826f-d1af-4898-8bcf-9b1a2c39ae94,82.64,68.62,71.14,71.6,3.25,29.7,75.46,0.208,2,72.93,1,1,3,69.88,0.245,1.1089999999999947
866b95cc-7dba-4747-8123-9e93ab98f1df,72.08,77.76,84.64,73.43,3.53,23.6,86.64,0.833,8,75.29,1,0,3,81.2,0.24778999999999995,2.3075000000000045
1ee87327-5ea9-42b5-bf4a-224808a0692e,85.55,76.52,66.41,82.38,3.19,27.6,84.7,0.934,3,74.01,1,2,3,71.465,0.196265,12.967499999999987
9bc82693-13fb-4df1-ad43-0a33a12ca73e,65.53,55.23,56.26,44.26,2.02,15.9,80.22,0.969,7,51.86,0,0,1,55.745,0.43786500000000006,-15.849999999999994
51cdb1bd-bf14-4506-8033-5bcb0a8d966f,87.42,76.79,74.7,81.19,3.46,25.0,74.28,0.852,5,73.26,1,2,3,75.745,0.17951499999999998,14.870000000000005
19973071-0634-446e-afef-b531498f9e8a,93.34,73.5,71.49,76.47,3.7,27.0,92.34,0.267,3,82.81,1,3,3,72.495,0.179745,1.8624999999999972
ab97f2cb-0644-4643-9b11-54503847ef94,76.09,65.86,83.8,68.06,3.52,25.9,95.89,0.899,8,80.33,1,1,3,74.83,0.26696999999999993,1.6857142857142833
610ab599-de76-4d64-9da7-80f3612ed18b,82.89,64.93,64.98,56.66,2.7,16.6,79.73,0.282,2,60.36,1,1,2,64.95500000000001,0.30359499999999995,-13.482500000000002
d10197a2-af19-49b6-b126-1313eb859ef3,96.94,89.68,82.9,79.01,3.53,30.4,80.26,0.35,4,87.97875000000002,1,3,3,86.29,0.11633999999999997,15.797500000000007
18a4fedc-001d-47d9-860d-50e8c96a97f2,81.11,84.28,79.81,77.98,3.64,25.3,94.13,0.6639999999999999,3,76.62,1,1,3,82.045,0.19548499999999996,17.180000000000007
04061dbf-0a0c-407d-bbd4-3d90a1abbb59,65.65,67.9,48.96,65.05,3.23,21.5,74.49,0.883,2,63.94,1,0,3,58.43000000000001,0.36695999999999995,-0.6509090909090958
abcb80b7-1206-4eab-8fb9-5f170ec08f22,84.74,71.05,73.95,69.89,2.89,20.7,75.39,0.975,3,67.64,1,2,2,72.5,0.23387,3.2933333333333366
4745d616-5b1c-4b16-8e01-5da7071c6054,93.95,59.32,63.57,61.67,3.1,17.1,80.06,0.837,2,65.64,1,3,3,61.445,0.254855,-1.6937500000000014
1da67d17-a53b-4ce5-8ba0-7e1fc82187e1,73.39,59.17,63.27,65.39,2.91,17.0,100.0,0.939,2,63.2,1,0,2,61.22,0.32661,3.86666666666666
956d7890-7f18-4d96-a851-97c5233658d0,80.7,43.57,40.26,35.34,2.0,11.4,76.66,0.7769999999999999,5,43.84875,0,1,0,41.915,0.44543499999999997,-21.84333333333334
a96f0d25-23d4-44f6-8e39-6b6faf1006ee,89.76,57.19,51.19,55.39,2.82,19.4,60.35,0.18,5,56.48,0,2,2,54.19,0.31222,-10.299999999999997
c9591774-737a-4214-967e-3a0033fb968a,89.94,67.52,79.27,79.55,2.91,30.2,85.67,0.8880000000000001,4,79.26,1,2,2,73.395,0.18140500000000004,17.96799999999999
d85ade77-dd59-43f0-afef-b2855728050b,99.3,59.91,66.82,73.14,3.42,27.8,84.35,0.975,5,69.1,1,3,3,63.364999999999995,0.193285,6.5433333333333366
a7bcb161-2644-4a5b-81b4-31ddd12e625f,94.31,42.85,37.15,52.54,2.0,11.8,76.63,0.461,4,59.36,0,3,0,40.0,0.34513999999999995,-9.137999999999998
1ad7097a-ab90-4f3f-8fc1-459ad9713084,93.21,76.04,63.22,72.7,3.28,23.3,72.31,0.548,2,71.09,1,3,3,69.63,0.20017000000000004,8.394000000000005
21ffb13a-3bf4-4a1d-9191-8811ec292536,85.41,77.16,66.4,69.62,2.96,22.4,69.54,0.609,2,69.87,1,2,2,71.78,0.23416,9.783333333333339
16ff97fe-ea25-4bab-a370-338f8f9d5127,94.39,81.65,76.3,78.52,3.48,20.9,80.02,0.7889999999999999,3,75.5,1,3,3,78.975,0.149955,12.202222222222218
9b0e0ec5-3cc1-464e-b4b5-4301b4fb6f56,73.37,56.8,67.25,58.38,2.92,20.3,85.04,0.258,2,59.88,0,0,2,62.025,0.345305,-1.632857142857148
6f37ac08-1fed-421f-8650-855637d0b6ea,72.89,72.29,61.38,50.91,3.47,22.4,96.31,0.63,1,58.71,0,0,3,66.83500000000001,0.355205,-16.772222222222226
d5d6d053-80f0-44f2-b5e8-9554fbb8e2cb,83.9,76.12,78.91,81.18,3.65,20.4,71.77,0.7070000000000001,4,74.69,1,2,3,77.515,0.18831499999999995,8.329999999999998
8f6b5ae2-cd73-479e-a37b-2e07b2597fc8,93.02,55.37,52.44,48.31,2.41,17.8,86.65,0.908,8,58.68,0,3,1,53.905,0.321275,-11.262499999999996
cabedf7f-f4c1-4e7e-8e7b-2a38b19a461e,92.86,64.65,70.99,74.24,3.14,23.9,95.27,0.159,4,71.3,1,3,3,67.82,0.20238000000000003,12.016666666666666
4a248b38-9c18-4b20-b388-a75c4b32fd32,74.49,60.54,66.49,64.49,3.6,19.5,79.48,0.921,3,62.02,1,0,3,63.515,0.318025,6.151249999999997
d1757d3f-2dc5-4c9b-8c33-1647402fac9a,69.98,65.53,59.37,54.27,2.82,24.3,69.67,0.647,4,54.69,0,0,2,62.45,0.36991999999999997,-8.248571428571424
0c05bfa8-7e62-45ca-a456-0cf7f2025f27,82.82,57.5,67.29,48.38,2.85,20.4,75.28,0.7769999999999999,5,58.57,0,1,2,62.395,0.336395,-8.803333333333342
57e1962f-4d44-446a-ba71-7b1a2790743e,86.64,64.24,61.11,78.19,3.28,26.2,83.2,0.526,8,65.45,1,2,3,62.675,0.230845,11.394285714285715
bb213a0b-8e05-4fa5-858e-8c3b471df476,77.73,61.43,61.54,67.9,3.19,22.4,88.28,0.1679999999999999,5,67.49,1,1,3,61.485,0.30092499999999994,9.551666666666677
b123d718-9008-447d-8791-bf2006124312,75.68,68.87,64.21,71.94,3.12,22.1,68.35,0.2009999999999999,7,64.18,1,1,3,66.53999999999999,0.28184,4.316666666666663
30ebf0c8-10e3-412b-b1b3-e74f509a14a4,88.93,52.95,50.64,50.15,2.0,15.8,80.4,0.7889999999999999,3,58.28,0,2,0,51.795,0.33844499999999994,-16.16777777777778
d1202a13-0f6e-42aa-821b-74d4d0a2646a,79.8,69.36,79.46,77.27,3.48,31.1,84.21,0.829,7,75.18,1,1,3,74.41,0.22576000000000002,12.44142857142856
ee11c1d4-fb31-4273-bac9-86afe7652396,89.54,62.64,50.48,55.98,2.87,22.2,86.57,0.465,4,67.04,1,2,2,56.56,0.30422,-8.74857142857143
2a7b7232-7174-4273-9f8d-030d0198e408,98.81,87.23,78.83,86.17,4.0,32.3,92.49,0.218,7,85.73,1,3,3,83.03,0.09715999999999997,26.895714285714284
9aef698c-2a8c-4b66-a50b-bc01430dcc49,98.92,53.74,50.67,46.41,2.0,18.9,83.68,0.828,6,60.85,1,3,0,52.205,0.308475,-9.303333333333335
3ae67130-7554-4139-bdf5-e5c3ebff10a0,94.04,51.04,54.8,50.15,2.0,14.6,74.04,0.308,1,53.43,0,3,0,52.92,0.31462999999999997,-8.091000000000001
32bb9896-2322-4768-bd44-046219bf7dde,88.74,59.2,60.58,43.98,2.69,16.7,78.04,0.64,1,57.27,0,2,2,59.89,0.33343000000000006,-19.758000000000003
1187ad9c-b955-4776-8452-2c71c8f0603c,99.46,79.11,70.17,71.97,3.4,20.3,78.73,0.183,1,76.53,1,3,3,74.64,0.16233000000000003,12.116666666666667
0bac03dd-df6e-43ee-88fd-3b8bbc82855a,66.91,66.05,55.91,62.38,2.63,25.1,82.95,0.5509999999999999,6,67.37,1,0,2,60.98,0.36228,6.222500000000004
f9309651-6a20-486f-9ed7-8bf66146e826,76.45,73.61,80.62,70.93,3.43,20.6,75.32,0.877,1,69.21,1,1,3,77.11500000000001,0.250065,-1.6483333333333263
bf5ef413-9859-444d-a8b7-b34fd3e2f973,71.22,82.07,77.6,91.1,4.0,24.4,99.04,0.904,5,81.04,1,0,3,79.835,0.20231500000000005,12.016666666666666
8f9b40c3-715c-4170-93c6-f083811c0f4e,92.66,58.8,61.37,42.74,2.21,13.5,77.45,0.819,2,56.28,0,3,1,60.084999999999994,0.320885,-21.703636363636356
97cf5a87-8c3f-4f22-a80c-3b14be0bc9b1,93.8,55.68,47.75,52.81,2.23,15.3,75.33,0.979,4,55.49,0,3,1,51.715,0.311225,-17.47999999999999
bbd7df73-f639-4887-880a-cb2db3c53985,89.67,78.03,67.93,61.88,2.87,23.4,79.23,0.245,4,73.66,1,2,2,72.98,0.23673999999999995,-4.300000000000004
839509b2-58d4-4b3d-95b5-b48b0a3f2ef8,92.56,49.71,48.57,51.88,2.31,21.3,87.47,0.8480000000000001,1,65.44,1,3,1,49.14,0.32669999999999993,-15.621428571428574
e5025e44-7169-4a19-af73-f2622e5ba77c,93.09,70.85,68.37,73.69,2.54,25.8,63.57,0.6980000000000001,2,70.07,1,3,2,69.61,0.19774,7.563333333333333
7a39e2f4-7595-4938-9f5f-ea5cf67777d2,91.48,72.51,66.61,72.56,3.16,18.4,76.09,0.4,2,69.03,1,3,3,69.56,0.20772,9.186250000000001
988d112f-2fd2-483c-8392-58ef16dbb575,80.8,66.72,66.13,67.01,3.28,20.6,85.62,0.293,4,72.23,1,1,3,66.425,0.276495,1.3228571428571456
f3a8dae1-439c-4fff-a558-358b8de90b82,77.16,70.66,66.67,58.34,3.41,18.0,89.19,0.3259999999999999,2,65.52,1,1,3,68.66499999999999,0.31034500000000004,-8.273333333333326
9ec8b502-156e-4019-9ab3-0c0912e3b539,79.93,56.65,43.64,43.02,2.0,15.0,75.69,0.1679999999999999,5,55.72,0,1,0,50.144999999999996,0.4007849999999999,-15.328333333333326
741dbed1-4ad2-478e-a23e-b0358ced87fc,73.65,87.13,78.53,78.08,3.62,24.4,82.34,0.473,4,77.27,1,0,3,82.83,0.22267,4.689999999999998
cc33b22b-1e4a-4ecf-8c3a-f90162fc5850,94.14,82.78,77.83,68.56,3.26,19.5,62.69,0.367,2,75.14,1,3,3,80.305,0.17684499999999997,7.219999999999999
20cf7a10-5947-4371-89b5-04d15c247a45,72.55,64.38,67.36,79.52,3.69,18.2,72.92,0.8210000000000001,8,68.4,1,0,3,65.87,0.27363000000000004,7.256666666666661
2dc7e367-5247-430b-9fe2-3554eb75adfe,73.84,58.09,53.76,59.59,2.75,14.5,94.04,0.738,7,58.75,0,0,2,55.925,0.358095,-2.3519999999999897
2ebc96c6-388f-4cba-982f-e61b34a21524,98.14,61.79,65.04,64.42,3.5,27.8,63.57,0.97,7,64.7,1,3,3,63.415000000000006,0.22393499999999997,1.211666666666666
21460089-90ae-4a12-b7a6-6654b950a3a8,73.42,67.14,55.42,64.7,3.26,20.3,73.46,0.5549999999999999,5,59.8,0,0,3,61.28,0.32837999999999995,2.9855555555555497
90612d29-a59a-4d0c-9676-02f53ce0ebe0,92.37,62.25,66.94,63.37,2.88,16.9,70.59,0.7030000000000001,1,62.98,1,3,2,64.595,0.24662499999999998,-11.057499999999997
81550899-6d67-4abe-8a2e-933509270b35,83.09,61.68,64.39,67.35,3.14,27.2,84.27,0.4509999999999999,3,68.03,1,2,3,63.035,0.27648500000000004,4.701999999999991
9171a01d-3903-4a38-bcec-0c1eadae9424,67.29,72.16,71.46,63.16,3.05,22.1,78.65,0.689,1,68.14,1,0,3,71.81,0.32592999999999994,4.656666666666666
d601eda7-8c52-41c3-ae46-d7cb1cdda692,72.6,55.89,59.24,49.68,3.05,25.2,83.01,0.696,3,59.4,0,0,3,57.565,0.387865,-9.534285714285716
fa33626d-f2de-4d47-9c64-3637ca03a402,65.63,68.37,54.67,65.27,2.48,24.2,78.8,0.38,4,60.96,1,0,1,61.52,0.35711,-0.9354545454545473
b744dd28-f368-49b2-bf4f-0b51a236cb0b,69.95,74.61,76.27,68.59,3.63,19.9,71.24,0.485,3,69.4,1,0,3,75.44,0.28811,3.8500000000000085
99f5d2bb-4a17-4786-829d-cf09d1180ec6,80.21,64.92,72.38,61.18,2.18,27.2,82.4,0.8550000000000001,6,69.13,1,1,1,68.65,0.28967,3.0500000000000043
b6a0e28b-6f34-49bc-aa96-d98018f9a1f4,87.41,56.97,55.85,57.92,2.25,20.6,77.96,0.19,5,62.8,1,2,1,56.41,0.30737,-5.439999999999998
8aed46f7-c836-4abb-9b2b-05a645418c68,75.94,63.08,58.89,63.53,2.55,26.1,81.68,0.986,7,68.15,1,1,2,60.985,0.322695,-4.339999999999989
d8d4a168-952a-4de5-9574-bce81035d9db,69.28,44.33,44.44,54.16,2.04,16.9,92.07,0.881,3,48.58,0,0,1,44.385,0.427245,-10.316666666666677
183f6aa2-affb-4cb4-9baa-b959d55f7a2a,65.76,57.31,57.82,73.36,2.59,16.1,83.75,0.73,8,60.54,1,0,2,57.565,0.34418499999999996,14.21875
7e0f1a88-90e0-4e1d-b6fe-13a57384fcff,81.43,69.7,72.8,78.8,3.01,25.1,76.71,0.301,6,75.64,1,1,3,71.25,0.22412999999999997,12.633333333333326
2ad51651-0b8e-435c-82e9-23c8fc022c03,91.13,63.74,60.12,73.08,2.78,28.9,76.36,0.6809999999999999,4,70.76,1,3,2,61.93,0.23045000000000002,-0.2842857142857156
227e37b7-a8d8-456f-95a8-0a4f41c6b03f,89.43,65.68,61.07,59.23,2.96,21.3,86.26,0.8380000000000001,2,61.25,1,2,2,63.375,0.27446499999999996,-2.613333333333337
3645919f-4167-419e-8a38-29b004d33fd5,65.95,47.11,41.36,42.99,2.64,20.1,87.32,0.631,7,53.1,0,0,2,44.235,0.47452500000000003,-18.454166666666666
d91e89fc-1eb9-4129-b156-d76c7536c888,90.64,58.21,68.22,58.99,2.77,26.1,94.35,0.469,8,68.32,1,2,2,63.215,0.270825,-10.118000000000002
45f89c8f-8ea4-463f-bef5-f5856fa6a3f1,71.19,65.81,72.84,67.71,3.29,23.3,84.4,0.541,8,69.91,1,0,3,69.325,0.30413500000000004,-1.8716666666666697
762ebcf0-7cda-4e8c-9197-bc07fb6de3a9,82.78,72.92,76.77,66.38,3.22,30.5,78.38,0.217,5,75.07,1,1,3,74.845,0.24520499999999998,8.441428571428567
275cc91f-b425-40b3-a718-108ddae93f1b,83.72,48.45,47.35,40.71,2.46,15.3,83.43,0.494,6,56.7,0,2,1,47.900000000000006,0.3992899999999999,-25.9
e4e2a951-2baf-4905-967e-3d54d25cb110,66.21,53.27,66.86,57.97,2.68,16.7,75.8,0.487,4,59.6,0,0,2,60.065,0.3810550000000001,-5.234999999999999
c1d63f20-683a-41db-a19d-5f726c564e82,82.56,62.68,73.56,66.04,2.92,19.0,78.04,0.663,7,63.26,1,1,2,68.12,0.26727999999999996,-3.7299999999999898
3a2a15f7-1a70-41dd-a12c-e3b17098eb0d,96.14,64.85,56.55,51.43,2.73,20.6,67.17,0.73,3,55.67,0,3,2,60.699999999999996,0.27905,-7.71125
8dfa60dc-6943-499a-a7a9-1b073bc3e227,71.29,72.82,74.15,81.35,3.96,32.0,88.52,0.208,6,74.95,1,0,3,73.485,0.250335,10.858999999999995
244d2abb-c14b-40d3-a27c-79c38e28e393,82.57,70.74,71.29,70.31,3.52,17.6,75.57,0.151,4,70.58,1,1,3,71.015,0.245745,3.143333333333331
8508098e-2555-44a1-82e5-42e4ecafaacb,85.2,74.18,71.69,65.92,3.03,25.6,70.94,0.944,5,66.07,1,2,3,72.935,0.24263499999999993,1.5799999999999983
0691b244-b35a-4db2-9781-6a1391120b55,82.77,64.8,70.4,64.84,3.34,16.5,83.49,0.973,6,63.7,1,1,3,67.6,0.2716,-4.260000000000005
5864ac15-f6be-472f-892f-6b73d82d81d9,69.58,60.48,70.14,58.43,3.1,25.0,88.12,0.178,1,62.77,1,0,3,65.31,0.35046,-2.835000000000001
7f833b1e-53b8-40e2-bcc1-ddc204923a00,67.53,63.02,65.37,61.42,3.17,26.4,89.01,0.437,7,64.5,1,0,3,64.19500000000001,0.35303499999999993,-6.898333333333326
a4a9caeb-b73e-47c6-9670-83e79ed40791,73.09,67.04,74.22,65.45,3.34,18.7,74.98,0.941,8,70.04,1,0,3,70.63,0.2994,-0.9099999999999966
48dca85b-92c3-4962-8ffe-b8f2eadeb202,72.22,60.52,59.01,70.56,2.76,28.4,68.47,0.481,3,63.37,1,0,2,59.765,0.32014499999999996,6.890000000000008
6b94bcd7-1a05-4a61-90cf-3aa3c475da53,65.35,45.12,44.29,55.21,2.75,18.6,75.89,0.491,5,57.02,0,0,2,44.705,0.438855,-6.262222222222221
792bbdeb-6732-487b-84c7-bfbfa579b2fa,90.9,72.41,65.11,63.32,2.99,25.5,70.68,0.5780000000000001,4,64.85,1,2,2,68.75999999999999,0.24015999999999998,4.869687499999998
74570729-9de9-476e-8b07-971a476503de,98.94,72.37,67.72,85.0,3.05,25.1,80.33,0.426,8,82.57,1,3,3,70.045,0.139105,24.27285714285715
84a19e16-3f92-4fc2-84a8-3800d9790948,77.84,52.64,46.33,56.34,2.14,17.6,84.39,0.8300000000000001,2,56.59,0,1,1,49.485,0.37116499999999997,-1.4350000000000023
9ba84aca-7cf5-45a1-a36f-e0cc59bb80c7,83.87,61.66,56.62,40.98,2.58,17.1,88.45,0.48,4,61.78,1,2,2,59.14,0.36416,-21.822499999999998
923c9a7e-6132-4b67-b60e-e986be3883c8,70.09,66.04,57.55,62.42,3.45,19.2,80.23,0.432,2,57.69,0,0,3,61.795,0.346995,4.795999999999999
90143804-f71c-403e-9b76-5948490cbe7e,93.33,90.77,87.28,82.93,4.0,31.5,66.33,0.914,5,77.56,1,3,3,89.025,0.11081499999999998,14.77666666666667
9f5775ef-713d-4909-b1d4-7ced35ae0aa3,73.22,63.06,51.52,63.54,3.09,24.8,84.7,0.446,8,64.44,1,0,3,57.290000000000006,0.34463,-6.190000000000005
543f8b23-de0d-4064-822e-b222aad4c39f,98.64,42.85,48.96,46.93,2.59,13.7,84.38,0.192,2,52.72,0,3,2,45.905,0.326935,-18.59285714285715
b4a4f4d4-95c6-4feb-b5f1-d4cbe8a5d320,94.27,65.04,69.67,75.86,2.75,16.1,83.37,0.184,7,75.36,1,3,2,67.355,0.193275,14.824444444444453
0a1c3f95-cc22-48a0-88ce-f796388d6dc6,91.28,81.18,87.93,67.67,3.54,33.1,66.44,0.882,1,78.0,1,3,3,84.555,0.17820499999999995,6.612000000000009
a7347119-5d48-4bb4-9340-e3bc1afc66e9,82.46,68.36,69.85,67.59,2.7,16.3,73.39,0.889,8,66.27,1,1,2,69.10499999999999,0.26007500000000006,11.617500000000007
417be95a-c09f-4066-b036-016c9e88c7f3,82.19,64.66,66.09,67.28,2.25,26.3,81.92,0.398,6,73.89,1,1,1,65.375,0.273275,8.600000000000001
c3d553ed-1749-4e33-b105-c3e9a83b4186,98.47,86.84,74.94,82.9,3.43,26.3,64.02,0.298,6,83.3,1,3,3,80.89,0.11474999999999998,11.61571428571429
575f0857-0d1c-43e7-a1e8-ded39ff2967d,98.37,70.5,63.72,67.95,2.64,19.6,76.44,0.299,7,66.13,1,3,2,67.11,0.20133999999999994,2.6666666666666714
5f41c2e6-6551-4a90-a7f5-617ae98f1746,83.56,65.18,66.14,63.5,2.61,23.1,77.82,0.8029999999999999,1,67.6,1,2,2,65.66,0.27827999999999997,-4.082000000000008
8094e301-a9a9-44f4-9a80-ebaf9c0f82cb,80.55,78.28,70.6,58.24,2.57,26.3,82.4,0.841,2,67.49,1,1,2,74.44,0.27976,-5.5
9c01c6df-151e-431a-8520-5dea1be45f94,77.19,65.4,64.78,65.17,3.1,22.4,69.61,0.567,7,64.15,1,1,3,65.09,0.30046,2.4875000000000043
31ae9d5c-2b12-43fa-bda8-18ef0b006669,70.28,66.67,65.53,62.03,2.87,19.2,91.54,0.444,6,64.81,1,0,2,66.1,0.33448999999999995,-0.8349999999999937
920d1810-36bd-48b4-bc44-f5b1cc79a05f,93.27,52.74,59.12,56.59,2.96,20.7,82.82,0.382,7,64.21,1,3,2,55.93,0.28936,-7.97999999999999
362d5778-6a5e-4b01-93b1-9016a2ff0c40,78.16,61.24,62.75,61.85,2.42,15.1,84.15,0.365,4,63.67,1,1,1,61.995000000000005,0.315825,4.021666666666661
de078e93-dce8-45cb-8a09-4e8e26363cab,94.7,71.94,71.35,71.78,3.41,19.1,86.61,0.919,5,68.82,1,3,3,71.645,0.190925,3.3329999999999984
b62e4094-a82d-4bc8-84f7-9f6632c4a937,73.48,58.58,58.95,51.15,2.82,15.2,88.44,0.603,7,55.67,0,0,2,58.765,0.376335,-8.844000000000008
4bd25988-95dc-4233-95bb-5d06337cee98,87.9,59.52,56.44,53.72,2.42,20.5,82.18,0.541,8,57.99,0,2,1,57.980000000000004,0.31329999999999997,-15.861666666666665
ea04339f-01e4-4f40-b5ca-78644f1769a3,70.33,45.55,47.72,49.17,2.5,17.3,84.49,0.77,2,53.66,0,0,1,46.635,0.431265,-14.892499999999998
79fb7adc-2afa-4de1-a4f2-864e024006e4,76.81,52.24,47.79,53.04,2.28,23.4,69.03,0.419,2,57.45,0,1,1,50.015,0.38359499999999996,-4.216666666666669
3fdedebe-ad0a-41a7-8159-758df431e2ed,98.04,43.38,42.22,45.6,2.18,20.3,70.85,0.662,2,52.86,0,3,1,42.8,0.34263999999999994,-14.975000000000001
3abf9bd2-4be5-42c7-8221-6d34d5e6f9ee,97.12,60.21,54.68,62.02,2.57,13.7,95.14,0.726,3,63.13,1,3,2,57.445,0.25312499999999993,-7.315714285714286
a2c431c2-ecd3-4146-ab1a-48a6b985454a,91.09,71.63,86.26,82.72,3.76,22.0,70.46,0.8699999999999999,1,74.4,1,3,3,78.945,0.15064500000000003,13.099999999999994
186b2be6-6a80-4bcc-bbd9-9c422bc7b74c,65.93,54.06,55.48,58.53,2.19,17.1,74.97,0.638,4,60.58,1,0,1,54.769999999999996,0.39637999999999995,-5.393333333333324
248af953-98f5-4f6b-8660-7efe41712db9,79.06,69.95,66.74,73.36,2.92,21.1,65.62,0.897,5,62.95,1,1,2,68.345,0.258645,6.864999999999995
cab2539a-d4fc-4389-99a7-ea6057a689bb,71.92,82.09,77.71,74.1,3.48,26.7,80.69,0.653,6,73.86,1,0,3,79.9,0.25032,12.431999999999988
d9cac27c-d9ae-42ca-887c-1ff248dedb0c,99.8,79.52,57.51,65.35,2.93,28.8,80.29,0.345,7,74.02,1,3,2,68.515,0.19920500000000005,-0.5160000000000053
ac871900-79fe-4ea7-9727-3323e3a43c29,92.03,57.96,61.3,54.9,2.95,15.8,80.86,0.257,8,68.19,1,3,2,59.629999999999995,0.28829,-7.634285714285717
17a704c1-6609-47fb-a473-db60ce164868,86.28,51.95,51.71,44.66,2.37,25.9,72.08,0.746,2,58.08,0,2,1,51.83,0.36540999999999996,-16.533749999999998
53b1d485-df58-42a9-b739-65989bcbf1d3,79.92,72.6,72.8,72.48,4.0,19.1,81.82,0.591,2,75.17,1,1,3,72.69999999999999,0.24478000000000003,7.156666666666666
1ed18379-dc5f-448e-b6d8-0df9a40b432c,67.71,56.77,53.08,63.85,2.9,17.4,71.07,0.283,8,58.72,0,0,2,54.925,0.372835,-5.17799999999999
3ed26899-e3f1-4dee-a0f1-aeae1573a4ed,95.06,56.34,60.64,57.7,2.58,14.7,88.87,0.727,6,62.8,1,3,2,58.49,0.27119,-10.88199999999999
3e4cc53b-6e70-41ce-820d-54809af9552d,71.16,72.51,79.8,81.53,3.59,23.8,65.62,0.8480000000000001,1,67.59,1,0,3,76.155,0.24230500000000002,14.028571428571425
c3ab4fd5-0523-476c-bf12-9a5ba3222931,80.0,59.9,57.05,60.51,2.06,25.6,84.1,0.86,5,64.88,1,1,1,58.474999999999994,0.323045,-5.488000000000007
95e03f4e-3812-4d31-b531-b9e21dc4a037,72.37,61.59,61.35,57.19,3.38,19.3,69.87,0.589,5,56.39,0,0,3,61.47,0.3545399999999999,-0.5266666666666708
427deb73-dc20-4569-9cba-a7174d709760,89.75,69.81,72.91,74.29,3.34,24.0,67.61,0.5740000000000001,3,72.71,1,2,3,71.36,0.20404999999999998,7.4325000000000045
e77aaaa7-fc5d-41e4-a52d-91f9cd64e60c,65.99,50.46,63.89,66.07,2.88,25.6,74.13,0.493,3,58.77,0,0,2,57.175,0.36630500000000005,3.9199999999999946
6b4af999-b18a-4b66-9067-23aedef8cefd,80.78,57.21,59.86,58.0,2.77,15.8,87.22,0.636,3,60.89,1,1,2,58.535,0.327275,-11.202857142857141
61ef3516-7964-4177-a4e8-b256a76cd11d,86.29,53.85,55.53,57.09,2.02,26.8,69.28,0.123,3,61.79,1,2,1,54.69,0.31949999999999995,-9.325000000000003
01f607f2-768f-4820-ba31-8fe66f7b2b2e,88.78,88.36,85.35,75.1,3.03,32.1,78.96,0.8460000000000001,2,77.91,1,2,3,86.85499999999999,0.15901500000000005,12.516666666666659
75f9a638-0ef4-4c9d-81b0-405a976f1d53,73.05,59.43,49.18,51.98,2.31,21.5,87.57,0.5,2,58.09,0,0,1,54.305,0.388945,-6.480000000000004
8e4e2aee-ee5c-44ab-88b0-f425cf296584,78.52,74.96,70.89,76.27,3.91,26.9,78.25,0.4019999999999999,2,71.63,1,1,3,72.925,0.23833500000000002,11.80749999999999
b1d5c972-738e-4f9d-b657-8c2c6fe9a6a0,73.74,57.39,59.9,54.08,3.01,24.2,78.9,0.518,7,59.15,0,0,3,58.644999999999996,0.3668650000000001,-7.724285714285713
f12d5fad-964f-4ec4-bb0c-a95933fdd83e,86.6,58.05,64.98,67.97,2.68,19.7,84.29,0.499,3,63.27,1,2,2,61.515,0.2651450000000001,-3.076666666666668
629ba40b-7e52-4552-bab1-418f78ba4d78,96.59,86.06,88.12,72.25,3.54,29.4,75.0,0.865,5,79.52,1,3,3,87.09,0.13561999999999996,4.480000000000004
7090ab12-d8d5-4638-8c99-8b062f57479d,98.79,62.51,59.79,62.22,2.83,24.4,78.05,0.408,8,68.46,1,3,2,61.15,0.23473,-2.8200000000000074
cf1c1399-b9d1-467d-a1a7-16fbfb2b3376,92.75,64.03,58.68,59.82,2.73,25.2,72.88,0.316,8,61.83,1,3,2,61.355000000000004,0.265475,-3.585000000000001
4a73f197-af6c-4895-97df-c3e0ed399b09,77.93,58.73,54.4,54.8,2.4,22.3,82.37,0.221,1,61.29,1,1,1,56.565,0.354185,-5.700000000000003
3fddd297-a176-4fc7-a2a2-8ef7a11ba2c6,95.38,83.41,81.12,68.23,3.7,23.1,88.34,0.507,5,77.8,1,3,3,82.265,0.166995,3.1899999999999977
1b27b472-0587-4154-ad71-5b9444a83ed4,67.39,65.47,83.13,62.97,3.77,19.2,66.56,0.508,1,62.35,1,0,3,74.3,0.31862999999999997,4.784999999999997
080e5b5d-d608-4d77-88a6-c984962ee365,73.85,69.43,63.84,70.38,3.34,30.6,77.17,0.805,3,61.34,1,0,3,66.635,0.293555,7.799999999999997
099315ae-d195-40ad-b431-10d36b543a49,67.36,76.97,67.86,68.04,2.88,30.4,90.23,0.905,3,69.17,1,0,2,72.41499999999999,0.30919500000000005,-0.3924999999999983
385b6931-a149-4f54-a9a5-9ef75f594031,80.64,69.33,77.92,63.45,3.0,17.6,71.41,0.873,7,66.62,1,1,2,73.625,0.266215,-7.780000000000001
92881ddb-f042-4171-80bb-6cf954b08e3c,83.72,50.11,44.46,49.6,2.0,11.4,80.57,0.483,8,54.62,0,2,0,47.285,0.374465,-13.262499999999996
986c908f-1b43-403f-8a92-039d2a76395c,82.19,62.54,66.45,58.56,2.88,21.3,74.05,0.262,7,63.31,1,1,2,64.495,0.302075,-3.280000000000001
18f64efd-434c-492e-96bc-d3d26a275eaa,89.78,87.1,80.18,90.44,3.62,29.9,72.14,0.4019999999999999,7,83.85,1,2,3,83.64,0.11864,25.977499999999992
59d174e7-b246-4d86-a0e3-414ad4de416b,70.5,70.46,67.03,68.0,2.84,25.5,85.34,0.608,6,76.06,1,0,2,68.745,0.307765,12.722499999999997
3aac7ef1-a476-4ded-99a9-4b0a769fcc0c,71.56,60.49,57.29,43.35,2.54,19.0,86.5,0.693,5,54.99,0,0,2,58.89,0.40703999999999996,-13.471000000000004
951edb90-822e-4a12-ab5b-590331f714da,80.57,71.2,66.68,77.4,3.21,18.4,80.79,0.577,3,71.54,1,1,3,68.94,0.23870000000000002,10.040000000000006
e5a14386-e1b0-4162-91f8-c1d25079e4e2,71.01,68.42,63.8,54.49,2.8,26.5,70.74,0.693,5,58.25,0,0,2,66.11,0.35416,-2.331000000000003
63ec499d-9785-4c6e-9bfc-97a0c1178cb5,71.24,54.99,48.92,56.01,2.62,13.3,87.17,0.4669999999999999,7,56.02,0,0,2,51.955,0.3911450000000001,-1.17285714285714
c746ab0f-0826-4580-b674-1919e739ce53,80.29,36.5525,38.37,38.51,2.13,17.2,76.16,0.865,5,43.84875,0,1,1,37.46125,0.45092625,-29.259999999999998
0537e97f-0759-43fe-87b3-06d0f7f5b4fa,92.28,72.3,63.1,61.63,3.1,16.2,81.15,0.947,7,64.66,1,3,3,67.7,0.24288999999999997,-5.669999999999995
b3d52803-997c-46f0-bd27-dddc4ed7078b,78.06,64.75,61.02,71.27,3.04,25.4,82.14,0.919,8,69.21,1,1,3,62.885000000000005,0.28529499999999997,2.8229999999999933
f1406a40-bed1-4549-895f-dbec255c8595,78.17,76.06,83.85,88.41,3.36,29.7,75.56,0.915,2,75.28,1,1,3,79.955,0.182225,17.834285714285713
c75367ff-4390-403b-8f13-802481e07f1f,75.59,61.36,66.39,63.02,3.31,21.9,82.17,0.636,4,64.74,1,1,3,63.875,0.31695500000000004,-6.182857142857138
f9804044-64fb-452b-9987-5a69bd2d3c9b,89.37,54.81,52.94,67.91,2.88,25.7,75.8,0.413,7,65.78,1,2,2,53.875,0.27716499999999994,0.9257142857142782
e84893cd-f132-4cbe-a7aa-fec57a0f7175,65.0,62.7,68.83,61.43,2.91,21.2,83.3,0.987,3,58.73,0,0,2,65.765,0.358415,-9.308749999999996
e86da4b2-9e7a-43f5-9c79-046e7e8420c0,80.01,69.43,52.02,52.51,2.51,24.6,91.23,0.54,3,58.55,0,1,2,60.72500000000001,0.3402549999999999,-8.288333333333327
e34b352d-b82a-4d7c-abf8-38371775b832,68.73,51.35,64.94,51.61,2.65,24.8,79.78,0.126,7,64.16,1,0,2,58.144999999999996,0.39581500000000003,-10.048000000000002
b3366a44-984b-4dec-9eaf-8932a1afd8fb,91.23,67.49,68.45,58.47,2.9,26.7,87.26,0.269,4,69.73,1,3,2,67.97,0.25576,2.972678571428574
3ccdef69-b396-4ce9-be2b-a1fc1d9ef1e3,93.74,63.22,64.34,60.63,2.68,19.1,79.37,0.32,7,61.73,1,3,2,63.78,0.25181,-3.4624999999999986
c4741a9b-3b60-428f-8af3-915c8e0656f3,83.94,53.39,55.67,42.77,2.32,21.9,91.34,0.231,7,56.07,0,2,1,54.53,0.37233999999999995,-16.098333333333336
9e38aa30-56e9-4bab-abbc-ae88867ace53,66.9,55.36,57.3,64.16,2.98,25.7,92.74,0.602,6,62.83,1,0,2,56.33,0.37093000000000004,5.803636363636365
55eca91f-ab01-405d-a911-5be0a0e4dc70,87.85,67.58,67.53,52.93,2.89,22.3,82.28,0.519,3,70.02,1,2,2,67.555,0.287145,-11.848571428571425
2ed37816-57d6-493a-b870-757d3b467784,94.49,47.08,58.17,53.71,2.0,16.7,83.76,0.503,8,63.57,1,3,0,52.625,0.303035,-7.287500000000001
c492a2be-dc03-49d0-9549-3ff7a67212ef,67.33,60.64,57.17,69.93,3.0,19.2,92.86,0.8880000000000001,3,61.84,1,0,2,58.905,0.34417500000000006,8.347999999999999
3bd62733-1765-422b-a062-caa2696de6e1,78.78,72.9,64.2,52.92,2.81,17.1,85.01,0.7929999999999999,2,60.87,1,1,2,68.55000000000001,0.32047,-8.407499999999999
90443c3c-f9cf-4a51-91c2-f0494cd40a93,93.03,69.24,63.45,62.17,2.71,21.7,85.34,0.4559999999999999,4,68.28,1,3,2,66.345,0.242335,-4.070000000000007
7acd9fa5-a833-46f0-9c18-22989990c614,87.5,68.22,71.57,63.16,3.0,18.8,81.36,0.2779999999999999,2,65.56,1,2,2,69.895,0.25083500000000003,-6.1425000000000125
dd481c65-8bd3-4d10-8fd2-e23211bf9bc0,73.07,63.13,65.01,67.26,3.47,22.6,80.6,0.636,8,68.87,1,0,3,64.07000000000001,0.31372999999999995,-1.942857142857136
1bfc9b97-6fc6-433f-8021-592ee78c02bf,76.66,74.15,65.3,75.87,3.03,17.6,81.46,0.359,8,72.76,1,1,3,69.725,0.256575,9.570000000000007
baf1c534-97f6-4d7b-b57d-8a7ea133c1c4,96.61,73.0,85.23,80.73,3.14,23.8,82.84,0.416,4,80.24,1,3,3,79.11500000000001,0.13402499999999995,15.070000000000007
8797cf46-e624-4483-a44c-f7a1e86b983c,98.05,54.4,70.3,75.47,3.0,18.3,76.63,0.8859999999999999,1,70.24,1,3,2,62.349999999999994,0.19434000000000004,17.388392857142854
f68cf207-3189-4d41-a420-60a0a16f1a10,98.08,57.97,58.15,56.33,3.07,26.8,67.98,0.26,5,70.15,1,3,3,58.06,0.26451,-4.149999999999999
5e258327-bf6f-43a8-8713-83a24dab0371,97.74,71.61,58.02,59.44,2.73,26.0,73.14,0.579,5,70.9,1,3,2,64.815,0.23627500000000004,-8.488571428571433
d23f083b-3983-4cde-bd1c-a4956cdcc074,70.97,55.76,68.8,60.87,2.89,25.0,81.21,0.657,5,63.62,1,0,2,62.28,0.34667000000000003,-3.740000000000002
c076ef2b-1cd8-4710-a6e8-274bc2d4dbc2,98.04,84.65,80.35,66.06,3.29,21.6,87.02,0.533,4,74.58,1,3,3,82.5,0.16215999999999994,-3.57714285714286
23bca9bc-7484-4047-a420-0870e7b1cd60,90.37,70.4,80.29,67.92,3.28,27.3,92.2,0.4669999999999999,3,72.29,1,2,3,75.345,0.20872499999999994,10.737142857142864
d2caabf5-1cce-421d-92e3-3ba2ef87f733,86.23,64.07,56.25,62.83,2.7,22.4,80.35,0.5700000000000001,3,63.18,1,2,2,60.16,0.28611000000000003,0.588000000000001
1dd33b98-cf97-4c8e-a259-32a86ced1d0b,80.93,72.51,68.41,75.31,3.04,27.0,69.42,0.603,1,71.33,1,1,3,70.46000000000001,0.23896999999999996,15.315999999999995
4268a079-19f6-4090-ad13-4e648d3434f4,98.68,64.1,73.98,61.11,3.34,28.5,84.79,0.252,6,74.19,1,3,3,69.03999999999999,0.21482999999999997,-5.597777777777779
d4ba25c0-b12c-42c6-81c7-2e0128c7e8b8,69.12,64.65,74.66,80.84,3.61,29.7,66.25,0.523,5,74.22,1,0,3,69.655,0.27203499999999997,18.033750000000005
8504ff19-c4d8-4897-b89e-69ecf6d17f76,80.2,62.01,66.63,58.65,3.01,25.2,85.77,0.375,3,60.33,1,1,3,64.32,0.31029,-6.835000000000001
9eea66a6-7dab-4fa2-acd8-53ab2f42c43a,88.49,47.66,58.29,50.45,2.32,14.3,75.39,0.7110000000000001,2,58.21,0,2,1,52.974999999999994,0.33576500000000004,-17.32625
cde02af0-82b1-4088-9002-516272e5fa93,82.15,73.91,64.43,63.83,3.5,24.3,88.95,0.478,7,72.1,1,1,3,69.17,0.2724,-2.167500000000004
d3900eb3-a75e-4065-8a08-78e3c5e7fec8,96.43,85.8,82.69,90.98,3.79,26.2,58.9,0.187,5,81.22,1,3,3,84.245,0.08860499999999995,25.413750000000007
18b7824a-962c-4f22-8602-9846fdbac098,92.38,52.07,51.51,60.77,2.26,18.3,69.39,0.86,4,56.1,0,3,1,51.79,0.2928,-5.2280000000000015
e5ec5774-313a-4d23-bb68-c01a8281815a,94.71,54.71,63.01,63.62,2.73,21.2,83.78,0.122,8,67.19,1,3,2,58.86,0.25372000000000006,2.1809999999999974
d58a7ee2-4476-47c1-b667-db0d6f535e8f,79.12,59.18,48.37,42.66,2.43,15.0,84.6,0.106,6,54.52,0,1,1,53.775,0.3942149999999999,-15.661111111111111
b5fc1feb-cc1e-4d79-831d-b6eb712bb794,78.57,69.65,64.09,73.57,2.9,23.1,88.37,0.365,3,65.45,1,1,2,66.87,0.2644,15.741666666666653
c0d9a22a-d87e-43cb-ab86-5395d2da1ce1,94.06,65.26,59.29,54.75,2.79,17.8,78.77,0.157,4,69.24,1,3,2,62.275000000000006,0.27268499999999996,-12.287000000000006
1b3ae83a-003d-4c83-80ac-52e5282eff8f,91.85,49.11,54.38,52.26,2.53,20.6,65.42,0.958,1,56.42,0,3,2,51.745000000000005,0.320585,-13.108000000000011
9570f6cb-a643-4b7d-a27b-803e2b728c19,85.66,63.16,59.22,62.47,3.17,24.4,83.13,0.474,2,66.57,1,2,3,61.19,0.28638,2.2660000000000053
0295705c-5bb7-41ae-ab2b-aee5622a0aef,95.72,79.74,78.93,76.63,3.24,29.2,76.29,0.842,4,81.3,1,3,3,79.33500000000001,0.149225,3.7566666666666606
70e07cc4-e81f-4a3a-9672-dc6f4c768332,74.4,55.53,53.99,44.32,2.48,22.7,89.43,0.429,2,52.84,0,0,1,54.760000000000005,0.40515999999999996,-7.640000000000001
94fc897f-8cdf-4d2c-805c-bbc2d0a9fc43,80.04,78.32,84.35,85.41,3.95,22.2,79.61,0.583,1,72.72,1,1,3,81.335,0.17960500000000004,20.900000000000006
fb2dd580-a1b8-418b-ae00-a805253e471e,74.26,62.03,55.51,57.48,2.95,17.2,81.01,0.118,2,61.2,1,0,2,58.769999999999996,0.35420999999999997,-11.31727272727273
8fd8bbed-955c-4328-b883-891770fb6932,95.86,52.12,55.18,59.86,2.2,20.5,64.37,0.624,1,59.09,0,3,1,53.65,0.27603,-2.5209999999999937
f22768de-c8c2-414a-8ca5-bd4a2978db34,87.85,66.02,62.56,67.52,3.17,25.5,58.80000000000002,0.8019999999999999,1,66.48,1,2,3,64.28999999999999,0.25317000000000006,-6.8016666666666765
313855f4-a7fe-43d5-b829-7e71b9119134,82.16,66.06,57.12,69.45,2.76,16.7,91.33,0.868,4,64.81,1,1,2,61.59,0.27824,-3.2224999999999966
28eb50dc-0df0-4d84-aa96-b3036fe80cd3,75.04,59.92,70.18,65.3,3.71,20.0,90.92,0.987,7,65.91,1,1,3,65.05000000000001,0.30878999999999995,-5.438749999999999
8cddf9cb-603d-4aa2-b2f2-a306c788b89f,71.87,58.46,61.99,61.04,3.09,16.2,85.5,0.625,4,57.72,0,0,3,60.225,0.348725,-2.200937500000002
b45c2f0c-1439-42ce-9eb8-99701ad3c696,98.03,67.81,63.07,68.32,2.35,17.2,89.38,0.3279999999999999,4,65.81,1,3,1,65.44,0.20660000000000003,8.245999999999995
f065a62f-eeaf-46f1-a703-a12f5871312e,79.21,50.91,39.55,42.94,2.66,22.2,75.89,0.758,8,52.58,0,1,2,45.23,0.41865,-13.682857142857145
5a9b337b-53f3-4df3-9c29-935382c261d3,76.15,50.05,50.94,60.09,2.87,14.8,82.17,0.671,3,56.05,0,1,2,50.495,0.36364499999999994,-1.857142857142854
b21c5c4a-a70e-464b-a57b-0a60dd9a38f8,81.21,81.38,84.95,90.77,3.71,28.1,87.68,0.541,4,78.79,1,1,3,83.16499999999999,0.15335500000000007,21.188333333333333
43df37dc-e0fd-40a4-989c-8530fa37d9ec,76.65,76.53,81.73,67.45,3.47,29.8,81.09,0.756,7,73.42,1,1,3,79.13,0.25366,1.356527777777785
d8d92c5a-38be-4583-9a95-f17395c7a463,77.87,74.11,70.52,71.09,3.45,25.8,84.93,0.883,3,73.01,1,1,3,72.315,0.25830499999999995,5.3890909090909105
7a6646ae-867c-4ad2-a570-a3142c0f0663,89.93,55.58,60.41,49.44,3.37,17.9,68.36,0.853,5,57.43,0,2,3,57.995,0.31797499999999995,-18.004285714285714
367a34dc-7575-4ac9-ae1c-4f99efda732a,84.22,61.79,59.68,60.32,2.45,17.1,93.31,0.339,6,63.83,1,2,1,60.735,0.299955,1.038333333333334
60aeae74-6d97-4805-93a2-9add250a5766,95.05,56.01,54.26,58.32,2.46,21.4,67.94,0.712,1,57.04,0,3,1,55.135,0.279435,-11.872857142857136
b1b92b3d-01ae-4211-b3fc-9b404e382360,80.71,78.42,81.26,86.1,3.04,27.7,88.93,0.8310000000000001,3,78.28,1,1,3,79.84,0.17934000000000005,8.694999999999993
4e042785-c3ab-4c81-9c13-5d6e060ccde6,81.57,59.94,57.83,61.59,2.69,23.3,66.59,0.497,2,59.64,0,1,2,58.885,0.312295,-2.9742857142857133
f703be9b-dc00-4f61-b741-dfe458c40098,99.79,61.96,64.74,54.78,2.92,21.3,66.45,0.7,1,64.98,1,3,2,63.349999999999994,0.24644999999999995,-12.582499999999996
0a4af24f-e04a-4b2f-ba68-12b3e7d5026d,77.19,65.4,65.18,67.55,2.85,25.5,90.34,0.544,2,65.74,1,1,2,65.29,0.29272,12.592857142857142
832a6afd-c0b4-49f1-b7bb-10188ecb845c,83.99,65.96,63.1,60.63,2.21,19.9,79.22,0.8119999999999999,7,60.89,1,2,1,64.53,0.28856000000000004,-5.594999999999992
6229a974-fbdf-42ba-8417-80577b9e32f3,94.74,85.23,74.8,76.85,3.98,23.0,65.78,0.746,2,71.51,1,3,3,80.015,0.15044500000000002,15.65625
0360cf8e-10ea-4762-ba0c-39ea2317a0d0,79.09,74.08,71.98,84.58,3.34,32.6,77.7,0.669,1,76.36,1,1,3,73.03,0.21081,22.542
d64b8194-c0e1-44b0-90ff-727b0c236ebf,86.25,91.46,84.25,88.28,3.53,24.2,80.97,0.151,3,82.29,1,2,3,87.85499999999999,0.12659500000000004,21.11333333333333
10d99a7e-3d41-462b-a619-8c71429b83ce,90.83,78.97,67.01,65.21,3.57,29.7,66.39,0.706,4,70.97,1,2,3,72.99000000000001,0.22207999999999997,-4.304000000000002
67789d11-5b0a-4d8f-8db1-85a633d8d161,99.9,81.92,75.43,90.04,3.86,24.7,68.15,0.453,3,81.54,1,3,3,78.67500000000001,0.09425499999999992,19.686000000000007
c81bab66-5e8a-4737-ae54-4e647a59d19e,84.7,77.78,76.48,79.59,3.17,26.5,96.03,0.927,7,77.74,1,2,3,77.13,0.19104,11.696666666666673
d38de129-923f-4b8b-9f60-4c39637d0fc6,72.56,80.4,87.47,76.15,3.35,24.9,91.24,0.875,8,74.86,1,0,3,83.935,0.22950499999999996,15.995000000000005
d2cc724b-4662-4591-86cb-926e53a6e4c3,94.57,67.1,66.9,66.43,2.87,21.1,93.84,0.5589999999999999,1,70.96,1,3,2,67.0,0.22143000000000002,-0.5079999999999956
a7bebd31-ad7d-45b0-8c98-6f6819ceee54,76.56,73.78,57.03,66.03,3.16,17.1,82.74,0.126,8,68.57,1,1,3,65.405,0.29945499999999997,4.372
fcc4e0eb-7fc3-4118-a3ee-f2450a3a941c,69.29,68.01,64.04,76.43,3.59,23.1,81.46,0.1669999999999999,7,70.85,1,0,3,66.025,0.29547499999999993,10.307500000000005
d74f46fa-a6c3-494d-a86a-ff8e65f79281,69.52,52.17,51.01,53.51,2.7,18.3,79.34,0.224,5,59.0,0,0,2,51.59,0.40662,-6.800000000000004
b832d94a-51d5-4ae6-b09b-83d8f1744851,72.58,66.79,69.69,56.74,3.76,21.9,67.03,0.413,3,66.29,1,0,3,68.24000000000001,0.33474,-10.244285714285716
25657032-f71f-46e8-9571-bbb7e0e93ca1,75.54,47.41,59.58,56.6,3.12,21.5,72.04,0.4049999999999999,6,58.16,0,1,3,53.495,0.36755499999999997,-6.883333333333333
39d7803e-12a8-4327-bae0-cb39ee1a0bde,78.42,57.67,47.93,52.54,2.0,17.1,74.89,0.58,2,57.17,0,1,0,52.8,0.3703,-6.397500000000001
2b462c52-ddd2-4720-bc4f-2acdda871fdc,72.5,48.75,59.21,64.71,3.46,20.7,86.58,0.5940000000000001,4,63.45,1,0,3,53.980000000000004,0.35393,0.8812499999999943
cdeed93b-a3ca-45a8-bda9-9999adf498e6,72.07,56.78,62.56,53.03,3.09,27.1,85.96,0.366,1,69.25,1,0,3,59.67,0.37362,-9.440000000000005
1b0de1cc-745d-47cc-8a43-f60b839db1d4,77.54,69.77,66.18,55.56,2.49,17.3,62.47,0.331,7,64.76,1,1,1,67.975,0.319235,-2.5179999999999936
cb4b11bb-9e64-44a6-aa15-df3a762d3ebe,98.59,57.47,64.3,60.1,2.6,17.1,79.42,0.3359999999999999,3,63.59,1,3,2,60.885,0.24268499999999996,-0.7639999999999958
1cdae5a7-778a-43eb-979d-31c6d1b289a0,88.3,61.18,58.0,65.0,3.1,22.4,99.62,0.6849999999999999,4,65.78,1,2,3,59.59,0.27303,1.176000000000002
0962da7e-ea0b-4e8a-b684-1bd76c0277e6,76.27,47.84,47.78,46.09,2.38,21.6,77.62,0.472,3,55.91,0,1,1,47.81,0.41322000000000003,-9.71
2f19846b-a648-42ab-8cb0-9ea0ba72fcfe,91.38,66.92,64.18,53.62,3.09,20.9,80.71,0.4389999999999999,7,68.31,1,3,3,65.55000000000001,0.27696999999999994,-13.020000000000003
0537eff7-4f67-4e16-8038-d05650a74d58,89.62,77.75,78.11,64.2,4.0,27.6,73.02,0.103,6,78.59,1,2,3,77.93,0.21512999999999993,9.765714285714296
c4f4cd0a-9802-4ef3-8876-d5fdaf80036d,65.83,63.54,77.18,73.4,3.77,29.7,93.39,0.929,1,66.71,1,0,3,70.36,0.3054,9.315875000000005
45a7b77f-605d-4001-abfb-c69ef8dc74d4,94.27,55.3,62.2,40.93,2.14,13.2,78.19,0.858,5,57.2,0,3,1,58.75,0.32388000000000006,-8.127499999999998
b06cf627-c0ad-48e4-ab95-886a4e0a003c,77.22,71.88,74.63,79.44,3.13,32.6,73.02,0.177,7,79.22,1,1,3,73.255,0.233035,21.752678571428575
bf362287-c63d-41ea-9e8d-6b8fd565ce1a,79.57,61.52,54.3,55.38,2.77,23.8,75.9,0.783,5,63.04,1,1,2,57.91,0.34185000000000004,-5.469999999999992
af22a590-de3c-42b0-9276-c4860a89cb06,69.98,65.25,65.62,63.89,3.38,26.4,84.61,0.1669999999999999,8,69.37,1,0,3,65.435,0.332105,-2.2325000000000017
4e5d73d2-269e-41f0-b0f3-bb36c02a5fe2,99.52,92.8925,88.99,74.02,3.32,28.7,91.32,0.7969999999999999,1,81.13,1,3,3,90.94125,0.10703625000000003,11.451818181818176
56d61475-444a-4bde-9f4a-77e96209f2f4,88.99,75.38,70.81,76.18,3.38,24.7,85.34,0.959,8,70.38,1,2,3,73.095,0.196215,11.072857142857146
e599efbe-2ce4-4c07-ab26-0aaecc0f1396,89.78,76.22,64.94,71.17,2.93,18.2,81.0,0.901,2,72.29,1,2,2,70.58,0.21563000000000002,4.7875000000000085
4e96d082-3f8b-4770-a869-e6319cff49ce,70.45,62.51,65.38,60.79,3.16,19.8,81.21,0.673,7,58.27,0,0,3,63.94499999999999,0.34399500000000005,-2.421666666666667
837de0b6-c62d-48fc-9159-471b201f42b9,74.01,55.72,65.68,60.13,3.51,25.3,73.95,0.949,3,62.66,1,0,3,60.7,0.34147,-8.035000000000004
13448a7c-5515-4ab5-9a1d-ebf5b8ff419b,66.33,62.74,63.94,68.91,3.13,28.7,81.17,0.931,5,64.8,1,0,3,63.34,0.33793,6.743333333333332
ed4a6639-f00a-4d78-9dc3-8aa23cd896c6,78.36,53.67,62.9,62.23,2.75,25.4,81.39,0.8560000000000001,2,62.35,1,1,2,58.285,0.325015,-4.5944444444444414
1517b49b-07ee-42c5-b736-39a1ecc766c5,77.56,63.84,64.53,53.4,2.92,21.1,59.52,0.989,2,56.08,0,1,2,64.185,0.337005,-1.9866666666666646
5fa703c0-74df-4c2a-9ffe-4d3e9744b393,71.66,68.26,74.04,77.54,3.61,30.3,82.9,0.623,6,73.54,1,0,3,71.15,0.26728999999999997,4.484305555555565
30278fd1-00c8-4459-b07b-78455f8de5d7,67.55,67.39,54.43,48.98,2.42,18.6,85.47,0.5349999999999999,6,56.37,0,0,1,60.91,0.40013000000000004,-8.5
82107b6f-7b44-4ab2-b06b-6c76aab3fc32,88.68,64.49,68.05,62.18,2.82,26.7,80.07,0.807,5,60.67,1,2,2,66.27,0.25993,1.091000000000001
add28236-7219-465d-ba47-2a8cc491d12b,79.35,58.87,44.55,52.89,2.4,22.7,74.6,0.292,4,57.37,0,1,1,51.709999999999994,0.36880000000000007,-13.689999999999998
d4bbe7b1-cdbf-405b-95ae-20aed82315a8,76.55,61.02,68.36,69.25,3.72,29.3,81.13,0.266,2,70.16,1,1,3,64.69,0.29198,-1.5220000000000056
5720f059-a449-40f6-ad00-597de6d604df,89.63,56.2,63.67,64.82,3.59,18.0,83.41,0.239,2,67.87,1,2,3,59.935,0.26721500000000004,-12.181607142857146
e0065611-2aab-4d65-bb88-227e7ac21fc8,93.3,59.86,67.54,63.67,2.8,16.2,87.74,0.778,4,67.13,1,3,2,63.7,0.24469000000000002,1.7680000000000007
e18ffd41-6cb9-43db-8725-0429e944b1b8,90.71,66.45,63.6,62.53,2.74,22.5,64.89,0.753,4,72.17,1,2,2,65.025,0.254495,2.142000000000003
a053f7f6-5cca-418a-85f3-5b884ea27b7e,98.38,80.69,74.66,72.19,2.79,27.1,82.18,0.24,6,79.41,1,3,2,77.675,0.15688500000000002,2.8799999999999955
4a5741c2-e055-4ae4-b6be-f4784a9de400,75.06,63.55,67.15,65.21,2.63,17.1,63.02,0.237,8,63.41,1,1,2,65.35,0.30808,-0.46555555555556793
aceca497-4d90-4611-9a39-9b8a1ec63ce2,67.26,66.58,69.62,61.55,2.67,23.8,76.55,0.567,2,66.04,1,0,2,68.1,0.34201,-1.1325000000000003
fd471c20-dca6-40e0-b06f-711c7f6ebc4e,96.13,76.9,70.65,74.02,4.0,28.9,90.94,0.82,7,81.43,1,3,3,73.775,0.172095,7.167999999999992
7e257644-36e8-4ed6-bb0e-fe1e4896b94b,67.31,53.24,45.92,41.9,2.86,16.2,87.66,0.486,5,49.09,0,0,2,49.58,0.45632,-15.382000000000005
645ce9fd-e5ec-4db3-ac48-7bf5aa3bf3ab,69.36,75.37,76.39,84.16,3.7,31.4,83.96,0.18,8,80.14,1,0,3,75.88,0.24244,18.47
2eb8a375-bcb2-41d2-9435-b552f8190fd5,80.99,53.3,47.02,52.04,2.67,24.5,92.92,0.807,1,57.28,0,1,2,50.16,0.36944000000000005,-9.049
1287e5a5-2fd3-4432-b4f9-95d6af1d4b88,76.36,64.82,53.54,62.12,2.65,19.0,66.67,0.216,5,64.21,1,1,2,59.17999999999999,0.33066,-1.423333333333332
eb1b660f-592e-46aa-bcb7-e83608429789,91.51,68.73,61.89,59.05,3.34,17.5,68.93,0.358,6,63.88,1,3,3,65.31,0.26088,1.848333333333322
37f97a03-7196-4218-9688-2bca8134cf56,91.35,60.63,56.53,58.51,2.28,25.1,68.83,0.762,2,63.53,1,3,1,58.58,0.2833300000000001,-2.3049999999999997
4a3f2520-1e6b-4cdc-8ae4-6cf86effe731,72.41,52.34,56.38,59.78,2.51,17.0,84.23,0.446,4,57.16,0,0,2,54.36,0.36794,-9.950000000000003
3f116ca8-ea99-47d3-bb0d-6c22e3fc2466,92.79,67.91,65.22,65.93,3.17,23.2,87.57,0.465,8,69.17,1,3,3,66.565,0.23135499999999992,1.201428571428579
50793f29-22f8-48be-9423-ca133a6902c4,92.56,73.06,75.0,69.33,3.19,26.4,80.29,0.638,1,72.52,1,3,3,74.03,0.19968,5.406666666666673
bd6b39b2-6f9b-49b5-aab0-34e11856c1d9,82.7,60.59,59.35,59.43,3.36,21.9,84.11,0.544,1,65.13,1,1,3,59.97,0.311,4.472857142857144
5caa595b-4c44-405e-8b5f-e81d9352fc62,99.31,66.91,73.1,63.0,2.96,25.9,77.98,0.579,4,67.29,1,3,2,70.005,0.203745,-4.928571428571431
a7f4d9bc-e39a-4c81-a4fc-d8da8d54f327,79.77,75.63,65.73,67.24,3.38,19.6,85.77,0.324,1,68.2,1,1,3,70.68,0.26716,4.689999999999991
fbec7f90-2cd6-4e19-bc7a-3dbae7108913,90.8,67.07,71.19,75.41,3.34,30.0,72.93,0.529,8,71.33,1,2,3,69.13,0.20318000000000006,9.096000000000004
27f16e29-e7c2-4784-9389-a3b95bff014f,78.04,65.91,58.55,47.1,2.03,22.9,78.33,0.6950000000000001,8,58.08,0,1,1,62.23,0.35985,-14.958888888888886
afa05e99-efbe-4998-9cec-e18b7e6ff9b0,69.26,71.9,66.57,64.61,3.04,23.3,85.87,0.476,6,71.44,1,0,3,69.235,0.32142499999999996,1.3540000000000063
d279813f-1741-40f0-a852-7e5563617adf,74.28,53.95,61.78,57.47,2.65,22.3,73.73,0.8550000000000001,8,58.29,0,0,2,57.865,0.356875,-0.6599999999999966
81559591-b8db-480a-91bc-fabb9ae80d40,71.0,55.38,49.2,55.09,2.7,18.3,82.14,0.26,6,51.52,0,0,2,52.290000000000006,0.39385999999999993,-5.3899999999999935
18da6929-3518-4ebf-b920-45adbe90e71c,71.03,76.59,75.5,63.22,3.28,22.0,78.94,0.787,5,71.24,1,0,3,76.045,0.29808500000000004,-7.1014285714285705
607a8400-21d6-4f26-9b6d-93c4ef9c64e7,78.02,59.32,59.08,68.45,2.66,25.0,83.41,0.8019999999999999,8,66.58,1,1,2,59.2,0.30497,-5.87166666666667
dd2d447f-29f7-4220-b9f7-9b750f728d89,87.17,72.15,72.83,70.01,2.82,31.1,77.51,0.8009999999999999,7,74.02,1,2,2,72.49000000000001,0.22381999999999994,-5.739999999999995
db102c5b-5759-427b-a3c2-906ea767885f,71.12,71.34,65.72,51.81,3.14,26.7,84.89,0.951,4,64.29,1,0,3,68.53,0.3545,-13.850000000000009
d1fe2ff6-e093-4109-9db8-7cf9d6c42e43,95.64,64.42,65.04,48.05,2.08,24.2,72.02,0.149,6,68.25,1,3,1,64.73,0.27909999999999996,-16.376666666666665
83c9ab03-c329-4d45-8f28-8959ac35f63a,79.46,68.05,65.11,78.84,3.06,17.6,72.19,0.595,1,61.47,1,1,3,66.58,0.24590000000000004,2.799999999999997
71e6709c-a22f-4204-845d-5875310787d8,70.38,60.04,71.16,62.46,2.96,17.1,80.5,0.988,3,64.38,1,0,2,65.6,0.33430000000000004,-1.5799999999999912
f9e63cbf-0fce-477b-8ddf-dd518cbff165,70.46,53.19,47.57,56.85,3.02,21.2,86.52,0.123,3,55.21,0,0,3,50.379999999999995,0.39647000000000004,-9.565000000000005
3997a498-e968-49f5-8135-f7fbe6195f6e,73.29,58.06,55.3,55.32,2.81,24.6,73.39,0.631,1,59.17,0,0,2,56.68,0.37084000000000006,-6.124166666666667
66ef45f3-497c-4ec9-86ce-be6e9c1f6c8e,86.75,73.82,68.29,58.97,3.15,29.8,77.46,0.162,3,76.65,1,2,3,71.055,0.26292499999999996,-13.712500000000006
b47f5c5e-3eef-473b-a2d7-f43e0ac71d22,76.75,52.12,56.88,62.9,2.74,16.1,74.36,0.154,2,55.25,0,1,2,54.5,0.34080000000000005,0.03499999999999659
507e90da-1f65-422f-a518-aeff4b9bc6a9,96.24,65.3,60.16,55.45,3.32,20.8,76.51,0.913,7,59.87,0,3,3,62.73,0.2605,-6.009999999999998
25b16c86-5053-4ca3-8ea0-4f4ad6878b17,97.52,52.6,69.16,70.14,3.07,22.3,82.37,0.8019999999999999,7,70.44,1,3,3,60.879999999999995,0.21686,-4.181666666666672
62cd7560-6762-4537-ae6f-e7cefd97abc1,70.58,50.22,58.1,57.43,2.31,18.3,72.81,0.8029999999999999,6,59.86,0,0,1,54.16,0.38291000000000003,-10.152000000000008
bcb188b7-b16b-43e5-b51e-cb320962b042,85.99,71.22,81.52,78.07,3.24,31.2,75.61,0.49,6,79.87,1,2,3,76.37,0.19272000000000003,18.218571428571416
6ff0bbc3-4a02-4f67-9c78-fe8c6b53e273,94.96,70.79,78.43,70.3,2.66,27.2,75.24,0.196,3,70.15,1,3,2,74.61000000000001,0.18542999999999998,3.232857142857142
5f43001f-1e9b-400c-acd3-608110c3e60d,78.61,72.42,58.73,61.39,2.96,28.6,91.58,0.8220000000000001,7,64.42,1,1,2,65.575,0.30466499999999996,-4.311999999999998
57afff37-e534-4ac4-bc7f-d4f64ff31fb1,67.28,59.83,55.92,46.44,2.41,24.5,86.31,0.106,2,60.35,1,0,1,57.875,0.417935,-11.88111111111111
30fd5f7e-3c3c-4a78-97ed-901cfe246d5c,90.43,78.63,80.81,84.99,2.71,29.6,65.84,0.454,1,78.19,1,2,2,79.72,0.14415,21.410909090909087
9c52a720-c806-4b61-97d7-44cfb65986bc,94.22,56.72,49.62,62.06,2.35,16.2,90.81,0.8859999999999999,8,62.94,1,3,1,53.17,0.27743,3.9783928571428575
58e40e90-1ca4-4631-b263-d94ace485de5,99.16,73.86,64.22,68.51,3.51,22.1,77.57,0.702,4,69.72,1,3,3,69.03999999999999,0.19071000000000002,3.4150000000000063
7680aa9e-3952-4fc2-9cb6-ba682df32f5d,70.17,44.0,47.18,44.37,2.23,11.6,81.95,0.37,6,49.39,0,0,1,45.59,0.44943999999999995,-13.354250000000008
3eb9480a-148c-4747-83e1-8bd5b8584d8c,90.36,62.72,64.82,70.25,2.85,28.8,84.46,0.323,5,74.78,1,2,2,63.769999999999996,0.2365,7.567142857142862
2a1835cf-0a11-4363-bf1e-1138a28b0adf,72.89,65.04,68.74,60.34,3.29,25.9,79.43,0.375,2,68.35,1,0,3,66.89,0.32675,-5.144999999999996
20cd05a5-669a-4f51-b02e-3777101c5059,69.67,74.42,72.97,69.43,2.85,24.5,67.59,0.187,3,69.44,1,0,2,73.695,0.29194499999999995,3.8637500000000102
c2bc9c63-9d9a-4a79-9f1e-a0dd3a02fc56,94.06,62.67,57.73,75.74,3.16,25.8,71.41,0.687,4,67.59,1,3,3,60.2,0.21594000000000002,4.813749999999999
06fe5a78-de76-4376-b233-223f0a64d0a7,79.62,52.77,66.77,60.35,2.54,25.3,77.27,0.418,2,63.13,1,1,2,59.769999999999996,0.32116,-3.8939999999999984
4d90ac7f-029b-43e1-b680-89e5d870e45b,85.75,81.05,84.88,85.6,3.4,25.0,72.18,0.1709999999999999,2,78.15,1,2,3,82.965,0.15130500000000002,15.179999999999993
f52f8f5b-d66a-4167-9312-fc08d69a351a,86.02,57.5,64.95,79.22,3.41,20.4,86.77,0.157,7,71.74,1,2,3,61.225,0.23458500000000002,12.182999999999993
3a9df64e-dec1-4056-ae91-621d360d3c5c,94.5,54.92,67.56,58.97,2.64,19.7,100.0,0.393,8,67.47,1,3,2,61.24,0.26137,-1.9557142857142864
9425aead-0c41-4c93-8294-0c702f55155a,73.76,60.11,60.98,70.07,3.06,26.9,83.67,0.63,2,61.7,1,0,3,60.545,0.313115,2.387777777777771
55a5ba2c-5dbe-4482-8cfc-de5dce43d0ab,78.93,80.25,63.84,70.98,2.84,20.8,81.48,0.633,4,75.94,1,1,2,72.045,0.2552049999999999,13.145000000000003
683779df-afd4-48f6-a214-dc59122f9704,79.46,50.19,52.27,60.36,2.69,19.6,66.23,0.8380000000000001,1,55.17,0,1,2,51.230000000000004,0.34739000000000003,-1.4833333333333343
834df427-d2f4-4004-a723-0ccc847296f7,74.68,71.33,69.44,72.35,3.0,22.1,76.07,0.884,5,65.96,1,0,2,70.38499999999999,0.27307500000000007,-5.013333333333335
b1a4a412-4607-4f4c-8a25-c7086faa2268,94.26,52.71,53.55,60.86,2.38,25.1,82.41,0.5349999999999999,4,63.05,1,3,1,53.129999999999995,0.28098999999999996,3.3800000000000026
5aab9205-9ef9-4e58-8ab3-89296e8ce993,79.64,64.79,58.63,53.48,2.91,14.6,77.7,0.103,6,57.82,0,1,2,61.71000000000001,0.33586999999999995,-0.9542857142857102
bc40fc71-be77-49d3-b109-98613b4e4565,75.37,76.42,68.13,75.31,3.31,19.2,71.09,0.967,2,64.53,1,1,3,72.275,0.25576499999999996,10.829230769230776
fb6f1e07-709f-4960-a735-7b489ba7b34a,66.75,51.62,55.19,48.42,2.38,25.1,72.65,0.517,3,57.12,0,0,1,53.405,0.427525,-14.866666666666667
d1c57971-a2ab-4569-a5d3-2b771cef80f2,65.18,49.58,59.55,56.14,3.14,16.8,72.21,0.514,5,56.59,0,0,3,54.565,0.40716499999999994,-5.539999999999999
3bbe5247-c4e4-45d2-a66c-ea659d5a021a,92.11,59.04,57.35,52.41,2.66,26.5,86.86,0.3279999999999999,4,67.73,1,3,2,58.195,0.299745,-7.6640000000000015
9b6236bb-d0bb-44f5-af40-51d03aafdaad,73.07,55.28,69.6,69.67,3.17,24.7,82.52,0.339,2,69.49,1,0,3,62.44,0.31139000000000006,10.388333333333335
2986b4c7-1d28-4e93-853e-e642a062d276,71.52,78.2,93.09125,70.81,3.43,24.2,77.73,0.613,5,81.88,1,0,3,85.645625,0.24455312500000004,9.350000000000001
8a836324-7b75-4278-9e56-c9805935ef32,84.19,63.64,75.66,70.49,2.59,19.2,59.59,0.768,8,70.71,1,2,2,69.65,0.24282000000000004,4.507999999999996
45960785-3d3a-4550-96fc-4e02f5376383,95.02,54.34,43.47,43.5,2.33,18.4,80.12,0.749,3,53.35,0,3,1,48.905,0.342705,-4.814999999999998
d2d4a82e-528e-464c-8174-d3ee737013e0,88.85,55.41,58.66,53.33,2.86,25.9,81.83,0.175,1,60.95,1,2,2,57.035,0.31350500000000003,-9.737499999999997
258d0519-45d8-4e92-8ca8-07482cef26fc,90.15,76.62,70.08,68.25,3.0,28.3,91.32,0.5269999999999999,8,77.57,1,2,2,73.35,0.2146,0.9350000000000023
7bfbdf79-c427-4810-8d98-9be8997b951a,72.64,77.9,59.24,67.83,3.3,18.7,91.72,0.505,1,67.65,1,0,3,68.57000000000001,0.30023999999999995,7.272000000000006
09cc0d92-2e3b-4bb8-9301-db0711ec445e,89.09,69.77,71.6,72.78,3.15,27.0,74.84,0.123,6,75.79,1,2,3,70.685,0.21324499999999996,6.364999999999995
c29dbf60-34e1-4150-b61c-c14c87695fc0,93.38,71.17,69.78,59.21,3.4,22.7,82.76,0.8300000000000001,6,70.31,1,3,3,70.475,0.23742500000000002,1.4349999999999952
03308a22-5a58-4303-b0d2-48ac6844c6d2,70.98,51.93,51.44,45.27,2.99,20.1,74.51,0.6990000000000001,2,52.79,0,0,2,51.685,0.42521499999999995,-14.372499999999995
2769bedc-6635-4e2f-9c0c-1255a06253bf,80.69,49.77,45.53,49.76,2.72,25.7,78.22,0.619,8,60.92,1,1,2,47.650000000000006,0.38500999999999996,-15.216666666666676
9481951d-b8d6-4559-8c4e-ff34554ce431,76.9,62.65,69.97,61.51,2.33,25.0,76.07,0.94,6,67.82,1,1,1,66.31,0.30894,-3.6499999999999986
c2a7697b-9c79-4bb9-adf1-7277eb74bce9,76.21,57.8,52.22,66.09,2.2,18.6,74.75,0.876,1,61.9,1,1,1,55.01,0.33186000000000004,10.96
e25ea983-4b5d-46ee-b488-8746fb3a3232,78.56,74.22,65.63,55.65,3.35,28.8,78.97,0.938,4,65.67,1,1,3,69.925,0.309035,-3.3049999999999997
20747e5c-9bfc-421a-af11-5c17bf73a802,75.07,61.56,61.73,54.23,2.95,23.0,81.36,0.242,3,62.08,1,1,2,61.644999999999996,0.35209500000000005,-4.240000000000002
a1311eee-7871-4c18-a4a2-68b676324569,68.04,50.86,50.92,61.83,2.25,15.4,69.81,0.4009999999999999,3,63.43,1,0,1,50.89,0.38967999999999997,-7.825000000000003
e059fc11-3f32-42a8-be84-4703b9c6282c,75.79,53.02,43.24,36.38,2.0,15.0,76.19,0.661,5,50.85,0,1,0,48.13,0.44331,-18.604999999999997
c22f372c-d4fe-4456-a4bd-d6e78fcab252,86.47,71.82,80.34,80.38,2.87,24.6,86.94,0.575,6,78.32,1,2,2,76.08,0.18474000000000004,12.982
58723301-314a-4e03-b0f3-a397bc290ba1,81.48,68.88,73.06,82.53,2.78,18.4,88.74,0.348,1,73.72,1,1,2,70.97,0.21357999999999996,6.0319999999999965
c7db6374-815b-4498-bf04-c3eb0996b845,72.63,70.95,71.23,78.11,2.84,17.3,85.24,0.309,1,69.75,1,0,2,71.09,0.26188,9.135999999999996
b70e0529-d376-448f-9737-41c46827096c,95.2,79.89,81.53,83.57,3.4,21.9,75.91,0.5589999999999999,5,78.2,1,3,3,80.71000000000001,0.12636,16.63199999999999
10a53ad4-4cb6-44cf-ba8f-7f3f382ee6d4,69.27,55.18,53.73,60.04,2.86,22.1,80.03,0.319,1,63.71,1,0,2,54.455,0.379435,-5.072857142857153
1e1fd898-0165-4b76-9c63-05c2a8abc9da,95.03,56.38,56.49,66.0,3.01,23.5,76.83,0.19,2,67.69,1,3,3,56.435,0.252575,2.6400000000000006
096551ff-48ca-40be-86b2-ee871d94e9f3,92.59,83.16,80.55,87.79,3.38,26.5,72.84,0.65,4,81.12,1,3,3,81.85499999999999,0.120705,24.871250000000003
1b083733-ed93-4d38-8068-816031cb47d8,97.01,59.16,58.96,66.45,3.1,19.6,77.92,0.6719999999999999,1,61.69,1,3,3,59.06,0.23542999999999994,3.5516666666666694
b7184585-26f0-4163-8850-e7ca6caec779,82.12,61.9,54.91,57.82,3.57,22.7,79.44,0.48,5,63.13,1,1,3,58.405,0.32284499999999994,-4.982499999999995
51259dca-ee80-4ec7-bc93-c8f6a757b788,89.78,79.32,75.97,74.34,3.59,27.7,73.93,0.938,1,71.19,1,2,3,77.645,0.184925,15.385000000000005
70915373-9571-4d1e-8d3f-a94fc166ffb7,92.91,53.94,50.36,50.91,3.0,19.2,84.73,0.644,4,60.39,1,3,2,52.15,0.31918,-13.583333333333329
0994ab89-74cb-45f0-84a5-0f84406e5304,85.47,49.47,51.04,47.5,2.88,14.2,83.23,0.106,8,54.5,0,2,2,50.254999999999995,0.36485500000000004,-10.821111111111108
810f6d68-8d55-46e3-9d74-a5b45b43d125,69.82,85.23,76.49,85.6,3.31,27.7,82.56,0.149,7,76.24,1,0,3,80.86,0.22134000000000004,21.173333333333332
d226ae17-9a4e-4ba7-9230-edce3f9a652c,70.06,46.75,53.06,50.81,2.23,20.4,76.45,0.508,6,56.16,0,0,1,49.905,0.41761499999999996,-7.375
0447dd2c-dc1c-44b6-a4bc-65a39c639bcf,67.0,80.1,72.38,93.63,3.56,32.9,87.44,0.2339999999999999,5,85.63,1,0,3,76.24,0.22239000000000003,26.42125
a322f489-4449-4858-a571-776ee551aa70,70.98,65.4,67.64,65.11,3.09,20.6,94.58,0.927,8,65.79,1,0,3,66.52000000000001,0.3211899999999999,-2.7833333333333314
e60d0941-7165-4804-98a1-cce39f3f6226,72.72,74.85,75.14,72.51,3.34,19.8,76.08,0.761,3,68.76,1,0,3,74.995,0.266605,2.57714285714286
b1affb2d-c215-4cdf-9443-84e012aa3573,81.05,71.46,76.89,76.22,3.61,22.7,80.42,0.8779999999999999,4,75.51,1,1,3,74.175,0.224615,15.485714285714288
ea53e0b9-1230-4eb1-aec3-4e7fc888af74,94.45,38.93,45.69,44.33,2.05,15.4,76.92,0.347,3,53.07,0,3,1,42.31,0.36227999999999994,-11.273125
42b5bf88-1b04-4d41-9816-5645cd148953,90.89,68.67,63.14,59.46,2.33,20.9,81.85,0.567,8,71.57,1,2,1,65.905,0.260345,-3.2224999999999966
6d0339dd-84fd-4795-bfc3-d53938bcec4e,95.96,73.03,67.48,74.39,3.3,23.3,100.0,0.5429999999999999,5,80.78,1,3,3,70.255,0.18222500000000003,3.8500000000000085
1d375eda-9792-4b64-a386-496d7ae1882b,71.41,55.82,50.08,56.47,2.51,25.8,72.34,0.505,7,60.07,1,0,2,52.95,0.3861,-4.087999999999994
92d6070c-73c4-44bc-a03c-a6c87f01f465,67.85,44.58,45.01,47.45,2.73,26.5,82.53,0.395,7,50.27,0,0,2,44.795,0.451865,-22.16285714285715
75409ef1-8521-4223-88db-bcc36f816e47,98.52,75.93,67.48,63.05,2.55,21.0,94.34,0.998,2,73.24,1,3,2,71.70500000000001,0.20165500000000003,-1.2733333333333405
364ee8d8-7722-4d37-81e2-ee8419bd463c,69.83,74.21,79.41,71.88,2.95,24.2,86.16,0.39,5,69.08,1,0,2,76.81,0.27460999999999997,9.625999999999998
f8a88c13-0063-4ed1-8ce8-735faed8e5d0,78.58,67.17,58.63,61.48,3.06,19.3,81.23,0.454,1,63.39,1,1,3,62.900000000000006,0.31254000000000004,-2.0990909090909113
36a758a7-9a52-4368-a6df-acc5f3d91c8d,81.59,63.0,56.59,62.81,3.26,25.1,73.27,0.634,6,60.64,1,1,3,59.795,0.30582499999999996,-1.5983333333333292
2ec3d4dc-8582-43e0-a176-5f857c103b4d,92.22,49.66,52.46,57.27,2.61,21.1,73.78,0.516,2,54.51,0,3,2,51.06,0.30613,-16.525
67280586-2a7a-4536-be26-4b297c44cb70,93.42,67.47,52.13,58.21,2.64,25.0,97.0,0.383,1,67.02,1,3,2,59.8,0.27229,1.3966666666666683
816c905c-dedd-4697-b5a2-2bceead8c6ba,68.74,54.78,52.0,57.45,2.55,16.6,84.86,0.995,7,56.05,0,0,2,53.39,0.39252000000000004,-9.31923076923077
65b7988a-1a1d-4566-9c8d-a5771b9e5f60,69.56,77.13,79.45,81.1,3.47,27.6,73.61,0.352,5,77.85,1,0,3,78.28999999999999,0.24359000000000006,14.507999999999996
70ea28d6-e9f1-4ffc-900a-9da9960ba18e,87.52,63.62,56.79,59.88,2.76,22.8,83.67,0.35,2,58.66,0,2,2,60.205,0.28966500000000006,-3.332499999999996
f3cedcbf-abfb-4e70-8fb2-0dffa9824933,70.02,54.84,55.42,59.77,2.78,19.9,79.1,0.78,6,58.51,0,0,2,55.13,0.37522000000000005,-3.4466666666666654
09f0bbe8-43a5-45f2-93db-c7dae293de18,85.34,72.59,66.02,68.11,3.28,27.0,73.78,0.979,4,67.22,1,2,3,69.305,0.24639499999999998,-2.1799999999999926
2e49fb8c-5e81-4c31-b2b0-4c2b2d84eca8,91.97,69.26,67.1,60.51,2.76,24.3,68.18,0.27,4,63.37,1,3,2,68.18,0.24604999999999996,4.217499999999994
4a62860e-060a-4a98-95bf-bca15fbfbca7,74.96,72.36,65.66,62.2,2.61,17.3,82.9,0.442,6,68.53,1,0,2,69.00999999999999,0.3065300000000001,1.1314285714285717
51a105ca-bef4-4977-a880-74ef1f664920,98.49,64.46,65.85,68.9,2.59,27.7,77.43,0.853,3,66.75,1,3,2,65.155,0.20387500000000003,1.4557142857142935
956d58ff-3269-409f-923a-26b7fa99e1f2,72.44,61.29,63.48,67.06,3.23,21.9,90.91,0.985,5,65.51,1,0,3,62.385,0.321905,5.545714285714283
750a1356-4f35-4d57-90bb-fe25ffeae5c5,95.01,73.81,69.28,68.73,2.77,29.4,83.7,0.217,5,74.66,1,3,2,71.545,0.19913499999999995,10.791428571428575
9d998a81-014d-4262-a82e-06ae16de7525,99.91,72.8,76.32,74.46,3.45,25.6,85.73,0.754,2,75.98,1,3,3,74.56,0.15330000000000002,10.231428571428566
e17a35d5-ce7b-4808-b57d-5da680dc8dad,80.26,60.77,49.28,38.01,2.78,16.9,82.0,0.215,4,57.95,0,1,2,55.025000000000006,0.399855,-21.962857142857146
1cf81367-7dc3-446f-b04e-4c2fc0310ad8,87.85,54.61,57.13,55.21,2.63,17.6,81.32,0.174,7,61.33,1,2,2,55.870000000000005,0.31536000000000003,-1.81666666666667
66eedb68-4648-4cf0-959d-99721b9302b6,95.48,72.54,71.43,62.15,3.48,19.9,83.9,0.892,5,63.92,1,3,3,71.98500000000001,0.21567499999999995,0.23000000000000398
9ee5f945-85ac-468d-b0a0-f89b36b280d6,70.16,80.37,79.94,77.46,4.0,27.9,86.74,0.883,4,76.33,1,0,3,80.155,0.246515,11.7590909090909
444706a7-d813-40e9-85b8-e3a870ffb5a2,78.38,67.51,57.68,62.98,2.76,27.1,73.05,0.241,4,60.62,1,1,2,62.595,0.30975500000000006,10.442500000000003
e498018b-6c40-4198-9d63-859abba0a2df,65.23,72.6,73.1,75.25,2.96,24.2,98.43,0.483,7,71.93,1,0,2,72.85,0.29478000000000004,12.387500000000003
3e78e6f4-2649-49a3-a49c-9b5920582cbe,97.11,78.41,67.65,61.74,3.2,18.8,78.35,0.72,4,67.74,1,3,3,73.03,0.20725000000000002,-3.145000000000003
8bad9183-9fa9-4d42-92c5-dc80ff465cd8,92.53,60.05,58.09,56.63,3.09,16.6,91.26,0.752,7,63.46,1,3,3,59.07,0.28278,-4.898571428571422
741f635a-c3da-479e-8cbd-0a431a26747d,69.38,49.18,42.12,45.41,2.0,16.5,75.6,0.807,3,51.03,0,0,0,45.65,0.4493000000000001,-15.679000000000002
764eb651-3e96-4b5c-a856-c5045f500f54,80.02,56.93,65.11,71.48,2.78,20.2,67.54,0.592,7,62.58,1,1,2,61.019999999999996,0.28242000000000006,6.66125000000001
7469fdda-07a1-4b92-a0b3-a5fb18f77be4,84.48,70.11,73.73,71.73,3.17,27.8,85.34,0.6799999999999999,3,71.38,1,2,3,71.92,0.23112999999999995,7.006093750000005
19f30e85-1fc8-4a7f-9a1f-d897a966f264,89.34,59.18,52.84,47.33,2.46,25.4,58.80000000000002,0.196,7,61.98,1,2,1,56.010000000000005,0.3326199999999999,-19.737142857142857
567aab7a-757c-4c27-b7eb-0dd9046b14b9,99.46,74.23,77.51,68.85,3.37,22.4,81.66,0.761,2,70.82,1,3,3,75.87,0.168,-1.0828571428571507
4f277ae0-d232-45ed-af1c-5cbb57448ba7,99.66,65.84,70.77,65.57,2.96,18.8,71.95,0.819,1,68.63,1,3,2,68.305,0.19973500000000002,1.1263636363636351
8f5d4fa7-df57-4823-a773-62556ce84a7d,91.33,62.73,55.95,55.0,2.45,27.1,73.17,0.778,2,67.08,1,3,1,59.34,0.29166000000000003,-6.902000000000001
46ae38e8-eece-43b2-bfe7-70d8dfd0ddfc,93.39,92.8925,91.94,76.52,4.0,30.3,92.66,0.525,4,76.77,1,3,3,92.41624999999999,0.11963125000000005,19.525
f9846c4f-d6c8-4d55-93f9-03d39c2c34fe,67.23,86.58,82.32,83.39,3.61,29.5,80.41,0.994,1,74.95,1,0,3,84.44999999999999,0.22756000000000004,13.74111111111111
fbd12597-5584-4aeb-88f5-83ff7dbea313,91.54,64.56,58.97,60.1,2.81,18.6,76.89,0.5860000000000001,5,66.01,1,3,2,61.765,0.26824499999999996,-6.621000000000002
1199cf32-01e0-4514-ba2c-9ba0e36419a6,69.31,73.09,71.58,72.13,3.12,26.6,79.05,0.2339999999999999,4,72.03,1,0,3,72.33500000000001,0.289365,4.921250000000001
fa95a9d9-591a-464d-8382-f188d089397c,74.85,54.66,58.65,58.39,2.52,15.3,85.2,0.8160000000000001,4,59.78,0,0,2,56.655,0.35546500000000003,-2.336363636363636
b8bdc143-a66f-49d9-b953-6c439242ae7a,80.93,74.98,74.95,72.79,2.82,21.1,73.23,0.844,6,67.52,1,1,2,74.965,0.23301499999999997,14.604583333333338
535575f6-bebf-4ccd-8419-fc33603be6ea,66.44,62.49,63.51,63.55,2.31,20.8,85.25,0.484,2,61.56,1,0,1,63.0,0.35459,-5.976805555555558
e0307cd0-b06c-4855-9383-dfe2c013837a,78.84,58.21,65.35,62.8,3.34,19.9,73.07,0.325,7,62.75,1,1,3,61.78,0.3109,1.320972222222224
7445e88d-9243-4f58-a08f-125dd2bfb3a8,87.78,60.8,58.71,66.85,3.66,25.1,71.09,0.8949999999999999,7,63.26,1,2,3,59.754999999999995,0.269065,8.509999999999998
530b5f16-02bb-4dff-991b-fd7b9a83d9b1,75.66,42.86,49.34,52.53,2.15,23.7,73.47,0.829,5,52.21,0,1,1,46.1,0.40147,-12.298571428571435
dd110bc9-8f40-4873-847a-3b0af88fe41c,80.12,71.52,73.51,66.3,3.07,23.1,77.06,0.485,4,70.19,1,1,3,72.515,0.26307499999999995,1.5600000000000023
f31dc981-d8a4-42f2-9b9e-21e82c12f30d,90.2,60.61,59.18,62.17,2.77,22.5,78.95,0.183,5,66.11,1,2,2,59.894999999999996,0.273005,2.31666666666667
4e5f8eaf-8dc6-4e5a-afdd-9bc54f572820,68.4,87.0,83.97,85.3,3.93,26.2,79.86,0.246,1,77.53,1,0,3,85.485,0.21404499999999999,12.170000000000002
9037b372-6913-49e6-b1bc-80766e01a21a,98.58,71.12,76.55,64.13,2.98,21.3,75.59,0.805,3,69.7,1,3,2,73.83500000000001,0.19178499999999998,1.5499999999999972
d58a5420-78df-437f-aa16-8ab7e97f7e91,88.0,57.2,59.9,58.75,2.95,19.5,89.42,0.3259999999999999,4,60.09,1,2,2,58.55,0.2961,-7.86333333333333
c37fa69a-6239-46e9-87af-4e9c8cab125d,94.75,65.33,76.76,62.06,2.81,21.6,70.38,0.363,4,71.05,1,3,2,71.045,0.221685,-0.41499999999999915
071d9772-18bf-4964-ab3b-dd6e9ee1f926,83.39,61.93,61.85,66.54,2.62,15.9,70.89,0.799,6,63.18,1,2,2,61.89,0.28114999999999996,-1.5179999999999865
372910d1-54d3-40d7-81e6-94b13dd1542b,96.82,88.03,93.09125,84.04,4.0,30.8,71.27,0.683,3,80.64,1,3,3,90.560625,0.088918125,13.515000000000015
4de3f315-eda6-4f45-a735-5420dfac9f19,66.34,71.57,75.84,70.07,3.55,25.7,86.86,0.3279999999999999,8,69.35,1,0,3,73.705,0.303315,9.995999999999995
325e10eb-d378-4b6f-8d50-dff5b5928e79,75.17,61.98,60.76,68.34,2.14,23.3,83.57,0.8109999999999999,5,61.08,1,1,1,61.37,0.31018999999999997,-2.0944444444444343
b4f687dc-8ca1-41fa-b2ad-02ce9f085548,92.68,92.83,77.9,84.2,4.0,23.7,64.94,0.554,2,80.65,1,3,3,85.36500000000001,0.12058499999999993,15.497
67838583-dae4-4ee6-9ff9-383782db16c2,89.12,69.79,57.1,55.54,2.86,23.0,72.27,0.754,2,64.77,1,2,2,63.44500000000001,0.28656499999999996,-8.688571428571429
c5dcaa04-194a-4161-990a-61bc8358c68b,89.08,80.53,74.0,71.99,3.03,27.4,70.68,0.149,4,71.68,1,2,3,77.265,0.19591500000000003,7.563333333333333
f1e3919c-8d1e-432f-a4d6-31cd998a4564,99.86,53.05,58.15,41.12,2.34,17.9,81.45,0.103,4,59.93,0,3,1,55.599999999999994,0.31040000000000006,-13.31428571428571
25798979-1597-44b8-be63-e81243f33d0d,97.6,45.21,52.79,60.02,2.24,18.5,78.28,0.869,7,54.15,0,3,1,49.0,0.28253999999999996,-4.402222222222228
08079cc9-53b6-4302-8f8a-1a001b370e23,82.63,55.38,48.67,43.92,2.55,25.7,83.3,0.9,1,50.75,0,1,2,52.025000000000006,0.38164499999999996,-18.085
ab8f5105-41f6-4635-99d9-0e2df6b079da,84.21,60.17,58.35,52.29,2.81,15.1,63.31,0.327,2,55.93,0,2,2,59.260000000000005,0.32850999999999997,-10.45111111111111
72352df5-00cd-4789-abfa-6b52c0e6129e,77.37,64.73,55.86,53.02,2.91,17.8,84.41,0.197,2,61.44,1,1,2,60.295,0.35057499999999997,-14.32
226b3c38-6779-4c03-92e0-619084921408,76.39,49.86,59.95,51.89,3.18,26.9,76.73,0.177,8,60.3,1,1,3,54.905,0.374055,-5.797321428571422
2052d2b5-3d99-4d5f-923e-a26b6de2f18f,91.76,73.81,68.28,66.26,3.41,20.4,87.85,0.426,1,70.96,1,3,3,71.045,0.22104499999999994,5.532857142857154
